generator_confidence,generator_entropy
0.294518767285625,1.655797580507781
0.8750445188006476,0.5510650714779147
0.28852689457211184,1.639541912874903
0.5757917647993274,1.3235238556649362
0.3336753955841517,1.5793558998439219
0.25824336935225056,1.6419911688825597
0.383863442969903,1.5325279764963184
0.3449195050320948,1.6377517764771068
0.3954915425757461,1.3234832311716824
0.270118084473974,1.6857441326422669
0.4805868923194611,1.3817494713881815
0.29438667971499133,1.6389707210603979
0.599049902945762,1.1830685612070824
0.43675141796669353,1.513968251563832
0.6145436418487197,1.1173483207566064
0.59541607014208,1.2261367966786896
0.5042481825651857,0.9205212551976689
0.42531431289813965,1.5137190159836955
0.6060950128943666,1.0450027268644155
0.7111505915375362,0.9229835333473897
0.6775439449338796,1.117204980699915
0.5986717867958811,1.0598834633718137
0.7722459992676171,0.8538953230141791
0.7261396033748704,0.9759425176298694
0.4595208567422217,1.4435723963376068
0.4281794796366964,1.5418810993266703
0.2858404096691165,1.709646908057378
0.29051852929773453,1.6135494827590098
0.3988778970339867,1.5811591280728208
0.49979101259234787,1.4642996765431993
0.41192332048543445,1.5799523499695558
0.29692426380433884,1.6111746439973325
0.37803617710973214,1.3806507842734796
0.3497233116302478,1.597209745900217
0.45947694748549395,1.3848550580871857
0.6400449385764634,1.2057480810143386
0.6135284003153743,1.1485333802370354
0.2771209171225222,1.6012402668603127
0.24936295433731795,1.7217247222052978
0.48095172878755843,1.3742027790209592
0.5949305126154733,1.1207742495154676
0.7275877029836011,0.8819251463598629
0.2580189561580826,1.7057511897923643
0.3135086270028582,1.545642878943024
0.5233443739700762,1.3945292682591253
0.6229309229754681,1.2543512059459534
0.33271013567126384,1.5884328885615546
0.3733233708620258,1.6046697462430275
0.3622942333508465,1.5811152014769227
0.754337285883496,0.9327950877420272
0.5927838746555331,1.2122316091578251
0.43739357594439743,1.3946452672743643
0.40689406362676894,1.4873188387974836
0.40106027764272106,1.5840693306223672
0.3502752137396969,1.442567884047667
0.3254911596978047,1.5495511091222873
0.27293732227731193,1.6636514893828727
0.5515441406887392,1.300845977918335
0.44350944043506907,1.520579546584381
0.4325401264990917,1.2538223186150967
0.4627556335127041,1.3601860301512816
0.5937206174255601,1.159766984084845
0.5333740384446283,1.1062299032185214
0.41862039907546567,1.4942939885746664
0.6073171474491362,1.2449965411603707
0.4609216487469529,1.4523119187455138
0.4593146093216463,1.5192180874440258
0.36665518651127293,1.5152851479366967
0.3175128080655952,1.5734987192767262
0.5211104916288746,1.404120253489519
0.3300406049565084,1.5751302656025212
0.40797260484940334,1.4168430774865723
0.48726698097783466,1.4334592554876315
0.3276962735923756,1.6656597970789635
0.650896710381935,1.0279711144035046
0.5117318875363706,1.0668476860468514
0.49807363738720073,1.1516701507349114
0.7251286059670785,0.941924666164349
0.3142346406416825,1.5655521499943204
0.4722313991985346,1.4047901153630853
0.5306493467243378,1.08320170348133
0.34491550761000783,1.6486000569389314
0.2768777885350591,1.7026151219565273
0.24724867319800073,1.7058402725024835
0.7098821473389513,1.0131565575729513
0.2563584750630384,1.6687961999414427
0.46668814904704076,1.0747222005974908
0.4569036851118793,1.4849590653970675
0.43656415498310863,1.5050283774094717
0.3456305423718969,1.5991119631234292
0.40253846487336775,1.5042482891896904
0.40738903226972417,1.5729439969535381
0.2780469992730085,1.6528461317395493
0.3098345624090303,1.6908244815865368
0.5089080038586674,1.4272685728792798
0.27376942168647644,1.6566224503643672
0.6278566634588083,1.1414985591207127
0.4572671092235683,1.4573543754161546
0.5505245901146264,1.375177873187755
0.5958920571493553,1.1917220233328916
0.3454845728048478,1.6812442273024268
0.7325536711197257,0.9855008804893337
0.33609127711330317,1.6441844614167964
0.5009921688318544,1.428758718316655
0.26524875171459955,1.7098777166314454
0.4127502962167621,1.5364686142693063
0.3061416058812359,1.5602870477798993
0.4000216336117357,1.5956676393052651
0.32401495917110285,1.5593664741852624
0.4855731569125524,1.437816337722578
0.4556646089343949,1.2892805880996328
0.6565921847114871,0.9621847244291795
0.5173063821239546,1.1717933389896031
0.6510082567030915,1.1697194090693297
0.7282163943865897,0.9925822939326767
0.4702785652155471,1.4143774232923203
0.6300698985194685,1.202281281506486
0.4245099570825286,1.5242762983453748
0.29699000980372897,1.7018288436847078
0.26182217466868185,1.7029210558647379
0.5318749416533504,1.2820918198872298
0.5532061867909643,1.2844702058293027
0.5882812375663057,1.128629995962491
0.2770985889735045,1.670480885767472
0.7622908075653663,0.9195480901590563
0.6087347855728455,1.0381133511374325
0.3661727288900003,1.5881112832774695
0.3888314652910339,1.5940449823814928
0.5082896462316723,1.093629957654385
0.6207445264312161,1.193808050076644
0.2849422764479927,1.679192900184065
0.3254668452686367,1.6322109575066006
0.34128672347098193,1.6207826624801476
0.3483792631212332,1.612386983683901
0.6003195064926623,1.0603394438642835
0.5131561775633847,1.1554382356225117
0.29776467250071526,1.7019954271201403
0.33230797217574753,1.6577604897221012
0.42574430134709945,1.5289270809141473
0.49366131135561453,1.4023964258100436
0.6273809084735188,1.212530019503219
0.6381685017094618,1.2101225923580747
0.4530517293579166,1.543202734014351
0.46589590478443166,1.4098190793906535
0.6616463068314249,1.1627425824334658
0.39889024907989235,1.5697121171073807
0.3241012231247918,1.6277976472103552
0.4927676209190025,1.171875384040812
0.6311658865622192,1.1631467182977473
0.5691209150009652,1.2548289031709066
0.4924958072682428,1.4481370364991193
0.4878088606741427,1.4462371270081331
0.45198083015851376,1.4899469238128022
0.5558372053709348,1.3755012187058822
0.5931868941652678,1.2770256471934052
0.2328851154499375,1.7548025130267368
0.7970494410242545,0.7536059691637238
0.3031949294431964,1.635459024784577
0.3919093214713916,1.5156123931179784
0.6163172748867676,1.1590403749564429
0.7900843386646973,0.7981549701158591
0.7283136678207631,0.939714908407961
0.48801392085394074,1.3897071701769703
0.2877958388954132,1.5655223730873615
0.6211631277745376,1.208791858820909
0.21514254732421004,1.7566704648390026
0.2675385184823008,1.7172901252156894
0.22605767482007516,1.7217360349856148
0.5844465994557951,1.2484767215062178
0.5978922908769302,1.2864598160614737
0.3561257507751046,1.5775283906810025
0.5976494868382527,1.1410114195495464
0.5848251846174665,1.2122928790426382
0.3642349178351853,1.5148373395230608
0.6853379522927626,1.0635803903987764
0.7362289175277508,0.9753201836171553
0.2939963930424872,1.6116584069029039
0.41286304790205164,1.4464047742726134
0.3593262318060306,1.5839027298668304
0.4694039958255327,1.4966554639894893
0.3070745805057993,1.6206430329362647
0.23058080462315184,1.7157252815867163
0.43838642477227413,1.2315427587645957
0.3975045000344883,1.5399657001646914
0.442532543946763,1.4690931773460643
0.4511530480344687,1.5044804841105448
0.3892611761071331,1.624294685686453
0.5369520360653246,1.3650217209703277
0.5030883439545492,1.4570455966272589
0.6217681619749713,1.0810552063148773
0.2568395146638357,1.6751020606556029
0.6774349402091657,1.1337818960633586
0.3599434476107639,1.5501981335854174
0.2667235062656149,1.70023904708625
0.2924796766226639,1.6643710170484285
0.42634908676850214,1.5008471279012865
0.7264140244463769,0.9760645164976136
0.27263204121122037,1.6365514103509744
0.7106076356980826,0.998072469108464
0.35006451197500527,1.4663326946321835
0.332864056157418,1.5676765849830576
0.2591844451502713,1.6655007845144247
0.45908699380632023,1.4231449052201142
0.4101413587328491,1.5118303025622954
0.3923522564859582,1.5245458574199025
0.41047879440460694,1.4191605959193243
0.3735470733126856,1.200218020503776
0.32409385325397466,1.540901079201935
0.5684989006473042,1.2596815927489275
0.47567014125734286,1.4282584142026165
0.37937441141407174,1.592225161596582
0.6115435916186786,1.0278807572475397
0.2865263960658818,1.6518836683592828
0.35917909473991716,1.5076894120937103
0.4194961686179244,1.5515782803870333
0.39333706988163536,1.4022704798302463
0.5094663855502941,1.2703943090471836
0.38086632466703446,1.5401788823663212
0.3516350116682652,1.5024748165552677
0.6396000212764777,1.1677849074364028
0.31580914297852364,1.480586744248435
0.7578308332764232,0.9274052316705136
0.3434670963295763,1.6446141377881234
0.4712658048610957,1.4465850660440716
0.2343459275567388,1.7046273987775005
0.7796567352993162,0.8318464597167515
0.3203832641773797,1.5663244620421821
0.31313217893364376,1.604930904976538
0.5819618810918759,1.0312160965649588
0.3566405103585472,1.5068298625056928
0.6677657295723803,1.1141464976579551
0.4441955210355636,1.313593139703801
0.6615438713734748,1.092823227759011
0.2681064540307616,1.6608740546085436
0.372513067041861,1.542775716272872
0.2646850410609415,1.7244238212443188
0.7019866150230284,1.0235877726798643
0.42756371022114287,1.5570907302415602
0.551470274963199,1.322522204523778
0.560630851700758,1.2871305040986871
0.2705589735037707,1.6835568364389606
0.45149202121732396,1.3746450406521817
0.6609540617324334,1.1314493989054202
0.2327316894228284,1.7492124828684044
0.432425097967346,1.4371041033337197
0.6388637047929879,1.1999244983401762
0.7567851614943977,0.9296554344589785
0.3393377468309626,1.5947658273057153
0.829234115996712,0.7104005541543953
0.4898001121532875,1.4378565975650774
0.2804420653111796,1.6698130567284029
0.2850265783492299,1.633693073786713
0.405393535078022,1.545972804306058
0.6887888509706779,0.9175470816970972
0.2735165488005904,1.676757841466322
0.8225644321829855,0.7362422015477811
0.40918956238538007,1.5228631175127767
0.6748452669633032,1.101761375119253
0.345178728843496,1.6074358979046623
0.43144708291794653,1.1746177144203567
0.3415487347243749,1.6147498460874152
0.6189586033004836,1.179106240358268
0.6212799461149008,1.1223418145709008
0.5749139545298863,1.16663779206272
0.8587534037079135,0.6060294378931574
0.423023833193076,1.3159435326334936
0.7260107012163574,0.8820021652055905
0.32546493117215397,1.6528129664323035
0.7290165350621931,0.9878989654441586
0.4225659395936149,1.529947469384864
0.3804845995372701,1.3956987056605812
0.5720155677167308,1.2510630091162644
0.754384298007677,0.9181906589425786
0.5278891785307691,1.357015392110367
0.434878097584009,1.4122719502390737
0.45616394191111853,1.473571477919864
0.3606023609744007,1.6119237503239883
0.37898200774648383,1.4986954934928693
0.6859357250464861,1.0640848962094664
0.3148057855091752,1.562137875044307
0.25777620583692673,1.6795552936565086
0.5090234289834729,1.4417399551067165
0.3526112244638306,1.4623696110381208
0.4913251705554347,1.1339308731726903
0.31132417185116723,1.5880354510520633
0.39084718103166594,1.5720889832192433
0.3217075154429548,1.648019886187734
0.2655963311508064,1.686197098555359
0.47624192206395105,1.4781276351497783
0.2671875098625602,1.6388990838544344
0.34351254999589825,1.612901024741447
0.27212853499863465,1.6675752813802163
0.2330199931063813,1.754970653390488
0.4340306142360828,1.4990083612297576
0.4345108601118052,1.5077941406549398
0.4315607630278354,1.4016678779632283
0.4829075681011291,1.39802901606132
0.7504343271887965,0.8528212645103126
0.38301728471459445,1.3001343493479718
0.5148879177652871,1.3005746154692068
0.5816946944307774,1.2122047802529508
0.6380276998314139,1.1872681489928878
0.5449501832610628,1.332355634042869
0.5566024654396551,1.0510659330127177
0.3536709000007856,1.5558344261121986
0.3181387434847759,1.6160465719831574
0.35832005298835673,1.6177790348226704
0.25900131086890377,1.6829229006679642
0.41760144393654297,1.5417782918948901
0.32647474998526615,1.6014059520141255
0.7149352792297536,0.9298664854170462
0.37082930581815915,1.5921611438761811
0.5660643950026897,1.2734266386077457
0.24584480584808707,1.7589027085183782
0.4336910996851452,1.2331459842893577
0.366152046320077,1.50456494703435
0.6834495594800031,1.0446772622159044
0.3281653849561514,1.5886895768006795
0.3675476462346793,1.5401414133773077
0.26571248553148513,1.6521344984832966
0.4308737499964831,1.4984539698482449
0.5243818781063074,1.4408720758922484
0.5533064922398799,1.2690836549149798
0.5478443893762106,1.127169066547497
0.5996124643517089,1.111628337247526
0.6125428732167693,1.2081751077042133
0.3577157413217495,1.6211695684149423
0.39848541701950163,1.5267189089493631
0.2270429498880259,1.7395481043208239
0.6176816021456251,1.1973358909237353
0.6135867538788755,1.256280767261988
0.35589704262480526,1.5882335371336875
0.24316088003196945,1.6745801728920622
0.6113198605448089,1.0001350820253436
0.4318759027871025,1.4843292881962247
0.3963465737310521,1.4261839693862637
0.2469454522433423,1.7223809435975352
0.2904179276166562,1.5694817948668724
0.3376305181509244,1.6047384198196202
0.4191591987423728,1.5195070510168507
0.2761683023880245,1.6651394321061839
0.634649106335502,1.2172703079669251
0.380587803649328,1.5625183245125573
0.5814582403725593,1.2217729930852808
0.4565075591888963,1.2869845295768592
0.2840352046942678,1.611759500374005
0.2879521577827312,1.6303200921619965
0.5733017473000981,1.2738738378923842
0.5804252801934835,1.1941926393101552
0.26422196003192955,1.709197346107719
0.4110336155707324,1.5753346827346904
0.4441233288618608,1.4192840758375418
0.274188967656104,1.6679028615709046
0.6167189008641252,1.144419004673876
0.6353417927914683,1.214083747166642
0.24461583582137778,1.7079091521512495
0.3457476951478439,1.5425534967760446
0.6380132408333359,1.1980824628252755
0.2826961823126291,1.6081801095080401
0.43324030484611004,1.3205209133220484
0.31612054589230765,1.5476647091267435
0.23602937473390193,1.7493578991416572
0.5356184480067586,1.1434475392857038
0.27080822542130983,1.6170801989929646
0.6186135301790987,1.1369720999421664
0.4266791951081465,1.5573034460639759
0.36869028143291677,1.4518159073715116
0.2566460718105621,1.6571231423419452
0.44515111898750964,1.414650513757765
0.6814406716467546,1.0790513346143873
0.46056340921122474,1.4495183654577146
0.27263602268601644,1.650999465107712
0.3761687270129076,1.6024166525044867
0.4429086058700456,1.5006113691083676
0.47104301573495627,1.3749884438875009
0.6147626329651495,1.234281376152871
0.396605221624545,1.479381348534985
0.5991875929074416,1.2669740363543016
0.296476615007463,1.6786412648152258
0.29127672607688126,1.6285088169782136
0.5400966446807808,1.2651274720284602
0.31407145814897125,1.5709304023854829
0.3429235690813233,1.5683264808636854
0.30433417307374144,1.6110964234083693
0.5840624457767254,1.2449076117389954
0.6121838036375945,1.2002661126722018
0.32803106546858113,1.5958094316567748
0.2785103331929438,1.6336530697207579
0.49896629697009237,1.4485048927380466
0.46527493134894365,1.3539723026585897
0.4649918438606231,1.3938679775143399
0.48497369495151416,1.3792337645893755
0.6865138873858984,1.091697289362379
0.5426828139956031,1.3010667131903828
0.6615552271297487,1.126500160231275
0.4438976192406287,1.514442853278047
0.47501675845566876,1.5092977991793726
0.49458296272994556,1.3748617698266803
0.7234240596163911,0.9574447250510779
0.4323071674796605,1.5399693750387289
0.2303253801721496,1.730993076048386
0.5524029293576868,1.2790967255421841
0.2435688804603583,1.7070472720792327
0.2879391017105397,1.599801507387522
0.4887122673154695,1.4564362264347501
0.5586793612668656,1.278908063129085
0.601344629535182,1.2052727590728676
0.39875403610839494,1.5829653369799774
0.4109889083716099,1.3980558304674937
0.29939144167045445,1.6779482029358217
0.2863707338863167,1.6208617645947014
0.39432668687273337,1.584792629217497
0.3947920010662009,1.5727473828516234
0.2753039955933799,1.6510904550886323
0.7876284878658214,0.8110879167813432
0.5663243031183586,1.2595573844477037
0.5466105316942005,1.1916863463223095
0.4419318987441279,1.4280078432739218
0.29072757537565974,1.6417161073191704
0.35001801911100866,1.6267585428371198
0.6657622134622679,0.9191534753731248
0.23461677275408485,1.72560516607961
0.26908169255356984,1.664096237482482
0.6638227780922606,1.118035758305623
0.5983261667251795,1.1584595630988317
0.3143024498327153,1.6426819906652441
0.6525707559920498,1.0100934880145414
0.23500735034785478,1.7278944295596228
0.6597307665740773,1.0974862292566079
0.4343815004714487,1.4947204094979456
0.35195215190483714,1.6566120690713195
0.4536025781112952,1.4618114763981849
0.4137298605859386,1.4819826035689847
0.34464136255886135,1.4238245186567653
0.2492953491744024,1.7263243184162784
0.80061953205192,0.7949420423094289
0.5550885399025476,1.2832721647591805
0.5365207140928318,1.3236810641319654
0.31596346818156174,1.6341797159724707
0.32088280049764367,1.6224189661892252
0.36325800157874166,1.5453537075185713
0.24125614033757922,1.703279418327341
0.45557751171196537,1.5416768436125154
0.428763542298173,1.5375746550514604
0.2551597101335492,1.6993307556677748
0.3099804296947178,1.6249355955904425
0.23401844267461497,1.7479202040355426
0.5873089206958756,1.2918950243124776
0.47948329181839233,1.3505191979147926
0.3473152318070053,1.5284259635477657
0.4469203254434975,1.3412321752323897
0.27913335914058585,1.71167539304347
0.29471394735673234,1.6868481893192957
0.47242690745132226,1.376265334341493
0.3973303110989657,1.4783754052203861
0.3515079621327242,1.5789247563616355
0.389908854994705,1.5896005925595589
0.36752792841915904,1.6321200428467957
0.2391662588867457,1.7478818945832986
0.6451637112943331,1.0773099276659768
0.3293131461294337,1.5779244203019618
0.7250157307413493,0.9636554372642253
0.5695646243700749,1.3444846741392962
0.2769718652010894,1.684692503164999
0.2542270417487224,1.6684225681864684
0.530999429641536,1.2783067830812196
0.2824399489990539,1.6777183136218727
0.3395614476783801,1.6281469816081582
0.43960133078334446,1.2254432947797558
0.2864497346163788,1.6890684683577177
0.33131813605406346,1.5594265379110974
0.44801459982130315,1.526925911012742
0.385151035053846,1.4596963433305095
0.5368499778235737,1.1129727310857493
0.751352719641282,0.9486740651259618
0.7700433873014655,0.8636458317687229
0.5338068360266385,1.174095374735978
0.33524810334646243,1.4910259580411298
0.6325035533619632,1.2107204550014357
0.6547127870310301,1.1059891581454344
0.7549868553579311,0.9095474934552759
0.5510158851921201,1.3476367817018176
0.2559956632396874,1.7196234918464806
0.26487240908751314,1.7083800048449271
0.4917937328579677,1.1189284008710538
0.5005465841113882,1.3373854172758701
0.502816190621335,1.187572000622576
0.5011377299916754,1.448156413282269
0.32764609656859134,1.6077025549451922
0.4863932590933464,1.2543620284182633
0.2610570528968594,1.6557272812592618
0.2528401550194175,1.6678023224517802
0.4209111441298293,1.52136239877415
0.5333832016095138,1.2352936274731403
0.38367115229427184,1.4483676642454206
0.4518502410028048,1.2894355137840887
0.2763915478655792,1.6323441417797164
0.6794338668563736,1.105972432116877
0.5004650613913268,1.3546693613354133
0.7122263860285786,0.9376689236812807
0.4856108614253922,1.3015220020781164
0.6638966774712742,1.1381355662575359
0.5735821717930588,1.276513665862971
0.6016717219253844,1.201135478317772
0.32529594396086253,1.5603326753110518
0.25972053653747773,1.6624252486947528
0.2518665306702059,1.7298293839889696
0.6014433659325198,1.190121721299675
0.32083479562353523,1.6207420056375907
0.28060650800426773,1.6637193990429704
0.3633785366369891,1.5926796724784782
0.5461292731851721,1.2568346946935902
0.4478903705219997,1.4301418941894597
0.4038944751745867,1.579348512734812
0.3229603799263678,1.6282197250346466
0.3361301347012945,1.6250843287360233
0.48997658998809696,1.454976520480389
0.2276846790081312,1.6865233358063336
0.7287936166009662,0.9290251541921852
0.2836662792857672,1.6793676040430143
0.5272419262728131,1.2763130569580694
0.42961289240731626,1.505122888971004
0.4224698925083277,1.5363700143357182
0.25281968218645723,1.6955945932624175
0.2437850551818171,1.7586576041100233
0.5449857055068288,1.3100956752516841
0.33336010911816977,1.6550624853428733
0.6912900151896374,1.0881389986812096
0.24384785511776752,1.7356728617317154
0.5834218082552548,1.2278250779767415
0.5651837709334533,1.2817606757545834
0.3911028655441809,1.5520408182696097
0.32150721780233077,1.6465214576196783
0.4287435740150646,1.5117694764924825
0.5621060019965632,1.0373520854769733
0.4222141039982677,1.531194284912765
0.4888171775848536,1.3984474053847429
0.5152306271742154,1.4084258338718758
0.6153457592450686,1.0766163845106216
0.5277944162531598,1.4070434454092748
0.2478107911301998,1.623459989544865
0.5184451859082629,1.3593662173784042
0.4086790898236915,1.4845894585660975
0.30838609171170306,1.6744149352025235
0.28713188757951635,1.6540920805167276
0.43273389306233206,1.504662198504147
0.27121388230856147,1.6901434052289743
0.5320309191121351,1.3881517218103974
0.24255149748052338,1.659969993656547
0.643031119027021,1.1276462941184393
0.4040643719534501,1.5546023318545092
0.48786639309505153,1.511800054701724
0.3330220467856772,1.5567040822944875
0.45974960679961213,1.337981810000504
0.49571728629374817,1.2302062021746647
0.6838970894407105,0.9259281368036587
0.5336256371943048,1.3241740765397383
0.30560557265234145,1.6087020052179095
0.3025001604629367,1.6042657350384257
0.6931755132884373,0.9978867425189453
0.4525330280061892,1.1865401662739414
0.2691127687401938,1.6667042128784342
0.3131244335560844,1.6177897775076806
0.4513379399080957,1.3747121861057687
0.5086753685360281,1.258015110587137
0.3871502654505277,1.5025781570887133
0.4918209202425416,1.4302140972266764
0.333865439527458,1.6001510122396896
0.4711060549671398,1.2904470845558547
0.41213835079103456,1.2610621111043328
0.36559368381604734,1.591530950002829
0.7496947046521758,0.8778610379446886
0.42141630990350726,1.454928984905756
0.5574494676407507,1.3434589728449926
0.2737810259179302,1.6793492556892857
0.40914366076058273,1.5359870420787205
0.5708317422763383,1.268081396396937
0.5220284951476656,1.334741923675503
0.6065572612854218,1.1780047316768556
0.21491806458106816,1.7591492870350784
0.4528263581637893,1.3631061807065257
0.44583464971033276,1.4121576829118063
0.48813957422388105,1.3873108952860838
0.6166918865188944,1.1815070232242433
0.40061783462400435,1.599827969325092
0.5242413359567453,1.2427329337923665
0.7136668539764203,0.9819283979451499
0.7470819794024642,0.9009567337189499
0.7254146370339315,0.9500174090703173
0.28150582116314443,1.6088114079701792
0.34820067292463525,1.6521723349717956
0.2767991295151431,1.6771522948517328
0.610558132610081,1.2187085352844709
0.4431171969600394,1.5573028020215682
0.33021128529273275,1.596348848049668
0.6454206711210334,1.1282551561755436
0.5031929565374669,1.3441164073127767
0.38773971797540385,1.4501792723509612
0.7588908742496064,0.8256124314161665
0.26786086424345257,1.634005129133473
0.5648769759188476,1.2666455574932058
0.514424110887571,1.3587521827801614
0.607887167924714,0.9803492672350455
0.5069461056005343,1.1991395749184912
0.8317637877233249,0.6862003753149368
0.37302971603709556,1.5272066099169992
0.6660502413051091,1.128683571019795
0.673310231315747,1.019264330699356
0.7375998314366303,0.8741571489312905
0.28159677860642957,1.6623647234437413
0.33785115847097036,1.5859641834446525
0.5983501643907295,1.1928889954921786
0.47456555113919663,1.4597892277442446
0.33403371024744355,1.6811043771834322
0.6660164266862907,1.1008433072288832
0.48317023879445387,1.460846266004856
0.6333457768426201,1.2082340839403805
0.7268418444460559,0.8640908625667902
0.6150992648295021,1.2285737692787568
0.6963126823837454,0.9986144459818358
0.41109114186795886,1.5569836686599436
0.5290742399869455,1.3999469626637149
0.3313194143872282,1.5997951057728066
0.8132075500730247,0.7728810720946256
0.31041264942047503,1.6538994506359965
0.44416147366533154,1.486373794960147
0.2589889998220109,1.6709880108009005
0.37403319378253375,1.6463679930454487
0.3750074822322441,1.4782022082515878
0.45682001364489333,1.4129097381715745
0.3500490229029874,1.6387792379032573
0.38579833253116647,1.6182974345147716
0.336437230923729,1.5713881039941267
0.4451273945897114,1.1533951423498092
0.5279689223235383,1.4036883962696474
0.3858292391522181,1.5801195502906669
0.493330971563848,1.222695961108961
0.33051764408542483,1.5826355781939871
0.49951287461193666,1.1630535152778996
0.528913039522535,1.2817569149868169
0.6877001284811289,1.0210945069020494
0.3652948468680404,1.6379078235528564
0.25061333027825905,1.747304096402305
0.26919764781722233,1.7240902393032127
0.47847190372018306,1.0382806451303395
0.3719941474547964,1.4539977684999696
0.6912372018469136,0.9925425753585061
0.587622366518694,1.2946776880400879
0.3200868153305333,1.6403870365194708
0.3428369945331197,1.6388468833544918
0.5274963786088434,1.3061873190945754
0.3058175652470111,1.5884164643053342
0.5311836886982062,1.3555616269302404
0.4752264801449995,1.3224137029593186
0.37622681775738337,1.4226609180889218
0.37002425670529004,1.4383898234588972
0.22850332042699723,1.7614593530914642
0.29850241257426213,1.6933847245599094
0.6020665089369042,1.2432426542855735
0.2739833413050932,1.6304689223729654
0.46120276263525783,1.4536831907131704
0.46110579733943036,1.358223857559567
0.3234749344830623,1.6407398341419663
0.2968085200643952,1.670252088474483
0.645299121918842,1.1472766435197366
0.4498588067687285,1.4694112292793378
0.6268116855853839,1.165072007971569
0.4214729645048721,1.4113122241503877
0.6114030398491823,1.1807687751394607
0.3532701905533627,1.5062911569682598
0.6604606111145872,1.1008334653631415
0.36554737672535564,1.5726009842882342
0.6376579046413623,1.1071860884205864
0.41390586116474426,1.4935546343867934
0.80612055986945,0.7507140861962094
0.3273297372070578,1.60457948924542
0.5367998593018772,1.106993594868283
0.27409854398953654,1.6574032169155282
0.41477633177057455,1.3915598848784256
0.4346703376998957,1.5021341791962
0.3082369566116773,1.4930423217563327
0.5143733400477113,1.4009265341276236
0.7191165878938154,0.9591582710369129
0.3475212401086428,1.6761779628796047
0.3395699126881475,1.660615224155344
0.3350384978926013,1.5443209767723483
0.29690711483997456,1.647714743368698
0.42276750549981185,1.47471449506381
0.6057828454702042,1.1932712563590948
0.2689148292020237,1.6802183148732288
0.5049224677692054,1.2041230828472789
0.6385176364513936,1.140327871761826
0.27995357600146575,1.6837364471483993
0.3738293233042907,1.59082503068673
0.30168073086174013,1.6444290510255246
0.4115888606596097,1.5006021082752474
0.5789500750483644,1.3506815856620042
0.5674109877636702,1.2689137330022877
0.26065882817026165,1.6348748637078958
0.6403949862793503,1.09898807867295
0.6012181617129257,1.2875406850554876
0.5635685640588152,1.2826004627729837
0.2795087911944292,1.6020793747790982
0.7472999727490248,0.9169815209084061
0.24725489162165692,1.706129970042197
0.5125905237683384,1.1646149818539595
0.68932670659558,1.0685891657272069
0.253486915522669,1.7245910245754197
0.588628355496334,1.168877172107268
0.26816871276631743,1.6830193267368072
0.45783147012944486,1.2510973210591956
0.2920878121492896,1.5513993010419211
0.6503529682189644,1.0194191060009155
0.6760288792379451,1.0285772812574632
0.3040878869314219,1.6500233969681597
0.4931629938628182,1.3860809502835072
0.46329719498045446,1.4649547156272418
0.2720383918440133,1.7032617125080916
0.5870626636211489,1.1252595225860276
0.49865929831469175,1.1422156148912013
0.2677949619059769,1.6862671943797831
0.5081405546736002,1.2900514401995056
0.5803425694369977,1.2619941717763083
0.5763602702526108,1.250520849815147
0.6362814319248948,1.0243489875154652
0.42708757718853263,1.4266114876737568
0.41041048149380116,1.4500200780080195
0.26917149508479354,1.6779327024118045
0.5349914590642106,1.3346069803268015
0.3656218748506949,1.587485327368129
0.44862837972892133,1.3464413839561968
0.32314921315496165,1.6641873579077813
0.323604197729514,1.5852464062093392
0.3731170201351828,1.5128141201394063
0.6025329387002124,1.2443542164392323
0.560299214160062,1.344037049731029
0.26085390488355054,1.7288021232800068
0.40630117295407,1.4985210931271338
0.25724996450364107,1.7237654394380018
0.27344219257952407,1.6441111767653644
0.2938922229603294,1.675535746884496
0.4930765943004796,1.145269858998888
0.29644964105844274,1.6000327877753284
0.4637527901521196,1.315203054150736
0.6060004163765297,1.180664058898356
0.3478736130642792,1.4772602524179863
0.6547092468153084,1.097196819563403
0.7919401146387,0.7632143070005755
0.5999019051474223,1.2135909467894521
0.30079339111048636,1.6489877397579555
0.30225946340174226,1.5939508873718684
0.4770629033603718,1.4519665408984448
0.357015908982468,1.5787170834778235
0.2153566883979445,1.7637910726782091
0.23567061593975,1.702925897973653
0.7213630028793592,1.0037274749476166
0.4170744496909305,1.3108405910106642
0.8212309052072491,0.7337721573443601
0.3492609092800888,1.6112835602967432
0.36328480332898344,1.4763405608755056
0.5799900019371216,1.23957220934288
0.24864105706800702,1.7170491685172142
0.5682870342974654,1.361560464236589
0.421006522645627,1.4047163351050425
0.2647813172922939,1.682604227072931
0.2934984451981429,1.674549963142242
0.45601880275295403,1.3240322014504489
0.5969408192018977,1.1678813448966243
0.4248023124984617,1.5293523942787448
0.38722444771389297,1.5218897925262413
0.5899749872930042,1.2111297071266103
0.23320283756624482,1.6994101925516798
0.41838268471922446,1.53234537615957
0.29225900770579577,1.6092836165023643
0.39575581627896883,1.5228310683700004
0.49359995412223895,1.4270446951885754
0.6415251661338844,0.9184755051718243
0.31905653837797543,1.4600645826605976
0.2945874336007295,1.636714326468093
0.3439238020450066,1.5777703661995832
0.2895288634828306,1.5538186377785874
0.27975162028696615,1.7021739576427775
0.42228014295165356,1.4950961988507814
0.5904115837709424,1.290483780573769
0.4996550802468339,1.3562313026530401
0.3706280840518076,1.6320773084617537
0.3670910539872239,1.5772913500152934
0.2967438886891668,1.6790299220118485
0.3310020656494385,1.6405644062405778
0.34362132433284354,1.57712974073633
0.25031981885190974,1.7220169433449464
0.515177184537762,1.371611109180716
0.42416460799636085,1.4289472565371208
0.4210913936682418,1.3903250997979342
0.2890015828429098,1.6661232905639978
0.3830736082310635,1.5496601323007555
0.45712542832463576,1.2731700861727766
0.669903284673635,1.1090172769859903
0.23914760212046965,1.7221336631592665
0.5175010118943143,1.4167650430186687
0.2747693347082968,1.7354243429403442
0.624359255561069,1.1092094656880458
0.4211758337120205,1.3710537800582097
0.46893053247511807,1.2290413573898016
0.5972542658559893,1.2226076751856174
0.7791575938460249,0.8539712517277288
0.22426808326853642,1.742588308715647
0.44593610995810345,1.2322837598365697
0.501311561113807,1.4083984886466552
0.28111031356996713,1.6625715523578515
0.7615606184206377,0.8928543745003541
0.4521370681638185,1.4417900503151615
0.4004879079581002,1.5900172560083503
0.2755500856970967,1.6881548832232385
0.5073986672061399,1.4305442513553177
0.4544570419438388,1.4893298944446798
0.26467875526994367,1.569423263703473
0.5811250132827511,1.0228323127100212
0.2864407235376985,1.6753786316532633
0.3925863874166907,1.6030542177493767
0.5617648700331556,1.267715521086614
0.5733597231272777,1.243394520985254
0.5668727099326262,1.268643423297323
0.7385434210647217,0.8204425437084841
0.6657584361183904,1.0972095069897065
0.6041293485578088,1.2255557511862258
0.3526667864800234,1.5857542081012876
0.42404188456647973,1.2495801683738796
0.5895281400507348,1.2770521921385602
0.6465204023753497,1.1671775330210037
0.510842689645996,1.341603042054051
0.5050324376546829,1.391355352062026
0.6385355865736767,1.0680285489415011
0.2556376462072455,1.7357100451375367
0.36316806541466273,1.6034882514116573
0.2624957934286317,1.6696076745319268
0.35005706126339675,1.6150853232249396
0.40952131101368394,1.5506951156092739
0.3685114551413294,1.57730998408314
0.5090428052826321,1.4571161116872728
0.3064640797819841,1.689921974040788
0.5372659534022656,1.2828901387074314
0.32024736522482694,1.682350841130027
0.2976301661362406,1.6728884051512884
0.32372437963603357,1.601457215849897
0.7008285862667165,1.0313621584102521
0.35351229273075324,1.6401797509715699
0.4840944898451802,1.3650236313668593
0.2575750410677296,1.7330156539953656
0.39894106776442784,1.4255068846456036
0.33657801650847635,1.5516763063055947
0.4316766078534294,1.532908530840507
0.3832004232257853,1.5919826914895134
0.48123366193423106,1.4184840560023497
0.24022081585413982,1.681679733651043
0.6311079326268887,1.2021311400687322
0.39127200491133646,1.593009025030435
0.34667283653558933,1.631245002765315
0.3894592070199199,1.4346642818906665
0.4359008910774245,1.5369990725071796
0.5823983895312199,1.098391583780334
0.3073897923852893,1.6507793235825812
0.2179154668763433,1.7231210238420416
0.6610372393144361,0.8845410862122336
0.4546331723807717,1.4189034828107783
0.5011793735781077,1.4178347652363814
0.6115159801177661,0.9704188118616214
0.44703794657823753,1.45007960441484
0.5711869430828753,1.2083380070052534
0.48106034084236304,1.1544970492801834
0.861527829899498,0.6027795759531722
0.5073662195932062,0.89669220672142
0.2709695931498866,1.5788391488649152
0.2670349244499021,1.6920538739766435
0.46367715189060826,1.5004456841275897
0.40387314266302043,1.4601932521217111
0.6992945323301923,1.0420757584328997
0.3100524833435537,1.5922020894914648
0.6529290873794645,1.0771178633890077
0.25082064168521667,1.7229741494474617
0.28614499928937964,1.582920630619261
0.2568400156339021,1.7319169448655947
0.32407457898043723,1.6145644009734266
0.5175264954612023,1.132746928599346
0.35236653235918264,1.3643824292914843
0.49779913350630683,1.3897235630925322
0.2760173422971482,1.7108443031448406
0.341427651621081,1.6340629940483362
0.4413500657154212,1.4123376598704434
0.2672144920890209,1.6825202364910998
0.44322394717782687,1.4379296226101919
0.6490922460552003,1.1893708461918115
0.36529849616013216,1.6339132190770567
0.5385077488606295,1.3987688555418303
0.6014480886080864,1.2497744187836917
0.5387467513261586,1.3467744966600121
0.5224866183041784,1.3137431727380309
0.4513699256571879,1.4520666217780345
0.316042690513728,1.618219032737216
0.47922050928741144,1.502791246721156
0.4067011655981356,1.5538931810433099
0.8339461253218424,0.6894222977479085
0.2612343739254841,1.6532389396594047
0.4992644675843634,1.3768483289277929
0.7118652951785581,0.9748224144559895
0.28548073952489905,1.6725865079100488
0.5012372729122853,1.4254269034747582
0.5702172550015485,1.3202049514265173
0.8559166816855274,0.6036337601581253
0.35688367205422766,1.5317318845021302
0.36855142736703356,1.548581782691544
0.355580724944737,1.4743286663344832
0.5155677732864145,1.3927038515714458
0.32875499931106633,1.6824466289896636
0.6874063685588346,1.0984673127834217
0.5893249163707678,1.0698334747862492
0.5659911451850306,1.2616894987350262
0.2791306839098765,1.6824087465645847
0.705530756715163,1.0476475708371118
0.39858711057878904,1.516968669018695
0.4411533566053961,1.5287168162100981
0.8307521568217142,0.7120414330376534
0.5402167802033299,1.3114838496384444
0.3786670572086883,1.574769613842788
0.7758283534999374,0.840982232582506
0.6006111088712437,1.2073195059622552
0.27472676812254115,1.7055593703756007
0.4905845924314068,1.0022017960791592
0.41405316057650354,1.6046745611449316
0.29234199423855795,1.6170037120916778
0.3897325539631726,1.5079599793916014
0.44171214007985193,1.495921182557217
0.3225227135790866,1.5238341623357727
0.8093570695386993,0.7772488820430585
0.6361192762448312,1.224607885359035
0.23281292780741641,1.7127181018720967
0.6810482563003906,1.1059253213563962
0.48394021658878433,1.3264987521178777
0.4824154750780504,1.25895229502526
0.5026274318818937,1.3621214937551718
0.4439671901712749,1.5667342413391565
0.3943839046993133,1.4524982293193902
0.33218425177177524,1.6600102294689318
0.27815995425628104,1.6565800407181468
0.5730408892452682,1.313058993843735
0.49700692337413205,1.13840271677614
0.39691184823727926,1.3990811592224215
0.2830931518466409,1.5983466807011886
0.37413460415009403,1.632970745420735
0.465095512416009,1.438223797673865
0.7219317717037527,1.0021482749031807
0.5888134837090824,1.1594002093051081
0.577487333040609,1.3116599915493894
0.3910954413331465,1.566581202928176
0.6608907291842747,1.0897460887336357
0.21683016472413538,1.7565437676870665
0.3279887665538906,1.6479044734703963
0.36049619805135624,1.6174895798351479
0.4014871739554169,1.5030755604946457
0.5380744420283958,1.3020881732489058
0.2623445998250218,1.6737886875979493
0.24947095193719673,1.7226965109857073
0.31091844897323134,1.5653509155218774
0.5507621727567682,1.2543574677475016
0.6703303203466678,1.083954970674825
0.46001299077143937,1.482430046513055
0.23961107065159581,1.707764968451968
0.23240888913885285,1.6778478680214928
0.4336648750879373,1.3996424090555886
0.6109047280029828,1.1299636513394673
0.5140392622749871,0.997861821912384
0.5380652352021044,1.303524169382326
0.43826797405806256,1.501594464266512
0.6443037128074629,1.1998609667131024
0.5941313143693427,1.2128424815303491
0.33452871512600135,1.472525393984332
0.48505258343992425,1.2117948687145388
0.25946790976410095,1.6198649476509797
0.31614657962236176,1.648262586229459
0.6926374889314924,0.9855632713332001
0.32975342215036874,1.6187038215973304
0.261610793769863,1.7041975026162002
0.5601058854815798,1.247379719431176
0.23264808024176545,1.7473655660958352
0.6803428853128332,0.9189910072522882
0.34374734572567256,1.5906656074805758
0.5181252251363424,1.2884519451002143
0.3453115299121911,1.5930739826850426
0.6969521548772682,1.0661294382914837
0.6024512874311256,1.2559866106888842
0.28247084419391894,1.7479325669944399
0.4424949754552318,1.543068434276701
0.4930739889631186,1.4956112763805156
0.5854725525858403,1.2846792955914903
0.4921286279742677,1.1911120082889377
0.6442986997479141,1.1181437516566186
0.43870906251702,1.4538984534366008
0.31017177006242436,1.63172220320766
0.5224574041908187,1.3993836692996537
0.2724812910154231,1.656424561208632
0.5258325719470013,1.338566444389031
0.635569587586286,1.1271095098453454
0.7606188395774779,0.8922583345288446
0.5006173384675038,1.2928984115239577
0.5627578076223846,1.2861067396377903
0.5049784463421633,1.4382673619145177
0.2712861793341717,1.6809061010006778
0.46403172822173233,1.5077596495773962
0.3452143466872908,1.634630245666775
0.39911537260916274,1.3446136673254054
0.5979071202312324,1.169070693430525
0.3647563010803122,1.6230607541483506
0.5185609182169545,1.2982619830875861
0.32768896939156444,1.5456662239898284
0.6817112607144059,1.0893848816345608
0.3202200628016906,1.6028392185510052
0.5828687577552685,1.3050834864247656
0.22305272623894454,1.7344166850830152
0.3187184117568518,1.6107217767728557
0.7740602784798749,0.8421858049239966
0.4821309751424126,1.4366123830951871
0.4379105634078286,1.4800244237541784
0.3709379422783433,1.4877602879345375
0.5149497208650029,1.021290867496859
0.6047899012515672,1.185575110119013
0.25725349247477386,1.710872611787546
0.27192125704653203,1.6576826621556708
0.6755918319052721,1.090821451575302
0.4096583246312156,1.56392086032427
0.7683975402338977,0.8641546718112655
0.7915577589334325,0.822408856359178
0.5455064409352496,1.3893545830136824
0.48858993154646513,1.44141928627646
0.7423373622939992,0.9411082321795785
0.40127860393855574,1.5573973797936524
0.3301155643751114,1.655746376335249
0.5297914451782878,1.3666316774089127
0.25741065746501385,1.7287705940515556
0.33658576181701455,1.5935210785563552
0.48663380787614224,1.4800086953066138
0.736696892341358,0.9229867665167901
0.2625630189384262,1.6985067338866637
0.5498549020230172,1.3942862305102603
0.30316595403611,1.6195974228625076
0.4514771834737154,1.387945843429335
0.32839982529347395,1.5646564288101046
0.2724505116966061,1.6959975822624678
0.30387583567757487,1.609214771165589
0.6655177384445629,1.1446960296609625
0.3234723728114269,1.6857595042069509
0.3513519254880859,1.5636431707568255
0.4124574388792196,1.5718353909327505
0.5130312460443288,1.250622904145713
0.24787013854977774,1.7282815918296062
0.5535470242291418,1.2770868100897754
0.2711391626498301,1.6745119613616155
0.5327851140012676,1.2648743518899765
0.40834103400891986,1.5100533429198417
0.4087248096793294,1.479447464688925
0.2703307603613749,1.6205641802935093
0.3177361385562825,1.5980722853461407
0.432813924194771,1.5490579311050479
0.43180401625498593,1.46187291972903
0.26974178902361284,1.692810586835208
0.3418487334394017,1.6191581363901828
0.8041030486961052,0.7488578596846173
0.7303338172400095,0.8739831345652953
0.5768358926155933,1.2894924056577162
0.4966350120985524,1.1994466578927447
0.7385560235032904,0.9725174477751591
0.5610855219599319,1.2512825897943256
0.5715974385772181,1.285632616268513
0.3951048049227772,1.5074173754575289
0.2542388169022019,1.7354215594857323
0.5730715319755941,1.2247676354736812
0.5720767151433248,0.9390844647548067
0.6483312997043302,1.0113630098216482
0.688429891255571,1.0151425854579172
0.44915630330651324,1.498016617744065
0.36225481163806345,1.4944234340245006
0.6180235122305298,1.140604289011159
0.3721007481680759,1.6221703772401082
0.7397913978441959,0.8638202343599324
0.3848607778873243,1.4704032039660653
0.6608784047147319,1.0056641519975584
0.270237376176533,1.6488171157372637
0.5242932691891092,1.3767607783760654
0.2757131874058592,1.6516233791477861
0.5876283591596935,1.2195023109054293
0.7703102150499245,0.8070963642661186
0.36298240066922155,1.5078743252330096
0.49870573517154526,1.3260078993763134
0.38725217678879276,1.590041354492517
0.3658983505556515,1.4556726072120199
0.47447169489785435,1.4671840942084409
0.4262697399135079,1.4987471678064777
0.5665052866542689,1.118433708711078
0.6244239853470624,1.22535081365099
0.289065435086898,1.6669749532060216
0.4660660418609145,1.4966572730971917
0.407131847179923,1.591637758836775
0.34451158071004717,1.63104696999107
0.6866919418439817,1.0380478191275184
0.3734669733866044,1.5815206768610566
0.6902066304876618,0.9891032396425028
0.23155128961190424,1.7023354680544456
0.5022219991957865,1.4788872374911604
0.22608641746128874,1.741590406428537
0.3868072111627726,1.555314808356682
0.4246877389476796,1.5820904920395638
0.3008748141061759,1.6508043665795369
0.41379319235823725,1.4515384524666002
0.4523963763897179,1.4613003313710002
0.36212122977862055,1.6234712764541945
0.37018717407242685,1.53664104709564
0.31975170850615336,1.668093877331585
0.24962281888772686,1.6640059848436495
0.6684975580328525,1.1378716935125022
0.34688418113411246,1.6726364439099863
0.48939221951326767,1.4282843770568088
0.2416644267563302,1.7259281133382174
0.31703274096195766,1.656777038738198
0.3317829116775942,1.5413336474292034
0.30113336758314857,1.6547652823195014
0.5295127972606105,1.3553293309338645
0.45824192379207224,1.309738518645346
0.3898488987884488,1.5840610992475834
0.5114580211176011,1.408001340574332
0.2743647652780919,1.6772774658798375
0.47874042431792674,1.4602658525229102
0.2958791027299006,1.551330417615072
0.7527558163933007,0.7908314762318127
0.6216744023293238,1.1922761006556035
0.44702902196364197,1.420179106505981
0.31029342145098443,1.6987116471792079
0.3719647496253545,1.5651995095919855
0.46354942698961443,1.379063532270958
0.4525726956562689,1.3846707331492394
0.24737155037148215,1.6925296347892451
0.6785170277100042,1.064828490889883
0.33416847145437945,1.6261161850099448
0.43249478890343634,1.5373115090585878
0.3344071950959465,1.6341157430907578
0.4320770422561739,1.4949602802396997
0.22317989862665916,1.7319328861147996
0.24726029558492255,1.7327487196283937
0.37149760463100245,1.4715026478514088
0.2679380618362963,1.6411240824338293
0.6924484057754557,0.9013243366989634
0.26740109421398983,1.5980906823696857
0.7389958046193967,0.96353606754661
0.6747039976539236,1.060393401658013
0.4909790102601201,1.4080841189078448
0.4596891723770217,1.4397566515275815
0.32321672844751465,1.5792194330829186
0.5927755547942852,1.1700101573624535
0.7512331948602459,0.7758313147711212
0.4471928976980586,1.4205829784261836
0.594448363783254,1.1965367813093228
0.5701207371594575,1.335340545965938
0.4009629958112587,1.3672356967524013
0.2729552270455786,1.6766847891571497
0.7130864170671479,0.982475262037576
0.21520156835081683,1.7271164727537252
0.32137156111196385,1.619238672014538
0.6551646104754943,1.1496885677571438
0.7240468174781679,0.8951906676518421
0.31138038075043983,1.7065029060831949
0.5807900263791017,1.3155706677787788
0.5728348288731792,1.2587125621177813
0.6362514604864025,1.154241107779483
0.330312693977198,1.507498943828887
0.3547904186231805,1.558699124355517
0.4024147148437763,1.5550576613176992
0.4443430721816105,1.5012563728310164
0.6248861954242215,1.1843037957913425
0.2978931792530181,1.6531858833128048
0.35044969715495605,1.5038473228000082
0.5729407314165089,1.0477971196082887
0.4086777730333564,1.5083883690762112
0.2636438430568447,1.6209769450937028
0.5156711858283678,1.1415134690952593
0.34177072853667884,1.54313839351627
0.388970484454779,1.6235535443819396
0.437155494701828,1.5091702657772554
0.3666668316171597,1.4487540773557612
0.43445522296619543,1.4646949396715234
0.5737173855214377,1.3231622702980317
0.5728425962722423,1.2351069141116318
0.46519369975669445,1.4589458695620217
0.49606091925709883,1.323918123485728
0.26877394096218826,1.6465080817091358
0.481664359582023,1.3677926452003784
0.42398656718414934,1.4437215463570088
0.7415062201091699,0.8241675963898671
0.5007250824555307,1.3176102371939682
0.24298172989738953,1.697570155689518
0.35737409731967074,1.6147408479753678
0.3158734213132108,1.62005085726203
0.7647959220317386,0.8749834687798271
0.5999473327658218,1.0438288848165678
0.5658775330508292,1.330390740569733
0.2307666327151371,1.7002885594382513
0.7408039603674453,0.8992434002804398
0.4635227961124381,1.3294859253968734
0.29990981895317353,1.627264948048297
0.4916788680892159,1.3693260253848347
0.44994745603941166,1.4835230177448435
0.5455835582383916,1.3570712568377004
0.36458234708530934,1.4621972277905197
0.44323293544857884,1.5612586683386434
0.585214548452576,1.2078552022512115
0.3573541618190557,1.6034785120617492
0.398883545062058,1.2877719063504094
0.3278347325218983,1.4975602681712825
0.32096072392450176,1.5460702528754409
0.5382937333350456,1.352156010442198
0.3880294652552151,1.56871617626888
0.42957994562821333,1.4474953646549715
0.32493602615970973,1.5937101219062633
0.23360906781859408,1.7470798965767527
0.3928524448567874,1.3821475663812808
0.2518025195569693,1.6926141412960551
0.3932642721774713,1.5477485576450218
0.34410650321062514,1.6691308739804653
0.26807571733204105,1.7205500019029676
0.38337237289216175,1.618854729477691
0.3138306454849447,1.6659610235469304
0.42897823069339697,1.5737911241584441
0.4350506268819832,1.4227311349854594
0.782439817333292,0.8243855207406932
0.7875828213558136,0.8103988944634845
0.27139417410775596,1.683243369240121
0.43007952341950306,1.502558575475466
0.5234158479690728,1.283426006526034
0.28483165708634733,1.65916837733759
0.4334730575276797,1.5425018682200804
0.6015283740101303,1.2264515231818072
0.4245348513620459,1.5012573186124647
0.6396458149590577,1.1905177794276853
0.6905814164922878,1.085941584089831
0.7088614684454234,0.9618722407955645
0.3337311290360018,1.5819960987165107
0.7053466629612299,1.0097117980995913
0.6182534200912231,1.2655112709673004
0.25751676735184464,1.6714247164058098
0.43055707568895085,1.460650186230722
0.3092052058555807,1.6634293039325245
0.28900791949883453,1.553647566114738
0.4662052277164378,1.4575179318236091
0.29194838839853643,1.630275288885672
0.43129034625381946,1.4061597705387592
0.46026687512952763,1.4924800782603822
0.582417401833797,1.2775233550003258
0.25854938769029895,1.7352738224086337
0.2819364294974089,1.643459223208946
0.3566449939389218,1.5360266202858144
0.44504547349294643,1.4231076116853278
0.43164480171640623,1.5280552516810324
0.4862156590075696,1.4629932281907383
0.43283733220487447,1.484080088334153
0.42519519432568215,1.4606863074206318
0.5048398756001793,1.0971296533601202
0.5661322653211016,1.2569236430669082
0.36566139586254615,1.633727042753268
0.3554841418269475,1.6236705904301272
0.38564235265985525,1.581944805914095
0.7564922235276934,0.9147749684016977
0.31881130099431126,1.606261910085299
0.3770101781806052,1.4060875158277848
0.33557704355453716,1.6232320169146206
0.3308288614777229,1.5918481096084671
0.5470825568265335,1.3375316022630155
0.3255416879804977,1.6559901802411392
0.31153016491985336,1.6213711499800418
0.3800664520215524,1.6278259783997426
0.36333217995853995,1.4792999077758515
0.7419765772368145,0.9015341486184072
0.3383357574393292,1.5828663253615955
0.30427713464353723,1.6577043372918663
0.23528489877007192,1.7536497937828244
0.364980943730618,1.5180459472273031
0.39284825749248986,1.3079875883295478
0.2284018865071439,1.7011347903387135
0.4070883336701754,1.5895264754094522
0.3640012085016102,1.4733065308858406
0.5989736760785039,1.113332926204406
0.6826941499968266,1.0289466029977203
0.67099463449915,1.0520330941589833
0.7523718993598959,0.9241070503331624
0.2210518924571188,1.7608945267981744
0.3651742494642067,1.6157928629311165
0.5913497166019198,1.2357316744251297
0.3317832021415862,1.6922144896837907
0.2655345361353177,1.7142588706753301
0.3065208607385119,1.655339373873339
0.3560700845923365,1.581673274805363
0.24056836958373426,1.7177183084933436
0.4419149725587025,1.395194626795741
0.49381713245153563,1.4597240246509278
0.4205941580244798,1.5422953995664974
0.3911840426691268,1.5184801064827353
0.2590560841965012,1.7412193111835512
0.4334387053769969,1.4541051766590978
0.4505537746191468,1.4982419679828716
0.40083015517962517,1.5897603101769073
0.506501536276383,1.272380932149616
0.4730313488716343,1.4818346084102008
0.22627475809228323,1.6729925183316494
0.3265914929815595,1.5635173719101587
0.48720481890018746,1.4584758926705454
0.5912095782502634,1.239511661103672
0.38545836151846896,1.5847125740820387
0.3250339434004357,1.6438397533624844
0.35834693910452164,1.4793624378831793
0.24299830231382225,1.7555701719584582
0.5948366406720706,1.2258713393797387
0.678006705922381,1.0526596144361242
0.730180190324095,0.9558538724771769
0.3900865060317797,1.3702403262902576
0.436796826130552,1.5101515876103027
0.3542824923254641,1.5587529187687827
0.3566934326070476,1.6598476965874167
0.2373411854364312,1.684006820018837
0.3103773784952788,1.6193065238787143
0.26626684744823603,1.685838163225955
0.2822503043841077,1.6531529602544823
0.28647136920015337,1.649484433091996
0.7159786933403399,0.9469555976143279
0.6984167914857264,0.9777815064736136
0.6304083642885133,1.2040721249939992
0.5058013518164469,1.4499845151849944
0.6473209416445058,1.14855302296428
0.3324513132659766,1.590232505509447
0.5957085339960668,1.296525589672365
0.45951322409885587,1.4510160055891452
0.6832688856953959,1.0573780651925384
0.3490034140026226,1.6405144682754642
0.3685079767224398,1.558205228378702
0.2568571524894667,1.6894419482798186
0.5271528018842796,1.3227877717502325
0.6537649625651546,1.1654275229832831
0.2962747130871646,1.624207589719051
0.41836852304382305,1.3731072210412336
0.7131966436746469,0.9931278838782328
0.25992366904661307,1.7051882816986754
0.4142015631752135,1.5619918236449897
0.4058116833689514,1.3145431366715798
0.2942399557044582,1.6272372458621644
0.5267584271822867,1.121317671772565
0.47607031843786507,1.4826224047913237
0.41900984044880013,1.5898277610328808
0.40337389306250154,1.5498055147641674
0.3333906665079194,1.6646158161036195
0.37721600759308777,1.6120197312045126
0.41419756728173696,1.561262987612931
0.2878761228180207,1.6475381481046933
0.3558987547511419,1.5507847703785433
0.6433406070428005,0.9108875704954933
0.34810855626644455,1.5812296433399262
0.3215928354521097,1.6720503781449825
0.28957715707277315,1.5928760699956634
0.30313039775295003,1.5440126707502346
0.5374770899646345,1.2916533723416055
0.2611973588082004,1.6351736906372536
0.38816960338948064,1.4934278451045653
0.5557951024770829,1.3048329926569517
0.5032967850683052,1.3827336248319484
0.507212675640685,1.4035132721229007
0.71865827680157,0.9927662124512961
0.3784527761090146,1.4869422446133267
0.4428021000970131,1.4627382742557316
0.5919337348409153,1.1532163067952257
0.27332270059833663,1.6720341465708677
0.2916187617977675,1.6263061694100598
0.7743326092634609,0.812223349695729
0.48768249102487227,1.3737250222437385
0.26174703934477445,1.6415877864383792
0.6214201687261747,0.9949476045990663
0.5922140142137031,1.2001760398322359
0.34437207585410684,1.5540737357628744
0.3012282760687533,1.60878646661557
0.3894233313224516,1.5557113673818883
0.2702762201665156,1.6839105910593166
0.28299932361058566,1.644437510901459
0.2381237968113043,1.6998277168328073
0.35727002942437697,1.5886385228521216
0.5122702467481342,1.3490466815143338
0.3916216186606573,1.5871766077635932
0.31555720027531337,1.6591082527569785
0.4096300668676785,1.574353114583539
0.4523011195095107,1.3435070481915248
0.2706287556483201,1.653254565168863
0.6012177435763566,1.1719688182161834
0.7163732499837168,0.9255460587538658
0.5720696535458659,1.2264967979831145
0.43254020475,1.4930923389318878
0.25257652975245337,1.67863285971421
0.342113182023059,1.425716648455344
0.2570521487508344,1.6817221252746402
0.3023621562977867,1.6295400845855044
0.36729505412359115,1.6449907848021776
0.6866839216047399,0.8315632995432544
0.2590139107262876,1.6869256942585396
0.2659513804856935,1.6555774095579479
0.663251016342713,1.1058448094042173
0.42675923005851213,1.5863532041067667
0.6269077990041191,1.172069888810341
0.5996552325050015,1.2425541814619898
0.5356715367961976,1.2848336657970718
0.7257321166317311,0.9612713853217598
0.279373892169106,1.6600505668212975
0.38376085782932184,1.6080604663321927
0.41232645889089364,1.600427281199248
0.4819907453518886,1.4042711314018073
0.601756831139129,1.2674335924404931
0.27039018942439497,1.6042493109038365
0.5908194294820963,1.309337631673196
0.6054158174342288,1.19328918056559
0.47547857784060116,1.3609423246546766
0.4762182056502262,1.242198409159958
0.4955037402401775,1.4661465171783103
0.32838271974218886,1.5325626947290059
0.37878068751253324,1.454291381561011
0.38313238436033237,1.5570054563956492
0.5524045917147209,1.2644469745829325
0.3943551888077587,1.4688293669124355
0.5171823449787724,1.3883064072932583
0.26337002391792363,1.737986737586569
0.23724289523491715,1.7138925573557158
0.7549034008353782,0.9222763879893527
0.6310443384358234,1.0899083596966577
0.6113421719900143,1.220823581632904
0.4330096186325166,1.519892814355948
0.41508881740616055,1.4753596370905464
0.3236150619103752,1.368856182271288
0.5341354358165361,1.3346618434082398
0.2510492839915122,1.6317949261284956
0.32684248242423386,1.5655872282038523
0.2881735993922903,1.669543891774417
0.436057146676941,1.552985513435518
0.3596556248051528,1.6380799409138933
0.2574940763000364,1.6743731268379984
0.2812073555939797,1.6630321153628493
0.3450724030899627,1.6578317470507125
0.3788465851421453,1.6121664593963227
0.6646298940056526,1.1141898144960383
0.46342389416035695,1.4685032424363214
0.6918846786162268,0.9515876891131261
0.2407996736369034,1.7194934949966845
0.37706730814752143,1.526969880304231
0.2544473106095433,1.6670183792147784
0.28049777654348795,1.645333445907637
0.3823923920623259,1.5992923184603964
0.2790367891750413,1.705612455280718
0.3755559802073508,1.6276808976032493
0.5040336719432521,1.3827427423070193
0.7399703526500836,0.9690768748270222
0.3840721216688646,1.5295422553002904
0.8716180917771587,0.5427318609360202
0.2522485942880391,1.6776652028142467
0.472756649030662,1.4685331908737163
0.5482886803681267,1.326773076567779
0.5253796525795332,1.2003314362929967
0.6970733731314165,1.063599858865916
0.3101803505852854,1.6019056073365452
0.5571211850274658,1.224351796610804
0.47128233588916507,1.48057959304867
0.3919747923948178,1.5759049464471346
0.3546275665305603,1.5108721585965457
0.30272029175948434,1.5712398542937902
0.2827799105462049,1.6831400609382776
0.5344655410496045,1.3219925489211581
0.7036819561825961,0.947677071870052
0.3027146032270318,1.639019534983384
0.3944208893184799,1.5802480051965668
0.42033617984640326,1.556028536397489
0.5670563527867895,1.3118315182768714
0.6996671593988332,0.96493840350766
0.44055460927642603,1.471802780643303
0.31293011537920246,1.6871123648281088
0.2248016341608158,1.7490600427951446
0.37114374089658136,1.579397983288447
0.3268085314725508,1.567595293056495
0.5879575638305554,1.2051528672952592
0.34151650315029053,1.568333763694032
0.6494740685587929,1.203838766730468
0.3616370329874259,1.631232618232196
0.41878002917455437,1.5634360650136154
0.639409278618616,1.1708428154812358
0.48295130812078724,1.4326167051755485
0.3793539616251499,1.5111605840427145
0.24619683531606235,1.7303071688495923
0.6251920460088947,1.1257062077995634
0.7323184008813518,0.9381098660750589
0.48065222989661993,1.488287834773923
0.3673355459031026,1.5886562837828133
0.2594686426896624,1.7375885608842103
0.39120874407960177,1.3751440754631479
0.4610107154274478,1.4039091680558402
0.2855501800912568,1.6970086084743752
0.4153761709914277,1.3449040455363674
0.46784726253543146,1.4845211703899512
0.5724918995605355,1.2063713181485265
0.2838675986542115,1.6302918340945085
0.2437470496100551,1.6885518795192322
0.2911733497620519,1.5851969853779762
0.6005683265764151,1.2323299342135043
0.4488438379153263,1.287475189677525
0.34796242212976797,1.4949789173942456
0.42493280233857755,1.3902740608779323
0.6662457137964803,1.0621031285550253
0.5505610343981597,1.261244806721962
0.26477898039834813,1.7382718945846414
0.6125917074800229,1.2151304576500968
0.3388189599292834,1.5961926035894347
0.4584465970386132,1.4346513586756504
0.24518602307776577,1.7186758230298547
0.5315844832248033,1.2722541243730756
0.5965422056562429,1.2463633042043298
0.4975222773281815,1.376892691976065
0.43189640974809523,1.2652591271213656
0.6475328934527895,1.204386581165576
0.6119386299314747,1.1452565786109716
0.4480204559681083,1.1960057960805526
0.6366063836912678,1.1527920530670506
0.6283494482443849,1.1600892263622173
0.4225373722748513,1.4317593909881483
0.46154545812319286,1.2291721266786289
0.2837524511623931,1.639166632524339
0.5378608598133944,1.176107339996116
0.5630796706257547,1.3240546476392345
0.5276876550262397,1.2923899412952449
0.3603086170811546,1.6036237040265422
0.5009397833419751,1.223755257388975
0.5040194157215269,1.3289871252841436
0.5364600413397053,1.4134806347284803
0.394352018888123,1.5621865197369562
0.44220365413305196,1.2792729582741276
0.6881073727693782,1.0965746383099555
0.3670032449256946,1.4857889947702698
0.4387344622316484,1.3648880075540748
0.3676079352425725,1.5122038551277426
0.2785330644174354,1.6822740743466371
0.47112729642140466,1.487043344820206
0.6299305095111749,1.017144278278128
0.5376393464962534,1.2906257036315365
0.4972492981024966,1.2655160320265293
0.2883504007331715,1.666605140271162
0.3495027952445954,1.5620572147519605
0.3762923430885725,1.400571572606228
0.5809442841971451,1.2674379745432738
0.4683618906810805,1.2988845473191868
0.6222894274935299,1.2365276471012723
0.3685028371090951,1.5318872121683857
0.25931827891967363,1.7386423883704836
0.31251697693839076,1.582652652937786
0.40448303771517313,1.5484507027441103
0.3055225190086696,1.676788184187381
0.4918670643831663,1.474393177559527
0.2842875848607388,1.6625552131121757
0.35789295417830697,1.5613650607466842
0.6734721086873587,1.0653113073357752
0.38871150833366047,1.6092304291964483
0.3486705685181712,1.585220381158154
0.25548999603824635,1.631434481774336
0.6624281627701165,1.0744316485947514
0.3173941408067573,1.5389213942242395
0.26495632122349805,1.6236124202236408
0.35662265738757537,1.5718769016076852
0.3726818841585137,1.5798553574356091
0.3083832326989976,1.6926434952130418
0.46232640783584317,1.43440267524076
0.7259309828326019,0.9409065590001638
0.4422832092228217,1.5290475135491453
0.6024597277361158,1.2583532115035205
0.7149701699375207,0.9940343705895707
0.2547291562224673,1.6455518142060008
0.4521953765967055,1.4699446539412289
0.4668088166894337,1.4949153899927947
0.40225507847093844,1.5851706388542934
0.5074166138238998,1.4151005031482884
0.582657239486888,1.3193545835502969
0.6462898340242375,1.0828878765089252
0.6042455269851722,1.1446919067156858
0.6076286936650787,1.2326380393176009
0.475021503077359,1.317045227280319
0.7728337768872492,0.8657984452963956
0.4838695400325326,1.3734586161644795
0.36755012264307413,1.6029220587886421
0.5812792679959229,0.9629694918493357
0.6008290778239818,1.2809253083357426
0.2799814080067133,1.6007307911650568
0.3900965614826102,1.595938148378289
0.3624813381866413,1.5007731597989056
0.6880041510619275,1.0598562137113052
0.3143719070823357,1.6659015423530403
0.385021000960821,1.5609505331138653
0.33163712917928084,1.6288824209959947
0.47204338138254165,1.4099773187762679
0.4729139311845471,1.3931022303959588
0.25502021008814235,1.707059595089591
0.750451195996603,0.9393712993560899
0.614037602747916,1.2008323563465497
0.3620214709316624,1.519440778767798
0.2612018799426753,1.7448118910842338
0.5757453801989642,1.2466166061166057
0.2567971710978074,1.754984261808639
0.47593206784174724,1.506617195931177
0.5234296346444424,1.2852849233715196
0.5523050305370636,1.267208255780042
0.47398536638254263,1.3864310326668408
0.26880153932571177,1.6776561834971124
0.41514582653473475,1.5320147647915237
0.24320892359208912,1.709213475263751
0.42276529130634205,1.5217935737029704
0.566227494522472,1.3207308158338986
0.5918481024858431,1.2029954281506268
0.25564512107580606,1.6918313171570616
0.2410963497666189,1.678672002187103
0.608293718935232,1.0598948573090412
0.6880945530740775,1.0371269666679581
0.29264847204716754,1.631101188879719
0.4593381696327174,1.2135553348746844
0.3973283409033297,1.2875557141973446
0.38423069755546285,1.620536851333528
0.7574319557044036,0.7807489068178559
0.3875984760124984,1.4767499429100057
0.7904568207380019,0.786831904378112
0.2248320394407374,1.760110652802469
0.5501181886216714,1.2608463292364451
0.31879880692466633,1.5905883026968903
0.2874009853271453,1.610693331035102
0.7891237644743404,0.7704989687833607
0.6656055745496615,0.8761173753875975
0.3066976742566137,1.6555812944151993
0.4221547685877932,1.4417259064370531
0.4170333051518638,1.5419967224969253
0.4471477740623286,1.4969357113471295
0.3863437417184118,1.6295462119750246
0.6118363046819886,1.272510223253647
0.7330480597819296,0.9781058403467618
0.477243437355762,1.3506520837523097
0.6705815226092678,1.1165618265976713
0.3663960942712815,1.5157151334000838
0.46990254397809883,1.4892448083903924
0.5131662888162447,1.3446302565941257
0.33757418470709416,1.6565119336296055
0.32693498379427516,1.6255675785486288
0.35052646276790717,1.586703075173847
0.6262818776153743,1.2246701820013073
0.283838936768937,1.6998967353440269
0.458623079868759,1.4613798948654206
0.6209375329401718,1.2067639576080462
0.6565991249278984,0.974985693461355
0.6357370236279941,0.9471122038284798
0.38004126380916403,1.5077516826022694
0.24000607673640378,1.6959743502618094
0.40539150597891416,1.5392061419590974
0.5577457533823117,1.1790055173112104
0.37014815376410676,1.6180866076280447
0.4580696971657643,1.4031068199874903
0.4226386199495976,1.4195847298151383
0.28287055006060485,1.7384573549160276
0.36831100454938753,1.5950112136910428
0.41026620407383896,1.2879776226422508
0.5497392653295629,1.290739095039071
0.220074318892974,1.723777166802029
0.4691864507241116,1.5302702982644836
0.5688453358304995,1.2636006868679728
0.3697036123509923,1.5592574654597962
0.29639857857354796,1.6120440942213712
0.3530551679788474,1.479719666730402
0.5692971995873316,1.3602559595626658
0.3185050814636246,1.6440024740656602
0.3491739096582452,1.5653395075959349
0.4503895894209806,1.4965040813520907
0.6190117905549782,1.2431234759174
0.41020292063667646,1.550851369051892
0.5551117543108108,1.3430185573218232
0.748189654031801,0.9537954229501544
0.2803844662605155,1.6836902465852697
0.5010643713736509,1.37389206019602
0.5995080292632139,1.269549962218358
0.38692381500389317,1.3639297578255396
0.41839594159104065,1.2933946425120584
0.25760828236838446,1.7242822381419125
0.3835984274158036,1.4394768302042202
0.3666272554740771,1.3251332954253345
0.6598069211914139,1.1348914850920737
0.25647567773315,1.6680036473567648
0.3634548689707028,1.5801070876818808
0.4579663252101822,1.403990588325994
0.25312510744898337,1.6823913367049046
0.48430559918417504,1.4450808449510166
0.3505895956747412,1.5408642648528557
0.6536315775584894,1.1419386110690815
0.5031559795010783,1.4099563317359913
0.3085150642599548,1.578120734415033
0.49177639108686755,0.9919770120136542
0.3407927097374538,1.6381216364721576
0.2980408931185153,1.6422991204553343
0.485159567203566,1.345993762914705
0.262782954578414,1.648080924673843
0.5993696506486195,1.1961015041463163
0.27143604562460744,1.7278650258088297
0.4657756252617245,1.4053551696682658
0.49750000668237265,1.3993629582704714
0.6457228970566533,1.2008086456320821
0.3190960764209735,1.5618116270066604
0.35995406103819355,1.5716318872655504
0.20917982814994387,1.7709449394603678
0.4540296027058767,1.487907950593494
0.5646518610473372,1.3356377951214198
0.5197605724126592,1.2555957499123567
0.5675996060858424,1.2564271681825612
0.7152172031299061,1.0139543791191568
0.5630175030017124,1.17592397459656
0.2362361150740531,1.6964825015706775
0.3204165347037602,1.6205411776840688
0.4785935263831998,1.4296855680916694
0.742110010356047,0.9528082927652335
0.25966469081762106,1.666019895014495
0.49598955833502606,1.3540839312262434
0.33618926485834777,1.5382642374766116
0.379215831507105,1.565334162438707
0.34935278118349244,1.505238268498009
0.41281601729334466,1.4537575257409316
0.6456230612344459,1.1825526643201303
0.5253731249386766,1.4148318529207402
0.36528730210805144,1.6005337960220296
0.2938188870086036,1.6113032397813507
0.3538138052304928,1.6628169385085738
0.3232970863897119,1.6050516578658804
0.7200474047209376,1.0051580931356157
0.6290709114562972,0.8971619876818271
0.4243347636579545,1.524795237884177
0.5245693761597001,1.3966162908526587
0.46773383034473165,1.4327205818883246
0.515353616466628,1.351369154374965
0.2683591571716683,1.6693202395610551
0.3368418171100024,1.600529112916116
0.37224663957913606,1.5840402451201885
0.2593063154549379,1.683300920730273
0.3689636571917306,1.5306841138563514
0.312916048350848,1.5008897231133904
0.36647514281727755,1.591206415123391
0.5693251797589114,1.2467038327721398
0.4837167566029558,1.4490264323114055
0.52111414587033,1.0463507913589316
0.4465752663045312,1.4620948236147526
0.6413083774695416,1.2075385156322005
0.43436943594914734,1.5260794695432847
0.6004934481541534,1.03629896187853
0.6478187392773833,1.1776820229279767
0.4539825978144824,1.4058763150921425
0.46563906461977056,1.2750874042545965
0.34035446910133443,1.660496262023612
0.37645192103094993,1.492041832903264
0.3442103694669694,1.5038953860063256
0.29308900073206207,1.6024432642845663
0.3413612585516762,1.50535139127371
0.5850283006613014,1.2945001210043348
0.24654020455208034,1.7234615207471768
0.36470460317206255,1.4910619700645376
0.3467740958276606,1.4831715007250317
0.7480402249869209,0.91756452830805
0.5717905481087242,1.266006057366912
0.38665044802861837,1.5636309769580052
0.25447735463120125,1.680741843442266
0.3081802959677148,1.6012731007272114
0.32861544313440744,1.6296925888694491
0.34996218484634994,1.587262516057562
0.2446135541607711,1.7420531908579429
0.38305032829896246,1.5465688822658594
0.5001533415967351,1.4151763260620518
0.4897242232732525,1.3901898909903414
0.2457063894248073,1.6847698049319155
0.43986227077051276,1.4028235374786475
0.30488224168566136,1.6686679562242646
0.4554694772866951,1.483058168235209
0.6595421988504045,1.1457139894315613
0.5068043653786317,1.3047326718219272
0.2764682614236543,1.6140580573369294
0.4131056649879479,1.5810669791514957
0.33664314871386736,1.5598894017018647
0.4943469158650397,1.4379618557032268
0.40997330320211345,1.4352825860096756
0.5779352890507683,1.2597681924644024
0.7186726894903415,0.9792103625125055
0.43022625051846874,1.4569519370825958
0.5932471940511607,1.267554779255297
0.3361713671600401,1.578324042283906
0.577232654459194,1.2885624658880697
0.2579493092429458,1.7212016493819353
0.4425492647639777,1.454695882058103
0.42621359535669184,1.353180340266822
0.2530749690584299,1.6976993267669407
0.26495540349555935,1.6524793965626672
0.43826389711786656,1.464766273073492
0.4299534443265322,1.5206028731707115
0.429008323416561,1.5041611482555828
0.2959603730964545,1.6649112642487551
0.5026206619550413,1.3927877969784819
0.3252023920476599,1.6186422758274783
0.47004767032696754,1.2695973836218934
0.5416650550624529,1.3618040117981538
0.3836005614022126,1.5765126253134971
0.2523525092364214,1.7390289695090548
0.5663062228698602,1.2420607310092495
0.6950605922732108,1.0779703748326792
0.5838642544193285,1.312008492834063
0.7473696867197134,0.7963148513150788
0.26768847863953354,1.6348703688734174
0.6290385079658897,1.1673985696031224
0.5008839626655045,1.3906403198950634
0.3997736043387416,1.5336932878513032
0.460463858506476,1.5268014110963835
0.5679846785374547,1.2409995365992688
0.23139182144940118,1.679370052813963
0.2916972684409459,1.6374621122233106
0.5193055086669918,1.13080134231235
0.502664338315152,1.1800413273594215
0.40207978748538514,1.5848464784845901
0.27358301508936833,1.6389595475501444
0.6225280331834827,1.2292037306413088
0.26746263638561274,1.5897264911654307
0.2513020111806778,1.677884949646386
0.40267185485867696,1.5280765110546244
0.28558746320666256,1.62624212403068
0.34364279716018553,1.509918767838183
0.5782495775358583,1.2423912834510413
0.25898415585811596,1.6640469775260425
0.3854003036116361,1.587053299091648
0.6730597543110077,1.0220004572852834
0.3600724566909873,1.50053906471812
0.49434015429891104,0.9755307055755846
0.4188180196508891,1.4270768378159508
0.6256588745733362,1.1019762380989184
0.4823429705808798,1.4362620773625254
0.4470937999861156,1.4886898904795527
0.3905454569382709,1.4946178499394005
0.34657445366561007,1.5146232080413067
0.6138269824968557,1.2386772228004417
0.45160214781469266,1.3830273006319294
0.26126013826058125,1.6448285237616955
0.6645951040216933,1.1137600770929779
0.4419052152018874,1.4473064913379676
0.41617429814021334,1.5686757859521792
0.48930885838162924,1.4020870793144868
0.41167576575719994,1.471936496396942
0.43494965617661757,1.4584990996301166
0.24980804960245268,1.6945892652343986
0.3912465473846737,1.5225910010709902
0.7433895399933593,0.9322963434399233
0.5080136960663441,1.3440516291474156
0.5210063463159151,1.1491681932425186
0.2808712601308831,1.6312819821498317
0.36207958741448554,1.5180900584573245
0.44251719251449495,1.1320323432046542
0.47001995933800866,1.3659844325100787
0.48305227218305896,1.2701419132251417
0.5142982084492774,1.399731379405933
0.3190250667919881,1.6788372450722844
0.5836718826480721,1.3093709364078174
0.4853290528591804,1.2977405077269535
0.516501959758869,1.3627660428391395
0.42548216395428873,1.4971393181909456
0.5806010024283391,1.228064232099728
0.27274461413177503,1.6907614465701977
0.39255748666539725,1.393057996694079
0.34043405197999077,1.4313848373471458
0.3708750875133326,1.4932102072878681
0.38205144462430046,1.5269734503512087
0.5299252710677299,1.3667245818618958
0.47038255653046673,1.46199275091119
0.5993574409214372,1.180885162462181
0.5208623101024169,1.3999467342055871
0.651923825754511,1.1891843498282981
0.4546646399056465,1.4423838153142672
0.3744787955986515,1.5720090735752739
0.25628133059015223,1.679689605706009
0.2753403647808144,1.633995194491137
0.5960171749424006,1.1433934297883968
0.3691046415378234,1.6221490362900022
0.5324942139084171,1.4127767442676926
0.28506229137922257,1.6504279155350186
0.5493719543209808,1.2231096630084444
0.722064232560061,1.0030039138241666
0.3068490558917731,1.6177848287737573
0.6362405847023552,1.1825237047623505
0.4258119261487385,1.512677759382039
0.44626860321993195,1.3804626358430334
0.5792140559070936,1.2210136382447354
0.6283234945084877,1.1959213821903687
0.41314548902858744,1.4703691503802538
0.5438261816086645,1.2246528188520043
0.48983156066269806,1.2332759974208316
0.628598752217183,1.2085153538920685
0.2187767030427126,1.7449583601899965
0.23761178921942558,1.7045140178535108
0.2642626235253442,1.6576044757646917
0.681985703674564,1.0315829846127034
0.6496076695296324,1.1498199605175998
0.4012067329467913,1.5885209832953973
0.23962512247689388,1.7355363938582484
0.25450155044679756,1.6854235332347425
0.32251843562069543,1.502120140525042
0.613648494051416,0.9692814007393282
0.6975280590416783,1.0464187189828078
0.5689396809182372,1.2921632298820986
0.40248308309438774,1.4347434848919114
0.5848941564685947,1.2846845630246864
0.40054797047710705,1.5395709760182306
0.3423276081661132,1.557315599414881
0.61706913046103,1.1285744223785215
0.23712987780133835,1.7261436777678516
0.38152810201719756,1.619128051056321
0.5232826336777029,0.8788990782952507
0.5190774205093037,1.236228278142353
0.4091016986546232,1.5754455991525094
0.6168085022893781,1.1344844538408234
0.37938320905491324,1.4290365030070045
0.30222209085600665,1.6012759844228004
0.3970679457857535,1.5175007452905604
0.2898573775439319,1.5687236084971559
0.3115902259588571,1.5767065773311977
0.7457290929835722,0.9516580181811154
0.32390116467074437,1.6600918559149966
0.32926514879614915,1.661149812017263
0.348272248434274,1.6533787894583252
0.7608307671768475,0.8442432917254755
0.34856510702748367,1.611734429869198
0.36557891530102243,1.4644860258147245
0.4206761162846422,1.462479606141069
0.3290084757585989,1.5235150144936795
0.24477041686692685,1.6680767514008026
0.6842576756174734,1.1056450174163257
0.263894130009973,1.7048187372248769
0.25355657845306356,1.6665407595539647
0.41625975280103805,1.532292895715667
0.5698506402194673,1.1384393655900797
0.3853625983406749,1.5054603702943818
0.6689560194682198,1.0618257155210364
0.7539728670538198,0.9055208384560072
0.36278828853187917,1.5409521921674898
0.5402847834924674,1.115793021462697
0.5811468462323348,1.2565345651472484
0.39069957734667926,1.573721204770854
0.3561307642630445,1.5735564526050443
0.32657921178419297,1.6232724639113654
0.4727993186847436,1.2474071489874436
0.54589374118054,1.3209823674164094
0.3371944513061485,1.6105902015510454
0.7292983862566782,0.9842164866824452
0.42273461086801667,1.5314360137979965
0.4060072882494812,1.4604343447872494
0.6173399496339829,1.2462608608946866
0.25471654062978444,1.7215148359823536
0.39166107889463236,1.5333709545905903
0.6684075399793307,1.0646432867988627
0.5775525077575323,1.2664165404754502
0.2655093274429065,1.6131933591475331
0.6092461550068378,1.2175329373073065
0.2794982739948667,1.607568376292043
0.272722541477786,1.6735151822268608
0.4451521499364236,1.5019111713787028
0.35577924243204534,1.6586312299619965
0.2857980509898764,1.704765159473336
0.26032626638380085,1.6947138498881464
0.24302827213817516,1.6772318121638445
0.6272900592729584,1.238391661006005
0.4530954865968657,1.30788117254246
0.37376863830527207,1.5353444732640962
0.24586092569124876,1.6916612676216216
0.397355362972667,1.480233654818401
0.4930583262136003,1.4473623567668725
0.4333824679287923,1.5110106631774616
0.2844954753126947,1.6947609490479114
0.5888346643056384,1.2103013948926078
0.23825732016492263,1.6915640911865815
0.22538950388335027,1.7162574857335093
0.3327156847300149,1.5630740525331308
0.46020525830062825,1.314104312002617
0.6017384255809706,1.1604397583954078
0.24698059383846607,1.7156342873926707
0.3247701386468886,1.5330722939641686
0.8091687632987564,0.7399212200689398
0.44053284194800973,1.353297848926963
0.3119356027602988,1.6266783103368476
0.30388185932157147,1.6509893700121832
0.46299989294467775,1.4402395851466818
0.42835133070260434,1.5090260783293177
0.30526414926569606,1.6892504738726186
0.6376951911855852,1.1781399130722163
0.30647135666468484,1.58294429252972
0.561964440523805,1.2968915766953133
0.33123311507904185,1.6137275883516027
0.4993133104950241,1.4768430329477695
0.6321581909600578,1.1977367339130078
0.32836410257999804,1.662607988669349
0.4885681996530395,1.3970490178336261
0.37694792341708927,1.5009518706076228
0.33139410829690297,1.6415039530077884
0.44932759591221727,1.341693069086692
0.2335927484979802,1.7359269491562126
0.418053343152846,1.4761933286308624
0.5918656937297424,1.1828020170214193
0.5085218704232886,1.4259733781400274
0.3249450510862301,1.5283306811222936
0.23384229721148445,1.7648518964168567
0.41062775724080364,1.2528939964792765
0.3217146040436881,1.6188115406912265
0.40496889948043413,1.587981896189277
0.46653230008039037,1.4701556756087908
0.39613103932247995,1.5229541395746717
0.3772750966182456,1.6114693298420042
0.606885153065464,0.9779009695430889
0.4097937874022218,1.320072579091527
0.7257792931033583,0.9277492510321859
0.25222474570798165,1.6327756521855192
0.6539185466953236,1.160500945195825
0.4248370746154481,1.2830958192605166
0.7306584747161675,0.9870354192500311
0.40231027104689954,1.5796148075983416
0.512803057372043,1.4160455225758564
0.29549748673309617,1.6681314603373925
0.4235873605657615,1.530900552859523
0.45785890203556107,1.4950701082917677
0.3283578685974219,1.5619886458627952
0.5298323302396937,1.3382800085149866
0.35967987393099404,1.611150526612579
0.7220903631810289,0.9271483507535356
0.2364444738513701,1.737199650340714
0.7278754124367,0.893689255785911
0.7586239515268087,0.8833029196069995
0.26716195086516237,1.692668779833177
0.5496494928280617,1.1103817370371205
0.8130085757180021,0.712260278852295
0.47896091563524323,1.3036899294440674
0.40275452916672283,1.440023136969664
0.4072244087472765,1.4241699123891933
0.30977312859777434,1.6577935436390399
0.6034492862086438,1.1710824059077982
0.35943434364942844,1.5964893102802085
0.32144117260218746,1.594154268029668
0.2884082945012245,1.6444317626758664
0.29083752484621767,1.6108702384511844
0.338137420968321,1.6318141996713094
0.432201560072868,1.3393728763398203
0.36267926304475334,1.5960649676036247
0.47034441415916045,1.4075362235179543
0.8453177469940732,0.6184851386982736
0.4983644558305773,1.4549057734094104
0.4163952418864868,1.261397449649417
0.3572404982849816,1.5706116552571163
0.6145034438015994,1.1199343928605903
0.4017954763445383,1.3096513594937473
0.5156282187644106,1.1468171684615993
0.25110577382314847,1.7360929820819253
0.2914451789560434,1.5941140441084798
0.38484204294007507,1.5920846994780038
0.3397051902346884,1.5786975094675813
0.37206373125536907,1.4918645176102414
0.36625554085682394,1.5022915691598457
0.35553659078921357,1.6307905220465133
0.27713393237749623,1.6303123005717703
0.4230351206831796,1.5068773471842307
0.5955784722810613,1.2935095866614645
0.6036412569464709,1.2269794397627418
0.7584053287575095,0.8540987672113348
0.3222346704993678,1.5779652207016006
0.6099049339628732,1.1761535130455516
0.6666324169111596,1.0436710216315725
0.3233451227323507,1.6373868139646102
0.30371075118850727,1.635045987213397
0.3540992757967566,1.5377772555165772
0.3448441651912853,1.6687378056703124
0.4797427466080041,0.9726148414700506
0.40013990867016225,1.4800733750018227
0.3265230660081771,1.628560759841137
0.33998417558881544,1.599918243850968
0.3845330559406159,1.6005881269672595
0.24771150467913194,1.696253037199686
0.3794746768375328,1.5909171095673265
0.7287580259057781,1.0020576023202397
0.5449834697335599,1.3114863981934808
0.2913965344082934,1.6443974587477126
0.35087341218538415,1.6399401737312331
0.39935499421950627,1.384740154169798
0.24435192607982412,1.7373003122687687
0.4040675666263885,1.3292170827467773
0.2580303108973399,1.75939799233051
0.4320088795678866,1.5314199173013494
0.4891482852188773,1.4508009988983255
0.67160214857395,1.1185189230405683
0.30632563654263534,1.6556349267182089
0.661198223748302,1.0445396069964195
0.41398596483595096,1.475538683716283
0.46362809088803203,1.2417600102992223
0.6262244672542538,1.1117971606099193
0.5189609236422393,1.4178989229199057
0.3615417686113767,1.5617522686936758
0.734798719957177,0.9226604981557216
0.6215828699532349,1.2176449612468516
0.4418245285528139,1.5038526369526635
0.28825009815390856,1.6549336974104243
0.2893235134507196,1.6491169769861473
0.4735140868352522,1.288085024872439
0.6331192792743696,0.9866064746078327
0.3758096427853438,1.4996126245513786
0.5284301618170277,1.3288789154108398
0.2679245833886369,1.6860890631593102
0.7467313970443856,0.8702229028715034
0.5217257145755748,1.2904764664654036
0.29610612402565833,1.6344875912833423
0.3124538062413427,1.565881071935137
0.5343177213109433,1.2347676016019746
0.4424921488080117,1.3931176685609548
0.7454134714894378,0.8835923839204926
0.33812307264826075,1.5706516851412122
0.38782408606402136,1.3689381421626532
0.3645678973553193,1.4016640588172362
0.48312451802409007,1.412569855403208
0.5964285517128475,1.1582425483777685
0.3575637875355766,1.5632291708172263
0.2993805564936799,1.6035773829616689
0.34125949163319297,1.5168475777032153
0.24903119606176222,1.726785965047531
0.31565274610705013,1.5872664080814842
0.49010586933261646,1.2573005836285922
0.38411834639272274,1.5675126126444594
0.4003848614855986,1.5904405020486232
0.43016184652321515,1.241493308888338
0.6288760290517348,1.1551446829525265
0.6119824064525882,1.1298170842949757
0.40777370461068435,1.2867473574570174
0.5173406437158008,1.2685387888428683
0.4620001339273145,1.4771961123729653
0.4397271072963448,1.384182558138292
0.22323456297696287,1.744272489697368
0.3911023025348807,1.565640677645859
0.6574799543405783,1.1423250676220824
0.6003639751983242,1.2649588270445111
0.23326154138601232,1.7410856327997972
0.30149567105490654,1.6021672799580347
0.55884486524246,1.3360719114104103
0.4726200185920571,1.4553518853255365
0.3314441934349131,1.654203822743645
0.3781893647291008,1.4716262575891412
0.527790940695517,1.3867827850600698
0.28965385368198987,1.6837623234581869
0.35246074887872925,1.557416817523471
0.41174356160848785,1.5457018570304868
0.6852059691354264,1.0332880281062762
0.6274578915602852,1.1915765865547245
0.26833995202024213,1.6530396245928383
0.8183945375077105,0.7137915141752529
0.6618268040347197,1.1216570374194832
0.3795135949698794,1.5919646862672174
0.48572696237588214,1.354497170115778
0.47146967307303955,1.3753477977470634
0.30989125768771775,1.664599396415318
0.33646927232459345,1.6420719586197765
0.6974056871082266,1.0119249687552154
0.36759563273603846,1.527248184052414
0.5345297804293399,1.4069789501152834
0.568680976773452,1.3050019108843194
0.4294034384380586,1.4489611655062224
0.5210797747027629,1.3436875479901935
0.30531940308109823,1.5668501616483876
0.5394241169620849,1.2151697565860957
0.34828260522776194,1.4663253227079263
0.2397956018846234,1.6745355742557924
0.556521806942302,1.3513930684819644
0.42199538156979577,1.5609629409174768
0.3099143250656987,1.5627973867698937
0.32846278336332585,1.574906369623889
0.4733723473402369,1.3844787716945015
0.32138733291219307,1.5652445718811354
0.6211296194473753,1.134465925934568
0.7181098865606831,1.0012873437791052
0.5867499240291053,1.1569895009666182
0.22809975026577003,1.7028998094721484
0.5212400722784163,1.4113268561058188
0.6559114745346694,0.9626641276617034
0.787332416980459,0.831146355731914
0.4715379760740247,1.506574049441339
0.6899593703700091,1.0122025580933685
0.3241481393702693,1.6423382461206757
0.442607782535742,1.5404579789800341
0.8883675278857648,0.5073038755400838
0.3196817850127054,1.6440217097687362
0.4792106489751442,1.505085654383582
0.4016228796572586,1.5240992708638967
0.39951178126093295,1.4575583660842795
0.5907371217300748,1.1815621348441763
0.41085138758069695,1.5295521460919939
0.3993257042341371,1.5909779475225063
0.4454636898325747,1.4957329091683371
0.5650653092031922,1.0278400771952942
0.4756729872990613,1.4513670982769769
0.24980981053467993,1.6781535191028352
0.27982965954003003,1.7131849068727272
0.2652381726130195,1.6231380315604604
0.5087370168445794,1.3504546211947162
0.32393462424097624,1.5828955029848066
0.5042166787371045,1.4425292717722198
0.7874421172840071,0.7864065099650233
0.5703572293335262,1.3296334437677226
0.3851365729958657,1.390139164276949
0.5207296306509992,1.2113011562560292
0.4117819615368126,1.5677705839011349
0.36311221016757883,1.5815668861038827
0.3509095308796584,1.5483464202488038
0.30544630955055696,1.6508239306425285
0.40616583090602,1.5574065476779548
0.6159669105933104,1.120818602580624
0.6348601978993402,1.2029738886285193
0.3138858536718598,1.5275276877621384
0.31119029608703963,1.6379856724083643
0.30725994548670593,1.6619237660886321
0.22866548564779185,1.7597934761349698
0.5048365109008559,1.334172474137279
0.23172010262268655,1.7366732568052958
0.7654317871621806,0.8819172896086962
0.2660885193884872,1.59617591818896
0.3886944316945434,1.6057815150422796
0.7149726577493637,0.9584534552898166
0.334612910773739,1.4482782975825588
0.4158343587439327,1.491971790229813
0.625238235705631,1.2412765999790722
0.48054620618111776,1.4606260648849871
0.48374569060014694,1.3960444072848437
0.26906702701866747,1.7027345517134038
0.4325345560434398,1.5112957028460856
0.5168784079813659,1.374498242133048
0.32317088547531025,1.611803339883306
0.656237423078462,1.140323735242615
0.3282245117241838,1.6219631328380286
0.5965688224106238,1.2945125601568952
0.3665646935829658,1.5124904691063727
0.6658105248634287,1.100359568953616
0.2636157903458265,1.6855340943762194
0.36999610906081126,1.492873281811925
0.6823023408416002,1.074063347590731
0.2969475213168862,1.656994274558742
0.37875902284546414,1.581419512756827
0.21965561341783327,1.709780450915639
0.5622953809842953,1.3118543918694987
0.4961041404843616,1.155466756308984
0.34221409826237215,1.6661161400558209
0.251231907536615,1.725119209721662
0.3290946770787479,1.5833705324280496
0.4966087059836357,1.1713939517510572
0.3631761569364687,1.5097900829599429
0.28499059704527185,1.67252252729805
0.3283740254586607,1.6232456837261826
0.4597130529343508,1.4152776730226477
0.3574388343019366,1.6047399155062885
0.6842326155158138,0.9790224732435125
0.46551256480281733,1.2529866950349862
0.4466534558376923,1.469215804454231
0.21299394134553568,1.7236273874792643
0.36957712924551483,1.5989038788638565
0.3466544781334836,1.4943056210128036
0.43530173121544075,1.572837078165828
0.331203830370436,1.6336067236898517
0.3443793683420665,1.5069051868601016
0.3746566753535774,1.63417074350174
0.4437578611086379,1.4401723737323762
0.3939940772836824,1.4433648103117258
0.7739423961832839,0.8499200237022693
0.6342858767604707,1.1973296790968833
0.7516590236128396,0.9321931454813813
0.5301096128348355,1.0948476301811738
0.4183610442497866,1.5390374927272445
0.2387569945191215,1.7176569162191668
0.6157903273063337,1.0312239269311525
0.6118434732112114,1.2445565319424838
0.5326644988225069,1.2562736244068828
0.41495129406651493,1.438660758805782
0.25649785170227934,1.7265389128889015
0.33882255358507335,1.5951042639066393
0.5561319780054482,1.39159216814247
0.34879549508217367,1.4283261372344591
0.6471147833461843,1.1186994224000444
0.6017446552349505,1.1700414411528426
0.4722235680859398,1.46893535206201
0.5918528745610996,1.1691155896583714
0.34558960805497535,1.5701009170381492
0.47393173561276847,1.3808857858554524
0.43213248848712055,1.4766278570013198
0.3687592668558176,1.5566890827184505
0.28502551620151434,1.7046397549087249
0.3463172150482091,1.5972832536647825
0.3282924941360771,1.641956342367191
0.5798631496348832,1.149017372152621
0.32861859486195305,1.5035456348621343
0.2916505567731808,1.556696366072917
0.3357235303255577,1.5281231462999176
0.2645914673530053,1.6774864086284207
0.3369724080366682,1.4885816472224005
0.5137714180110612,1.301355078445095
0.4426478551325216,1.3803514789620275
0.28617724283727125,1.682502731137881
0.31197273276606474,1.6707011930694835
0.5147970908676549,1.3416133532207808
0.5510507087237242,1.020291957990447
0.4587401454193193,1.5242815422141325
0.37498171776291883,1.435877086355276
0.533270384740998,1.2071885736451387
0.552251593968391,1.2694648672420175
0.4552137890897462,1.277729526749735
0.4570120439666422,1.5262639898927113
0.5173122008989416,1.1394707739368721
0.5850073333677884,1.309670018331909
0.7310717082420382,0.8882616850306402
0.6792047626574276,1.08902237939022
0.285286265942602,1.6993805795103358
0.4402130358571216,1.511445971335891
0.641185268587437,0.9200488842849974
0.633100818988653,0.9750882507561291
0.5188065931426321,1.4141914655132481
0.6545680025322237,1.1550828489836624
0.3122096188013321,1.6128129966695384
0.5864583863889664,1.1215861363393427
0.41050972602176133,1.4931997836506254
0.3022270524208385,1.5253990808013944
0.36279636926880593,1.6292667748974152
0.39928248376850484,1.564539163303856
0.47237527961101977,1.4982394647681279
0.47194910010873387,1.4802076914909967
0.5125574248212342,1.3988843699807365
0.2005551190801404,1.7778566979710764
0.4039725004511318,1.5897639249946365
0.28739293173798897,1.714135916659759
0.4028116659515016,1.5687840852063315
0.5194993607128985,1.33614393719565
0.3176799550180501,1.5775816027618443
0.6611746696109585,1.1234712420125315
0.3821227254569347,1.6280367290082762
0.41846073636709846,1.464043952363451
0.5091391174131127,1.4374851380560407
0.3177518147319403,1.5876931562648213
0.6273236616853368,1.21477563275706
0.2544680278146613,1.731421962289862
0.21736225729259653,1.7287457659166185
0.5767500369111281,1.2599457534800957
0.4388943898147555,1.352799473297258
0.32351474152972365,1.6544220114355546
0.4854852934795886,1.2219845918505863
0.39569312073708485,1.5743058179633462
0.5664868160851784,1.2501899079323306
0.48568271663628,1.4214623266062585
0.39922936496551714,1.533151348385089
0.2704651322312645,1.6986763949622474
0.7570315593419928,0.9107987467989959
0.22353373070688623,1.7311941624356317
0.6340334122177578,1.228684098316246
0.3129629807007055,1.4919344008375306
0.2701478724604778,1.710098512900946
0.618253515624699,1.1800948463012064
0.3854544848628007,1.4407587878511048
0.32742826931188035,1.4713907400727522
0.5621748038731215,1.2924454375111873
0.476213148147206,1.0676095578905551
0.58045332722585,1.2063206312618284
0.4692284695151792,1.2698638692495594
0.7624021445780416,0.8335314301692599
0.4237794495591478,1.5255827763323622
0.30669719654147737,1.605062618034324
0.3741144869138908,1.539369715086428
0.5732832337638912,1.3596929985195862
0.22888237521411786,1.7422156704629024
0.6273705610921246,0.9767575962075272
0.48768330563989803,1.421327584438246
0.7123652964719929,0.9215441297041482
0.3115248071959096,1.6100638752830998
0.30414205525048954,1.6727027298020258
0.5589321509913523,1.3045144292009545
0.8438279830335057,0.6444245726726886
0.6748483169808698,1.0503507696781174
0.4909642383815471,1.3798685151359227
0.4061638922386177,1.4818697765973774
0.7267145284918244,0.9061665431077957
0.6921457220634648,1.0826002380078485
0.44329458368348856,1.4601972127467526
0.3147889807809687,1.645327970674629
0.41987897133468655,1.4848491880382777
0.48603492867911285,1.4858821227586272
0.29861063538594435,1.604089712462771
0.3303585976743792,1.5701213571203656
0.5367631322741399,0.9451181008229452
0.4751295159399322,1.4622865240082052
0.23858357434750824,1.718210854591388
0.4460849356871277,1.514332074637499
0.3063114818652292,1.6113785082506686
0.3162685755522754,1.6003404975551714
0.35470875679994157,1.6342864024976334
0.5011188113344567,1.3356418098072087
0.33745182063127865,1.540893906415844
0.3420390736522377,1.592217929457432
0.2843142354998563,1.643190443285039
0.6546846644900225,1.1819701226744588
0.4265545992649943,1.2502406911231612
0.554169460014556,1.2722231641462316
0.25581659836807263,1.6679300328860316
0.3890883509986439,1.6017438389754262
0.3489035749410584,1.6523312097614542
0.48440716008401696,1.3898629237152205
0.534686980134836,1.239275021412193
0.5144624393461369,1.2507697650573466
0.4170607112127669,1.2971758033065135
0.5675237939466821,1.2998971027247406
0.41517290800376333,1.4386526263758856
0.5700504069201189,1.2939430682779993
0.6076843071048355,1.0159811511710295
0.4224173476338539,1.436508049981749
0.73683905849516,0.9278647117011938
0.27055967449549406,1.7174052007926985
0.3481939082799166,1.5589501914677526
0.3287248113893623,1.673413541736618
0.35140140205648607,1.5436905540336268
0.24894723365625043,1.6598392904489374
0.3000791173930745,1.6583962755016364
0.6002377316112203,1.1580939144074407
0.48003921359345036,1.4664341731291985
0.5487634525855073,1.3188368332242637
0.3451396965048625,1.3509265124310708
0.5050202002628837,1.3709735776965402
0.34869519746351885,1.506821341018284
0.561959800885207,1.2837251792903257
0.3067382148243696,1.694802791813451
0.6169457395415975,1.0291848873884428
0.7554973506551724,0.9041775708885291
0.35587249303202007,1.5383837951602661
0.5934856550633382,1.0529551836162045
0.22073479379217076,1.7357381427981713
0.6665158647230293,1.0870270658254328
0.2666764618238768,1.6906590514950204
0.3785886684259432,1.495146428554243
0.31597571751503056,1.5985902395718798
0.21027017723276115,1.7591671210893296
0.42735885569865867,1.5004892272058312
0.4523636886107825,1.47075925267478
0.6179092112317432,1.2125815432846756
0.5941403581671448,1.1959023215839464
0.4419805072521778,1.5396660674867697
0.7161932520202378,0.9780324577631236
0.2558954102458139,1.739730259209424
0.3135290586939121,1.569629986423785
0.3535167586626081,1.614612828367513
0.3390020752924711,1.5363924448218271
0.3710689928759062,1.6075800776753626
0.7600661149302738,0.8780679319817348
0.766102747842221,0.8701095527109574
0.706886846533247,1.0341322154407606
0.3993372660992135,1.575013556929007
0.3984225769399164,1.225699905829733
0.4035822196038652,1.54755321894445
0.4143978727508531,1.5565220213563356
0.5226601532543941,1.1120316970784063
0.6213737953406807,1.1340264903095734
0.5629815949060335,1.3219490634740831
0.541111321379836,1.3170631863144766
0.3670012864091328,1.588342453187178
0.6592916810417956,1.1238666924714582
0.24255326496667604,1.6932439244496587
0.6117557894217034,1.2225969310432032
0.4281764326746198,1.5296698924254224
0.47196601893795154,1.4007878664677489
0.43541254772677684,1.5604458397940393
0.5484935134223573,1.3055008596850888
0.47307150275130005,1.2789719067905367
0.5432940280328898,1.347786788884217
0.26019889489190917,1.714613575575038
0.6475350367663337,1.1041372538089844
0.34104067467618593,1.6148768700166385
0.31046990100851546,1.6571117577606143
0.6522025023233227,1.0693984443560898
0.35267019998484783,1.6040428978488104
0.37483251454382344,1.4380846094188282
0.4084447687203485,1.5854978717870511
0.4929533828624973,1.2345149573004661
0.3135187024825746,1.5814282179071344
0.6300278036612706,1.1937918394191271
0.5364699859156975,1.3187968307082891
0.4698752262961711,1.5132824460871708
0.38584080577162777,1.5495310381124174
0.6543899825526068,1.1699949644742724
0.33990914318208804,1.5945033389514343
0.43028503421160785,1.4961009063101989
0.32835460666274574,1.5402495494353168
0.2903951842978169,1.635442524702021
0.5446381437868779,1.3417269017885338
0.49433389441136805,1.2642908783315387
0.7624536773200755,0.8682974433919972
0.4775259586659801,1.4522078711915776
0.3579598751210772,1.635584258513744
0.25985393007312,1.6494101936628769
0.2853107296214687,1.6800609240401359
0.46085280414634366,1.3700748488578298
0.23708507348262178,1.7303690898557718
0.3678149398059664,1.4885347494535517
0.5655637127410292,1.0441661055640619
0.6782644098329622,1.0760862670415423
0.35597278787918796,1.6082450352182573
0.36592181256103745,1.3740886864289137
0.23483973356779142,1.7146248789017349
0.2707598243330339,1.7076262015979147
0.7647995132610711,0.8894539277576314
0.3823845944768787,1.5554728725201477
0.4415517357144209,1.4628194794912779
0.2592457356617059,1.6641260327185041
0.6219340305518724,1.2098266588889959
0.3542257290684175,1.5802040005826095
0.37012846341218175,1.5644079532361397
0.42047072238640404,1.5385977902265957
0.2641288413563464,1.6269800661912255
0.5914672437046183,1.2859377393576819
0.513329263786628,0.9209674386451365
0.2358990801279444,1.7407474355306383
0.3676736511627687,1.5397950895835728
0.511829487105999,1.4659368835456672
0.3789460474799573,1.4910953770679356
0.30777285511396474,1.608510153487099
0.40320692435432787,1.5858513019843525
0.3306486226999348,1.633082731081685
0.5245812347732595,1.3049061228206493
0.30603145842784363,1.632644990990039
0.4038542228099328,1.5770042040437742
0.3088223396128776,1.6096712084783718
0.24774112650341862,1.655148637425237
0.34408580189971755,1.5980866038986883
0.749205893837542,0.9375896518485577
0.6139730630683854,1.2580092102356637
0.6099853397115886,1.1651059004598903
0.7547081589065585,0.9195802175070434
0.8281853132119928,0.7167122961472285
0.7130850358193423,0.9361683920316701
0.33738122734285914,1.591279815286281
0.3749693536430394,1.5315658045056164
0.48339063910255414,1.0458719186420093
0.6818614835881137,1.0553565167855132
0.33979841485758394,1.6548491190312542
0.31449188784975396,1.6239916452408716
0.2733890372888972,1.6211717025160628
0.46150029942330884,1.2720284235938837
0.3136562297060797,1.6312557559862682
0.409176911146868,1.358003130058163
0.36154568632107975,1.4944315730780713
0.32464156732159216,1.6018279351479643
0.4349156541288929,1.5707313222942876
0.3365712850082488,1.556209120144298
0.26939195984000436,1.628788627907832
0.258257250441006,1.7168492479678397
0.4768090221755193,1.3751973654389433
0.4985183677838902,1.4056366511408507
0.5046209160227629,1.4474937469686515
0.553144237662039,1.2629929726336337
0.4942166546747606,1.37694950976325
0.68421912122368,1.11188038168424
0.7189646999763809,0.9418776374742512
0.3669811511310024,1.4403138976256742
0.5991106271381635,1.2591192673319478
0.5610774881473578,1.3370648739954791
0.6248210209345149,0.9838730089827648
0.637942109413879,1.090851530500952
0.428730493047907,1.5385997307578765
0.29432332118911547,1.6579383538199959
0.5034906565290789,1.4565923005624908
0.4505130596657879,1.512874631841392
0.49666094709103675,1.4125128180669149
0.27366466694373687,1.6748214072960013
0.3999417138939464,1.493845856735307
0.39450859269885086,1.5392516984651854
0.5251735384157559,1.3552157970659497
0.5504534715028742,1.2550593161828774
0.3952085632771035,1.4662018246731003
0.48775844888685643,1.387126275479444
0.5599360761299194,1.3283986518862334
0.7308032018845155,0.9251236721105176
0.47500383037479743,1.4178810613396404
0.3218281147049575,1.6413478240925439
0.27000574232286734,1.6599203813122325
0.29188374402681966,1.5673311780502444
0.30953828977942666,1.7009606510759068
0.5596465458916755,1.2492670919851092
0.24262494400453136,1.711831325345914
0.5199776842567719,1.4270225109417463
0.6229775631128192,1.0794269862372388
0.618187829989646,1.2563059147930375
0.33986609735787815,1.642199795124598
0.44105694381740657,1.4397583561617946
0.7438083408157289,0.9489725951742719
0.2964773426629554,1.6761211180624096
0.35421329471671315,1.633333058653795
0.3912738708879309,1.5643458787621671
0.4020181782104702,1.4873606500714038
0.4918735638662397,1.2232947950525936
0.5839546832829364,1.1805619375713392
0.473214213647095,1.4874811388080844
0.5119459533057292,1.3391103141824843
0.36320743184424575,1.5816903287919168
0.4083770352082996,1.5244049290015116
0.3247154074658879,1.6339179524998735
0.3946430532011624,1.5482332205023257
0.4115427232602964,1.5546694414614401
0.3617590579608422,1.4767052960180815
0.4070495560906109,1.5415974520933973
0.622995865194569,1.0739373742128384
0.3937895733466633,1.483506311474642
0.36597978292501443,1.5179157334344207
0.32676969328064276,1.505735809059488
0.2843782467312271,1.6409343038943287
0.5363366351408537,1.370157621656772
0.2963861523796837,1.7138161159385414
0.3376836913786584,1.5129110098056064
0.280529263211071,1.63910710369538
0.43814784597984685,1.3277585767035
0.6757669155309548,1.1020804357205545
0.6086379903616072,1.2465704728556068
0.6540989002582267,1.1572252656552633
0.379489667853788,1.6050691767270233
0.6004272735544709,1.2119733093185046
0.37948053944064164,1.5606499382460424
0.6405952278945326,1.2021963919728382
0.7182550700911724,0.9279785892828356
0.3211270791243542,1.6112095909985427
0.39533035616802376,1.495126408550076
0.6487838697129124,1.1599205278478466
0.68308400101551,1.024980871017288
0.6344835386714835,0.9542197022158454
0.3601702332280576,1.4870250711561015
0.41779987616215736,1.4924374641199791
0.2882169093101743,1.6649688020697924
0.3879905054076269,1.570352047285708
0.27851981578590435,1.6517723819266181
0.456487919497397,1.5194928253319224
0.3230421456900952,1.587512747328003
0.4060198403882129,1.4986733246429236
0.3789116838905957,1.526973590153171
0.3633391193962913,1.4970859191534682
0.32817968626542404,1.5652963857357036
0.38805343192296626,1.291073956954006
0.5193445079853672,1.3644893280414045
0.66582812405086,1.08699039483466
0.47716418620059786,1.302653308930958
0.2818303113178903,1.6317681419238244
0.35596641614128255,1.542925008085887
0.36257374528778413,1.608468230358484
0.6101493541669664,1.1493004067496153
0.2520536999020228,1.6827755165645357
0.3792663121635325,1.5260206770779532
0.3043488278523962,1.6682504532253883
0.2834767579773889,1.6859373260095625
0.3638337233906611,1.5647428661029832
0.2504073758452333,1.6894207693790968
0.3671438477481719,1.5815436609527749
0.2959691464591614,1.6698411670050186
0.32220756840878473,1.6328557849399024
0.49687762630515253,1.155325256513878
0.24912463775084934,1.7303062667490732
0.4484086421107206,1.4591292897588977
0.6616023027479044,1.1296492638231033
0.5666835019655985,1.0231372966649173
0.39003961609384075,1.456902244245847
0.5885731160882455,1.082538530946516
0.6868184547553879,1.0399602259061353
0.680224765207136,0.9871762616097199
0.30814338137197045,1.5445524623447047
0.2659445870515056,1.6923335998824962
0.27503542048918367,1.7340340763565494
0.3759203365984219,1.5141615512016249
0.4970011981144778,1.1172650050357205
0.43407412393276046,1.4755895513725301
0.2652384957011627,1.6234824507473409
0.46211617246673864,1.4326632156447274
0.28033045490134373,1.6644647226697775
0.6335169810838293,0.9557157379557766
0.29005245160014975,1.6037707646760124
0.7407378268523317,0.9201062451554962
0.7209931045514648,0.9027407339515667
0.45596830341800554,1.4522841163749445
0.314071948159348,1.64205976664269
0.5712166886776019,1.255369447527908
0.5582914771635228,1.1044475485834426
0.603941081356469,1.1653486036290808
0.4218315630885875,1.3554903436698311
0.292413657998542,1.6588526844928773
0.44861359300818077,1.4983211564891477
0.3287558662389341,1.5435068163588703
0.39517183931365263,1.5547321439771837
0.27368150609066083,1.7313558634970003
0.3786876473184853,1.5265966089238194
0.46876812863778833,1.465696486681111
0.2975840020322308,1.6098419129292725
0.584304734264157,1.2131486121615696
0.43708390822216037,1.3698549625882155
0.2595016031985153,1.718174224046368
0.40501554947157303,1.5705086251748002
0.6641086809006225,1.0513186460283768
0.24154695910244198,1.7021662471649064
0.39551306478346315,1.4636957164429736
0.40327320185200566,1.6096411658149994
0.5113860695437445,1.279787084880906
0.3930613171762739,1.5873464091013307
0.25659819779447574,1.6794320246679544
0.687213447314685,1.0957415377528585
0.5829777509197657,1.149842951116034
0.5670670530685198,1.1128709577712526
0.706635620204993,1.0183350257421524
0.6318880013870595,1.2317468515524028
0.7525493040111085,0.9142949391505688
0.3509509691945427,1.599825747433433
0.24229810107529648,1.7119584234554646
0.3235510260426917,1.5851290607870068
0.6074739885747303,1.2895160434431991
0.6470206167472207,1.0140076790762982
0.29643914524624004,1.6035553301779382
0.578468468763882,1.2242106310510692
0.2685753337985963,1.631652096072496
0.3126401610088476,1.6413236418753534
0.6300854732899822,1.0381193662067345
0.24254119496991133,1.7382443394895388
0.2362699363558556,1.7334009463401094
0.3823716454386902,1.4669801850346484
0.7077076690845697,0.9737087087581655
0.6952646613373304,0.9947287578987891
0.3038501812694542,1.678747726162935
0.438707326048295,1.4762858520682136
0.5440653041064497,1.2427743530410023
0.733956323815967,0.859295958607686
0.36920988298806273,1.4337834962750882
0.3705174427801475,1.554008153785091
0.6931975228642867,1.068158648141052
0.46204448140781007,1.138879953907987
0.6274439916869987,1.0596968515385794
0.350685078714228,1.487029026625677
0.369939800636881,1.5153249962346935
0.26074246258217965,1.6762988086156316
0.67737601304047,1.0435571002692399
0.5849433687716328,1.3232361880269852
0.37034327145679563,1.4272018107063205
0.46103268241565737,1.5286086391405604
0.3364878053648592,1.605840172874967
0.5902926753520779,1.2137682873505808
0.5186020518937114,1.3293985756641715
0.30194900046627104,1.6516956424610036
0.38687157544038087,1.5215181122684416
0.607073702210632,1.0707475394632042
0.26345453586629,1.6538516024181706
0.37634612053623473,1.5195146794267904
0.48594420230765417,1.4608269460924563
0.30614895627739497,1.6861519454135516
0.32676967616014646,1.6335386789027584
0.49392771437531335,1.3303097044474939
0.3603717934486011,1.594077470649261
0.8607964999858994,0.6097909080894028
0.42472029118289173,1.5247554799422811
0.5226183770852924,1.4367491158058652
0.27637457591122716,1.6203368883038216
0.48961276573500334,1.3863263954520755
0.21953818600033156,1.7468125705066089
0.29822359800399767,1.6690465819481326
0.4189858401505372,1.4225509025941916
0.8716061804765628,0.5640745392477831
0.28788111548278333,1.63132900298912
0.3877355509006575,1.5383060515161575
0.5032896276873121,1.3856109049664467
0.23568166088277115,1.7401567670738645
0.6220262385132675,1.1123975851936851
0.27394938846885863,1.671314119143944
0.4398562311294864,1.4096547668894963
0.5486043450299166,1.2829019242617374
0.31102812533511975,1.6098121806818981
0.32898974017539606,1.6132851129689059
0.6808353372402972,1.0900379753494884
0.47703216844578156,1.4688895467164294
0.4602262717662473,1.3996160867721599
0.32966442908781846,1.6599714217392987
0.7438535459365204,0.940049253047731
0.3648026132887463,1.5392204407817125
0.4581312379540266,1.481191187190242
0.3878770288691995,1.597446621908744
0.32210115269734707,1.6369446670379109
0.343585241722151,1.6147911167061182
0.33894138987932965,1.6160507214643136
0.6890305999296188,1.0723981486736343
0.3645072252519158,1.5157136166713512
0.29726227934167154,1.6206851849191786
0.7236339452352886,0.9897464530272494
0.5051977727530904,1.429471957286482
0.2720415746644633,1.7062413949553696
0.5598265706830752,1.1619156411951361
0.8231497787686218,0.7264258068558929
0.45152725034524305,1.5063973745328787
0.5011917530479191,1.410994516801906
0.4773396107320607,1.5026611243640184
0.3963675158842544,1.5672489452482974
0.32916770216264185,1.5505006114160549
0.40927505704445427,1.4875528242648215
0.35982179819056626,1.302981003022396
0.3945171823389434,1.568056429068932
0.6997812110031986,1.011205015826969
0.5431886107189956,1.3287384803044533
0.4127161580679002,1.3554698378708896
0.3036637779205912,1.639653500710014
0.3458299385255333,1.46371579520237
0.3848264802339693,1.3415213893379982
0.2865645307157194,1.6920334466797549
0.6839211355948634,0.9904329713533306
0.41612348395704984,1.2584978177516897
0.6464890809212334,1.1729375470861583
0.6772307679061378,0.9965700105377482
0.37996858033850794,1.6458457079510531
0.3438933171004324,1.6584194812983002
0.3618250879513332,1.6510944055992747
0.5122005787952376,1.3830789175507316
0.3078552966071005,1.6528549358768263
0.4610047481974833,1.460587944582521
0.25144684960497926,1.7043634648136403
0.37052575701772067,1.614888768675081
0.34987253899321846,1.6653063009425682
0.26061219865576674,1.6062079206800846
0.5498692313885523,0.9960965176350537
0.273964971537933,1.595810795152977
0.6155259726900719,1.1814796456497947
0.6046868766916356,1.18732408550171
0.3894933547359713,1.4533232391975341
0.3716242283720915,1.4440485522185995
0.32454951473301263,1.549803103880643
0.30555132616805764,1.6005292573335979
0.7553496158940997,0.9018865517982431
0.3160531330277615,1.680337594526638
0.6852943568080319,1.0920639757321224
0.5196814393113022,1.3838101414642414
0.4554722821718081,1.5252666711333773
0.36631864967729455,1.5508941693382783
0.32341270087024904,1.5851005561283753
0.44672148543686524,1.5288811458087854
0.5343431648660996,1.2639069950713562
0.4460194641971672,1.4929239790302904
0.3118519305040607,1.656174861136238
0.33546723572888015,1.5651984910178844
0.4133266161886283,1.5451800580563597
0.3821135946779796,1.553191856983204
0.2566069756629578,1.7279399505312227
0.4165229606182437,1.51618821599868
0.30129301077025816,1.623276639228921
0.39203847402818204,1.5783247724959406
0.45705766422167543,1.4773897659627537
0.425658510277853,1.5148751558783478
0.2592663736794518,1.6597751734082142
0.48465452435851597,1.4929601575745428
0.3533727539524585,1.6039044913537501
0.48321530807064533,1.2030258412146888
0.7234675883710663,0.9258524220685721
0.26419461457674204,1.6684995084420056
0.7220443909085691,0.8880156701859344
0.5031285165736724,1.3387332736156998
0.44835038173668057,1.368922316082838
0.4727477089873807,1.5040696888939602
0.4112159429339192,1.5427747583655511
0.314259770956643,1.6544358848337484
0.3574544842914986,1.5853133552095027
0.329748639845044,1.503114395459622
0.4501209462439046,1.383115926024814
0.3014209490391465,1.5593020711149448
0.646225187441443,1.1601271230821903
0.24169280347583447,1.6834133495337946
0.44059343090154857,1.3145133659581547
0.2813171074239541,1.7126337458422043
0.3888492418926932,1.5975244281727659
0.4664306294161774,1.4262321851252797
0.7081841835111102,1.00131653201605
0.2783203616592702,1.6109054105977898
0.7564448701091293,0.7769315949558931
0.5388570043033584,1.309046062198437
0.34109222190900806,1.4872967539931397
0.6177834914116428,1.1957789583882
0.26526234406523724,1.6924980366138551
0.5985926185267288,1.1917096404856453
0.6859157243946896,1.09924464879785
0.40809300145720495,1.553620007177639
0.7045672619157719,1.025018896396867
0.579135823034325,1.3068301287642645
0.34155404731461914,1.4764654930161545
0.626002680716003,1.0810316902177615
0.3334234932079991,1.6779966698126163
0.325214190977706,1.5979327916442787
0.4396663217031584,1.4847697117712917
0.7102238889089921,0.9392481443728886
0.23977311748303054,1.74534168752529
0.3657415908102355,1.5287719698372078
0.4513001831097655,1.3215182499687281
0.3047329872568348,1.620206678537074
0.5786170679637769,1.2704580138917654
0.4956735030031282,1.2299087497330201
0.5064878709075233,1.1293621723016245
0.3788671801964329,1.5928183364089328
0.6025887452539793,1.2625856886386166
0.5132009939940475,1.3472835693240957
0.43512369337703455,1.5049845589709656
0.28700433702074024,1.612915939255605
0.4905083018325789,1.4421156397186952
0.2657082040106165,1.6137908060576447
0.5180528066678436,1.3949371549961453
0.2822385386852655,1.7124648759558425
0.36266879660077855,1.433522855442173
0.6667467807543663,1.0816175652809261
0.2610231766287229,1.6262620870231437
0.39858958525438554,1.3724641499181114
0.5135563691157226,1.3317717490027903
0.3347379793946072,1.614231140201684
0.4423813292693304,1.299795280838358
0.63623575346375,1.2069015682515707
0.25460730903499523,1.657539216857388
0.44932196402705377,1.4025773388624083
0.2461649367316286,1.6632613459972017
0.2905084222352453,1.6781689080102455
0.5416948397622454,1.285036660376719
0.46376997104406403,1.4017609983325634
0.4798957085058772,1.1999049658359555
0.38306572010043355,1.5244205990028037
0.4621583736656376,1.5006242957024
0.31853837923865447,1.5915584607212276
0.5444526134069333,1.1881804363031294
0.5412220647093898,1.353187778668989
0.28886931618497835,1.670463063995289
0.2613711861560905,1.6254838142137165
0.30306719644893776,1.6017980768234454
0.3215289257884429,1.6263104585356687
0.5089519945498938,1.4271366784259976
0.6408804252670757,1.2011049219243115
0.2497592070395961,1.686750753075774
0.31825337631126305,1.6169638748894277
0.6396257269214863,1.201924364972379
0.3809996810591691,1.5015816879763395
0.4571188969070169,1.4414164672076721
0.45496734727923005,1.4754621414840328
0.27666840827699984,1.6948546278165408
0.3802165437795271,1.5948427369788436
0.31701556523024527,1.5510840559819323
0.4957201844358908,1.2025227857069838
0.34211744226193286,1.598058605996468
0.37491698607687635,1.5113961645747518
0.36855965089751713,1.5395457511213695
0.4120472518595138,1.595669121171952
0.33059523364181226,1.616986343142773
0.6198311924273041,1.1720800513300738
0.44437766815650614,1.5445891532288756
0.39254772747710553,1.5560556529436078
0.37847511576111564,1.5051777601382277
0.6126293392161798,1.2242613587613131
0.7718952245357358,0.8649820837077774
0.3389127303344738,1.615460653923277
0.3457924030274864,1.5268396211678479
0.3729753805374783,1.6200574019297833
0.36258240262507124,1.6316608425382033
0.36080330475882105,1.5456808810762046
0.4656454880112797,1.448089614700598
0.6004924809771266,1.1752137744500242
0.31277317400107313,1.616218944998546
0.2826558506831383,1.6822672481373895
0.6981835362908126,1.0036009340360594
0.6902210104309162,0.9747426927990153
0.39110364280542453,1.5491169953413564
0.7793228147002396,0.8261565621898483
0.3724314352254491,1.4944772686148227
0.5624122621599934,1.0420572961583507
0.3801044405306156,1.5292465745679462
0.36033182007084313,1.487983566644293
0.6006405856814803,1.0600737914041762
0.28524604456249525,1.6915426739004158
0.29051331697538796,1.6569526429335488
0.6192883036446833,1.150696641318434
0.4067139205784317,1.5749963936624423
0.39380996992798545,1.5634101251926467
0.4674298571971161,1.370013083065288
0.4862540188694237,1.4160402031657613
0.3353486081211026,1.5130731044118773
0.6221178573224255,1.1159959805391397
0.7185260761160451,1.0099828843262215
0.7291893492538457,0.9841756941418908
0.2747159218948092,1.7066553051046585
0.49996631582158896,1.1560391716989245
0.2655718283435915,1.6097032513620704
0.38257125933449193,1.4697050209738431
0.4991654270703566,1.4430666435047124
0.25935292899364853,1.6805917604896847
0.5078428599875567,1.3292570600397295
0.7137819817124562,0.9670970373160594
0.607752098799046,1.1134707033922684
0.3173774426749723,1.5167213556207517
0.6335679742817308,1.2112683462791667
0.5122052270491482,1.4061865523123487
0.6108191757182562,1.1649140431261173
0.2936246342072317,1.6504124875760566
0.6311501127070299,1.0466951330960297
0.47432112656016107,1.2485918956032014
0.5548146513754024,1.2474319716085598
0.2596825800306008,1.6623303026515446
0.2697006363367337,1.6949252933490215
0.39849898876845885,1.3967419585463074
0.4634094760376404,1.4095921429738374
0.3672834536150227,1.6436474883855974
0.4407281045836854,1.5049969700832795
0.43787532331073953,1.551559080154814
0.40229431818228983,1.5797593255326043
0.2652287806186813,1.7080597086366547
0.29067558394944343,1.598611521787921
0.3869780463480336,1.5912202684400791
0.5553207327160832,1.311987061535376
0.6156643073125373,1.2258881312685321
0.34241749805465943,1.5381198360538384
0.49255330704872646,0.9910109959686778
0.5675816253640646,1.3177030445812268
0.36151170273751987,1.5549811003410061
0.3142272682626998,1.6604194669078585
0.7211367101113594,0.9080077727092892
0.6916026285230433,1.0183605019306705
0.6437341953025526,1.218998421786587
0.2832113699976696,1.6310689005288403
0.24384252850035026,1.681515403050722
0.3567237435960307,1.5639000304071828
0.5993214832345226,1.2044594479817041
0.2649750349587776,1.708105411293861
0.27423853911055046,1.7170646861154897
0.4822922217264354,1.3955906503922573
0.52496571444222,1.4280658210423955
0.6818304680926094,1.0722795024296459
0.45440935603193,1.4407959599737523
0.2512381821086,1.7555279162200752
0.29224911404198795,1.659566473902954
0.4955866384897715,1.1997052320476191
0.31867571069367173,1.6649661899921526
0.7062509359725363,0.9921769390498199
0.45820490989421614,1.2762850191352342
0.5681982357154302,1.217423578247134
0.23961707017926637,1.7300417833743515
0.393206522571343,1.354443738416732
0.4156250382273855,1.4723973123067127
0.5446038169301054,1.3147572820040212
0.45743929478922096,1.3817255818970806
0.505027547181798,1.427018864129523
0.6483029351232592,1.1705893602810784
0.3333431897637788,1.6047472215604488
0.7213531690938781,0.9002884144296408
0.5407613093941355,1.3608893307651246
0.5803467906264277,0.9875262704419547
0.6494689981579709,1.0447910100033908
0.5533588642768987,1.3408674528617877
0.2898256973095781,1.6207818218324141
0.5519601068087292,1.2883318482342445
0.3979782057967042,1.5256883976800542
0.6919651900170328,1.069185816984681
0.6139364496797934,1.1979865663816236
0.35858281848909634,1.3122534954044611
0.3876337585074902,1.5301085706516129
0.3836679118682198,1.4697469413205437
0.24195915389563213,1.6700442737128154
0.258120195817628,1.6990751282968202
0.5779127449789396,1.3018664286234392
0.443096087704703,1.4593670632038245
0.48826404680209656,1.4853844719539733
0.5172351824479423,1.176980029977564
0.32612280599027516,1.6316730240146964
0.39602270076496116,1.567619297865974
0.567504906871892,1.0800134324217874
0.4091029094749534,1.1783577244657581
0.27111430619594934,1.6572006589558013
0.3235333967062368,1.5726879468049393
0.23840334856671763,1.7262714061226032
0.5519824021979237,1.3063281665912039
0.3945213595074856,1.5904615427364488
0.8019567246448548,0.7941375882937775
0.3927637279625705,1.6281775626937443
0.39584332627195007,1.5607691773835017
0.3458697006459433,1.6150494445682795
0.2594569516850657,1.6506769765395788
0.4800476378988092,1.460561145875754
0.3434431466764688,1.5037739744439533
0.31190904419157095,1.6745264605455024
0.23408254756298102,1.729089863349897
0.528328438705271,1.3377279455944169
0.40203839536985414,1.5447988456089368
0.27997458387110796,1.677424236205358
0.3530468354550647,1.614856257066302
0.5291279061327645,1.2380376180159347
0.6004192864812382,1.2334393338230987
0.43967490666881515,1.383500490819286
0.4465300436287968,1.5244449949770715
0.47347266294863927,1.5029983341708044
0.4603764082338641,1.2197965952441199
0.2262098026956315,1.7106322357783885
0.5749964885325203,1.0536434572778015
0.32456366889755206,1.6364584513788811
0.5053888224868098,1.3886631500728517
0.5175995289297216,1.390292343895615
0.2785469711253286,1.669782930104721
0.3308179912253946,1.5815768666554795
0.5771310764037887,1.2005876708956897
0.22460854887725298,1.7338547874417376
0.6547579345587524,0.9113375977210276
0.5157305008880926,1.3882471681572301
0.41177494711944673,1.424013022694846
0.7193516578292222,1.0070816584748452
0.3346881336854247,1.6099286022033352
0.4319404146645516,1.4980692008743925
0.4027577520924281,1.577896399579187
0.3210501617235716,1.6739149054480924
0.25821614944752713,1.7400902441662864
0.35708047252634545,1.5788109100284027
0.23499601987659266,1.687666331702067
0.4381482793647533,1.2083246312310387
0.6865238167516032,1.096137905930452
0.4213116873543719,1.4403627509698738
0.26776945200666985,1.6645486861315617
0.37054006836351605,1.481395795739803
0.5572109614924947,1.3445007196977063
0.2783008217313049,1.6706022803829446
0.510587353496479,1.1774094411516727
0.49616145628046243,1.3771825740004318
0.24181903967006335,1.719079050523661
0.5825634278597354,1.2357887145607702
0.7617277829375447,0.8975320414963167
0.326273928174864,1.623424773307984
0.6047704174002445,1.2569799815138913
0.32071676544899813,1.6660580362087682
0.3549649755837017,1.5334221303493032
0.5125888868957639,1.25040978985871
0.304088821254722,1.7022331866828595
0.4813322319402056,1.365805545795242
0.21791149758294895,1.7574230218112512
0.2761785548258074,1.6539169036112544
0.7334081016248915,0.9022607861929831
0.8081182275694874,0.7853263794564086
0.5976709057447589,1.2381151409029172
0.36123840580340844,1.4452521711807933
0.5637731761097666,1.1484628018492389
0.6164765297336493,1.141728484431818
0.4091676288707278,1.5500253493598715
0.3609538572659551,1.592891513438583
0.3723617059525614,1.3315137631954157
0.26147263426836137,1.7369771743139595
0.27206533814268313,1.7118228892492526
0.3601419280596381,1.4723372965264996
0.2583592249141646,1.6973380466974375
0.5082133641959128,1.3523230631632022
0.7453513507842077,0.8619116313167926
0.37435517826997083,1.6172967477555598
0.47764909408528566,1.1548647419520568
0.41461901444422355,1.547241827332506
0.42154985153786423,1.5028912485603296
0.33996077408556613,1.6072931407646172
0.24876320657599957,1.6773794857267827
0.6612273926829078,1.1164020423533352
0.757760889833755,0.910808949786598
0.650114668268443,1.1615010001434045
0.3421805053781822,1.5180471006942842
0.5260255083578631,1.4127812504377426
0.37467428493996696,1.6338207914949732
0.7806231156585619,0.7896655161701835
0.2923719148743442,1.677748927463295
0.58635536418341,1.2853779161461178
0.7112493480318773,0.9951762192380255
0.3010039056407091,1.6735242713051264
0.2542961071627004,1.7267000438702838
0.39037440247170085,1.568670934648537
0.2860460367540992,1.737589224938343
0.30887902411636886,1.6536512721894705
0.5538072476794702,1.376786862723729
0.7843722349601864,0.8253123665646427
0.45426936907339754,1.4803143219473127
0.3177896874700098,1.6352765038539832
0.739684287260595,0.9770997638935138
0.625001831546659,1.0043276049719683
0.4550967762181844,1.177816449780932
0.428799408374747,1.5307424849358937
0.7959455012570501,0.7901363885377365
0.4922145384620247,1.4564752029010242
0.39736868366467576,1.3105240569225656
0.3598874212754187,1.5214706104962792
0.27422862063157855,1.6833715176188297
0.2598742522864307,1.6697608150966525
0.4424275253253893,1.5187308133979553
0.572874488163335,1.283626949057636
0.45777565338285214,1.201999068134372
0.3410593074173991,1.667819228141896
0.7431787893395752,0.9290570418593895
0.6477070164798273,1.1820273575614106
0.22837091670589865,1.7347999596973187
0.3644788614637843,1.6120927018962314
0.5987904307341325,1.2630176272031237
0.40831617851898366,1.5989823836635688
0.3740338849526975,1.427114069803618
0.31803787898479285,1.6523239548440278
0.36954809314268583,1.5615172861636626
0.3420302535366474,1.541444347680894
0.2544701838165303,1.649802953133466
0.297870023725811,1.6191368896113083
0.33437525965792536,1.589284314380878
0.3280052538051224,1.6782785772179794
0.404712425246804,1.5827485235222987
0.4935051934946612,1.330121663227606
0.42055270658708793,1.52777651588265
0.4000794604878653,1.5061516823517436
0.4568999782085793,1.2870673629565994
0.4384313485908855,1.5492071712856952
0.6010175942640117,1.1676674096904904
0.3200340542937444,1.5255720381597602
0.36039649876539487,1.4849466028099125
0.7348811525946594,0.909392244931603
0.2952593570781557,1.6239357315684204
0.5941327442388493,1.2309377355641469
0.4687269577255692,1.2509480609772379
0.468316382095961,1.3771857456704948
0.26384698384088573,1.6588919959879775
0.46871178703071603,1.3451627166717994
0.507138867125704,1.3309942760347175
0.34605286572359434,1.5515944387475993
0.5584156848387699,1.2618441242514353
0.2910622737115181,1.6351962941464167
0.8356985507246416,0.6791382852694863
0.2667321263694244,1.7060192790368764
0.35131910659594034,1.616028547202867
0.3271088604030674,1.617847384696376
0.36810990931307697,1.6136344493055335
0.8381275255164544,0.6447429832364819
0.3288170547424498,1.6392555613813937
0.6378643229601524,1.0385818862263108
0.3825116577211683,1.558081905421509
0.3150566441049757,1.5650937324221748
0.49184729339653316,1.4083232505917382
0.5016080254460182,1.4575037475130483
0.48016794040983873,1.31251473771806
0.5474751181183842,1.2826936391945059
0.5417271577778191,1.3118938774889735
0.3384453147138047,1.4496600859319102
0.5732973466823907,1.2852985331831197
0.321794800702148,1.5876871423355352
0.2309788216904034,1.7405293441132503
0.2818411316190167,1.6448821979822998
0.4252955007773618,1.3481846860054163
0.3641477623283868,1.4755025847106327
0.4216905200418794,1.4081891371006752
0.26604932414537397,1.7069731306339828
0.4274461626485659,1.3269302499058355
0.6653903224184189,1.0620005275477093
0.5965479789493626,1.2410506201478793
0.3251357592885468,1.6462807316529038
0.5970426338523789,1.2097752887488569
0.25878628279739696,1.6909853285971914
0.43384017648425677,1.5382000089391417
0.5484371489570833,1.2799383297975182
0.5533422923501621,1.3086097344586947
0.34182334818656573,1.5186940075757378
0.5290362131758651,1.3102182464617884
0.6032303675862737,1.1749058357038817
0.5057537299205218,1.1918360927072813
0.2882316688398051,1.6466721922817738
0.6861383960427936,1.0317856722812864
0.27536544814613834,1.7127905260730654
0.5985484413705039,1.2467273090689046
0.6641394625665905,1.070556840016346
0.31096703489703037,1.5310276234386138
0.38606185050884845,1.511578049127281
0.6337275303102902,1.2062935632569487
0.3326461252120456,1.6701159830418189
0.2829739617397729,1.5832928453971054
0.38343191220983786,1.5891066473815278
0.43410303588662247,1.4470920918351644
0.38305606365115485,1.5616312159863492
0.7630782629354579,0.8996491247074264
0.24692811676188015,1.6521903273776732
0.4287168126632715,1.5398913655206077
0.24228514797875406,1.7116225968255625
0.3751964714093273,1.5455224612399836
0.30514801190687846,1.6392330282870928
0.3517120104391536,1.5976573474744749
0.39236982492593964,1.577988309214068
0.2320261574030822,1.666130099064297
0.54311125120222,1.3385013119157891
0.6047369106375141,1.2814542753084959
0.7624835624540431,0.8703508526440442
0.25855833915075777,1.6451580193453355
0.4773065327786292,1.3948683013366008
0.4203031299613995,1.4112926167963376
0.2431394645953837,1.7015376934698248
0.37085400698727417,1.5460036715095629
0.4627972955284299,1.5198229962157654
0.684630045059875,1.1057182204029317
0.6254749961115996,1.0882277639977602
0.40718826278651227,1.5611274693987973
0.3234387143231192,1.5635148941773804
0.28952866210438977,1.656311396397726
0.2760457608339257,1.722284937659628
0.5494157739398206,1.1572376766411892
0.47161741141755675,1.4139750278029586
0.47076345737425723,1.2752245139397296
0.5760252305833601,1.2410252132925188
0.3274180563764263,1.5870051832981518
0.2482794727335836,1.7376141826427913
0.3718812649312874,1.4626535985123008
0.7165031428156459,0.9799246312163377
0.3644352881915519,1.5470357690774441
0.540008309814545,1.3347732252005255
0.4013875379126562,1.4599568179667743
0.2904789213277433,1.5688550897812084
0.32344405857360087,1.6216377665307211
0.5693846951336302,1.2748447112063102
0.4293232722751008,1.5020605350570033
0.433952749844487,1.4927173687701294
0.6538679706426185,1.1611392591882537
0.6275590171501333,1.244560870515873
0.6151257997228229,1.0409857218141982
0.28929398701214254,1.6680797097889701
0.5252181254999916,1.3847254455963318
0.43925200520855395,1.560936697880997
0.4925796295041351,1.4472855006642675
0.3494054819683256,1.641619450663721
0.422715978342342,1.5899905088760606
0.5693212159398244,1.2878337705868335
0.3558881913503342,1.4620324430867713
0.47149508463964174,1.2029166769431938
0.5186721238305335,1.3080767312242592
0.47743143952280415,1.0635089003164389
0.3908496086109648,1.5456895381405753
0.40800429157535073,1.5822627855260907
0.5568011788824441,1.3092675772640705
0.2764283212556845,1.7034162244408975
0.3307671950795395,1.5774518636569776
0.3086517052929308,1.677468815965841
0.43319396260412946,1.4884806025994426
0.29634017842838317,1.6550884348203585
0.3298671945225839,1.6556709922296218
0.3500310537837056,1.5308139348317777
0.3146093698430578,1.7044797132162917
0.6278990554228829,1.0902686346518973
0.4284869293771777,1.5422644755809576
0.5482713935378277,1.1112875792319985
0.31141532894241813,1.5974285649647078
0.4199423125333855,1.3382518323714807
0.5528052534229816,1.2971017333748063
0.7408014234696673,0.9796879959088234
0.5263786352950879,1.349269735095721
0.6784471396087676,1.0288475890942665
0.6003774205897723,1.268954040900251
0.26178982816569435,1.6677704732346124
0.24350792593911774,1.7109105843911612
0.299322494215318,1.6151463620312434
0.38228466919740783,1.5977287857988829
0.3263846473871556,1.5068556160746764
0.7343878027627287,0.8827090340142528
0.3758497710722609,1.5188376920280153
0.6442750159894366,0.9976696111335855
0.33127192692813767,1.6293720187247813
0.39696017652960425,1.4260411788149143
0.38122244686663975,1.531361817979829
0.44958935472433786,1.0696886810328277
0.493370554197161,1.4210565273945583
0.7346875158109782,0.9521123765535816
0.253984041425158,1.665855046535018
0.5768862538268903,1.0328995885435968
0.47041278690048827,1.4864152089348106
0.4839980784531515,1.170520207175712
0.5803586084058303,1.2510524947531423
0.6991437893201708,0.8604658079466045
0.6154087639837289,1.1357600046912113
0.4421489668730726,1.5181384980055583
0.3717060524649171,1.6160939954527
0.36219382523745225,1.49587534686772
0.3875968029271677,1.593991025395617
0.38412000114104977,1.5042768181045576
0.5764951348424631,1.2782778496173595
0.3582452675332841,1.461731799034137
0.41347839578361667,1.4631448837231957
0.34803035300784213,1.5619657357267498
0.3320246573621938,1.5757499377302786
0.3846084091674539,1.551383449198178
0.6245189918123312,1.2268519328993284
0.3435928053606247,1.5236214984560326
0.3206593002195778,1.572868293218994
0.24739164604329086,1.7114776259652917
0.4403586745409009,1.3827164122601234
0.6586926438680752,1.1505236161337926
0.6833113023238602,0.9324014777299294
0.3019126465080638,1.683434255996704
0.5964577213537977,1.1926526448912618
0.4588206709633055,1.4386320461219753
0.2905134631874007,1.6531934375747621
0.3819226088327015,1.5582146727519994
0.374510929975771,1.4156890154287445
0.42527863133946586,1.5257338640976226
0.622688833041756,1.1116012426813735
0.6957072063776757,0.963474169038931
0.426012919228381,1.5493411761277838
0.23645359001817146,1.7506853436055185
0.76808560226181,0.8672354869220948
0.4090740145546146,1.4046609165500756
0.4625597522034716,1.4065339103917829
0.48634412578328917,1.452247226345096
0.4790417996630914,1.5053244047240828
0.3896274489224152,1.4982483188495603
0.28298472043890543,1.6071199710694497
0.6967707204229314,1.0382668528097025
0.5834487591542047,1.2756845590502892
0.574921410270001,1.0845519249983575
0.5008094785702576,1.2730458211836952
0.27901047290417863,1.5613499719016848
0.45294213352729923,1.3850726658110757
0.664347270066487,1.1305164138781962
0.3239932075851157,1.5884843445576455
0.2204199071736303,1.732664342685838
0.6109094932651113,0.9989726014328058
0.2974199431693986,1.615699896113257
0.31575883388499837,1.6548111598129873
0.5857995003800116,1.3203519625867293
0.7726168003689129,0.7928889102818238
0.29276174255045867,1.6757924244904778
0.7494014310512697,0.9145129878148317
0.5626110604923795,1.3254009443356245
0.7181616974981307,0.9602166686955103
0.41828935710269033,1.4501904735130982
0.32102962050390177,1.6485844296036838
0.4320415443475736,1.4050644915691897
0.4900733990484932,1.3860873491315766
0.37137907985679575,1.567813262071628
0.2952418872154921,1.6235166905675253
0.5984681036539292,1.2861834630557174
0.6141759785972155,1.2140686092528126
0.6332056346218512,1.039367289764474
0.3928269298304085,1.5639876039136376
0.36354579016829613,1.57266985565108
0.7203616075110841,0.9041012304996972
0.26268207518375086,1.6854068674751552
0.35747119852353937,1.5432120462471324
0.41983981034940104,1.4757500411527555
0.3559203567904626,1.5678252670113566
0.342096529610278,1.5510380606314143
0.45814262373680387,1.3792386862960535
0.43725708256217555,1.5155989389930449
0.30015126252471735,1.6006745125855337
0.4700320132101683,1.4621540277659408
0.36152534788368906,1.6586640565878144
0.3780270939413848,1.6026714471286918
0.7611596635064237,0.9006061664209892
0.35206907840645013,1.5068561639200162
0.7141040555908812,0.9439372347226849
0.39414272721640703,1.5991772593053686
0.5860490882629542,1.2982430846232633
0.2983941914386883,1.6012372556320806
0.6055636849564912,1.2803891601663897
0.25805921613067373,1.661786129443851
0.3191814655848266,1.6906485503337563
0.6387482347873131,1.1191866716557224
0.6024171759348049,1.2494229923414222
0.4483307627137119,1.443233904776699
0.6624972981974817,1.117576982917285
0.39324335679845135,1.4718977404072011
0.3885816759351864,1.464500037263285
0.4968731578417923,1.340561525262318
0.5797110651942163,1.2631725766620032
0.550742205313043,1.168240886582566
0.569036162771516,1.2287079636373344
0.5932462926973002,1.0829933979794895
0.4496412184948926,1.2742375184690304
0.3182013495720222,1.666840460731812
0.5948018248358214,1.2207428166111154
0.33103059169990007,1.5242249748759047
0.46516478316462895,1.4392223184012496
0.6102115754791444,1.1092755412775066
0.7152056903484809,0.9594785096982863
0.4228863341693966,1.5220810310573623
0.5041379937710186,1.4599874338853003
0.4162187745274228,1.4775400773277414
0.3417859820936837,1.5047414738934217
0.5554374301036492,1.2089509516237193
0.29116441357602574,1.60483846360967
0.7059048748851705,1.0465504907158563
0.5145171722555318,1.2696715371080267
0.3543720891944943,1.624040884688913
0.597917044272177,1.1682733480833423
0.2714647571710303,1.729650575927651
0.35139917043077423,1.612708447146828
0.8189746282575668,0.7260758048055458
0.5246638764182616,1.238999389701203
0.25723986928255926,1.6945185088925505
0.4065464730453776,1.45875951160336
0.31045508655988663,1.614394611119707
0.26337164276815206,1.6815601147770431
0.4193893448921454,1.5566575869119186
0.40435951700728795,1.534339787021702
0.4030975718048677,1.5869562182992727
0.24628567174698157,1.739720834080656
0.23763927135205445,1.760246650276604
0.35151553781923417,1.550860429245029
0.42589350453864505,1.578294771091311
0.25860813629040247,1.6669959860078094
0.7586897548174539,0.9157736579587856
0.43927199059941296,1.364330218424695
0.34793149486739444,1.642845925211701
0.39082695009968343,1.523330526721309
0.3065250117167249,1.6229705209812615
0.6002857981981943,1.0516960931895103
0.5573540995036133,1.330380092966929
0.33880654566468876,1.5506593868918208
0.3344976180287487,1.666575199315023
0.6040233355597934,1.1944448644860919
0.7683627834119212,0.8192193836569379
0.3182295151022138,1.6441887498305905
0.5172755289858226,1.0775236002951052
0.24040802324938426,1.7405138585065552
0.5811872582196316,1.2501556952516268
0.2861704823265831,1.6544852331941375
0.30665048999181144,1.654980392393556
0.4338114133927651,1.5169636759609535
0.3923571039308209,1.5799942165505239
0.3277305157106582,1.558258632819417
0.7024622360818599,1.0298529516224166
0.6058805399392168,1.1969554319947058
0.2289152664184117,1.7199543757880613
0.4859023101679539,1.319998909010784
0.23882446530456275,1.7363829231755143
0.7168691324110431,0.938915694233182
0.2962603430926199,1.6738214547662909
0.36219076075976353,1.5922114305033228
0.43823504622448456,1.4262503848041843
0.2437182558526713,1.7344432597130215
0.5532268938701884,1.1880680974626403
0.6316671804649399,1.1682782265856542
0.3265103383054093,1.569006261676365
0.39212650186459785,1.517855361439845
0.3643299137540336,1.6529544887567165
0.2791064913072135,1.6005464743914686
0.35604653567948125,1.6706568170552454
0.6112028298248441,1.10746547854444
0.3403786515179865,1.6545564241980426
0.67511800279491,1.138972489599681
0.41475783162893004,1.5455128462130805
0.5013074111088686,1.1863023785889446
0.4101846003087689,1.5854186777100356
0.5333415248894067,1.2525981450666144
0.6766314079368143,1.078158421993418
0.4024604910915973,1.573358202173721
0.601896753254881,1.2052256186997006
0.600771852348997,1.2061112691481592
0.32704000792105653,1.5945145096961262
0.4394401980553521,1.5257709037021723
0.4684073540708721,1.096035868141756
0.5279973662720364,1.3927954202418056
0.44015578227873536,1.5122075052414625
0.40752950991764114,1.583181237499546
0.5113145289135063,1.3144603837300715
0.2518052676663396,1.6940505413017197
0.5322906167504631,1.3220329379394569
0.3718263103781291,1.5651506189699111
0.5702472024674167,1.2421790322073223
0.28031397619255477,1.6965782994134608
0.3278903140971453,1.632034093874551
0.3651391709271028,1.4589357735138955
0.5999350873778587,1.182313371523534
0.6744462861614718,1.1157037629873239
0.684812530144503,1.0037226351711954
0.5898210440007838,1.293749958311849
0.6547502014310856,1.1554653539749054
0.4347889257598547,1.4790923811593177
0.31164812631125655,1.6943184825730413
0.4058712726203058,1.484975364832498
0.31643526906072883,1.580010006109516
0.4568984786304912,1.5260732278147486
0.624728889832159,1.025195706774505
0.2905675749405174,1.6231379733359708
0.5960497796175049,1.2452241744350458
0.3621495319274452,1.595495167795395
0.7526388971386473,0.8757897384199728
0.5632309741774639,1.1647065655353461
0.3481651846474294,1.6387329390522205
0.4116974038628568,1.3870429384348157
0.3123870807566382,1.6167436458223456
0.6295646456157992,1.1196337564568875
0.5338756842707083,1.3873790362824232
0.26533828627336054,1.646237491856729
0.5970843185588878,1.216297372536557
0.26749384948829785,1.7047760072838694
0.5312896463083789,1.2913173283259904
0.4609644689309984,1.491109684974897
0.4107040570849242,1.4757094645541668
0.321297469764173,1.555764939055026
0.4685783592928512,1.3137412157314554
0.2669886653167352,1.6888158246792375
0.6784339606884298,1.0480542066808418
0.35128479023637144,1.5377017246926918
0.38817958814133785,1.5672005006319147
0.316207374030245,1.6051306911975327
0.738393619817132,0.8688616906637746
0.48229147209297785,1.237345039262583
0.4801525875443634,1.4386093786494316
0.6244726089368119,1.0872660020022695
0.3788105308025702,1.5026934835000616
0.6646020178596143,1.0898950174508057
0.3664428442384733,1.5437758050239374
0.28806416888467556,1.7364455128960858
0.5653071572084278,1.2467893625706512
0.6215693437469773,0.9559057653237191
0.5305891773797665,1.3392632435104512
0.676205123009405,1.067069135029981
0.3779215050404322,1.37569840570596
0.48285705620035074,1.3073460468833042
0.47796658369688894,1.462165266357347
0.5775978313718602,1.1899148672438504
0.8457780424046699,0.6526649986057412
0.518210856322961,1.3269650515440317
0.44309579654608877,1.4547975301022857
0.43472545759008113,1.482293992175543
0.2977154992292668,1.590303695883705
0.3127914658306991,1.6410951170817225
0.4055837709421696,1.44809914705269
0.4144191954343239,1.3763521529238518
0.3564474214391657,1.6340272720268276
0.2602786879416809,1.7080015719448236
0.3007038739861978,1.6584191981632617
0.23576608189743312,1.690238745989503
0.3586305074413204,1.5422873083524697
0.5793288665888299,1.2399121315030333
0.39176992341573863,1.6080618584213553
0.39708984680299436,1.5307642315840293
0.459526832107282,1.470575016598435
0.47442979809992986,1.523075179141919
0.40580370362002466,1.5248502599343172
0.33721805582514175,1.4571109517806078
0.4166153024306367,1.4305587100504806
0.5455501462871403,1.3837469514865095
0.31847625448608274,1.50081916129599
0.3026034449403255,1.6588434161758907
0.29352416675983894,1.608524778165296
0.3526623099163719,1.5765958301744332
0.46461104305192563,1.479817649038719
0.7228767418025535,0.9782598875549917
0.7933654661413186,0.7782235926362758
0.4817746460580084,1.4439275084490395
0.6496871096509451,1.1605658897196767
0.31772190965120856,1.607331386166142
0.5503691512768769,1.3857255533908241
0.32642558984445214,1.6286495658132933
0.7707022259620362,0.7961536513072398
0.32337079452259504,1.5562941510885335
0.3474845901376858,1.5665708504865643
0.2559491458345673,1.6767408482545947
0.303397856114187,1.6360287425180082
0.2889481590437827,1.6953394102959813
0.35410880686231155,1.5242374547707846
0.3388702489968801,1.627706734898398
0.23489100452191325,1.7573937134756148
0.261964696403477,1.7310817031511596
0.36199774475574015,1.5004186428440411
0.7278081959993229,0.9501549717624684
0.4251416306062817,1.5177984285950938
0.5970230096081386,1.232662527679749
0.29592995433648456,1.6610122129691474
0.4223126506833342,1.4443011850715304
0.3832942924460995,1.5651893679012334
0.518883799857144,1.4023554431029432
0.4845630204877519,1.4456700991219944
0.39874611702663443,1.5411786688835432
0.6643057768947233,1.1311971310723734
0.7131848794426052,1.0228471116793267
0.49388991116301895,1.4403650544459112
0.27377943194007814,1.6152969943056898
0.5653818920050276,1.3054267820861776
0.27058914642298687,1.6961003943188546
0.7779647374452047,0.8392443389291003
0.6262472801856704,0.9301359613874121
0.29229957360964776,1.7122431240921625
0.376724809393301,1.479764590866444
0.6067244146147553,1.2018487478579276
0.7701580153233294,0.8675175273733748
0.27872641710583895,1.6122175219580224
0.4354315212856991,1.3779225576727827
0.52469763054794,1.3693579951063877
0.3620516546592108,1.5362735827331513
0.6585246298674245,1.1302665513673822
0.6554467360098003,1.0699147504652027
0.4989999784507134,1.382458958957259
0.4062764365935708,1.3149254564327044
0.42487346689074706,1.5216883580152338
0.586116888726918,1.285525574666313
0.8088739139519837,0.767854945408189
0.33237399460105854,1.6085139502398271
0.43295499577865615,1.4249082285411627
0.24418772680644837,1.711893088783233
0.668693697940835,1.1316682928469275
0.2338914623818909,1.7475968687488685
0.33456556796506837,1.6555271983051947
0.36151619494539955,1.5883512396964419
0.2773036591962312,1.6618678543379608
0.38503688160925775,1.47258169393087
0.272015577982604,1.6295951696157416
0.4112178419809145,1.2890290553481483
0.32090562282861695,1.6491171923901164
0.4958751652201433,1.3418878715162492
0.26093743218556925,1.6916253025115946
0.6010581516709547,1.2080038038291794
0.3620158496748836,1.5294550700306444
0.4762909164483288,1.424478689424639
0.500276687766632,1.3728007338216497
0.6094318825685436,1.0323770139670119
0.3272345274126299,1.4260956900462176
0.6321256430164314,1.1649684319064377
0.5131245654104494,1.443960740376635
0.25163917599315727,1.655201179695137
0.47152435664173653,1.4769621082952349
0.3417732797685915,1.4956670325579995
0.28954743095604335,1.5671555946973412
0.2956127861878313,1.654990976859521
0.697331924737569,1.0481389907140362
0.6562747284672218,1.0588406651023536
0.3193627678315289,1.6483874403964445
0.3671665006224451,1.584285224270715
0.7412285470762149,0.9262165334511983
0.3553598138013735,1.5436422886811303
0.6898389797790421,1.0865626945381535
0.4464614801110922,1.2108121232285043
0.6275085642797457,1.1337315879829637
0.37436157012019283,1.552478530655804
0.2917191621634364,1.5816839581752271
0.44301368503027766,1.1115970113559803
0.36151923555199583,1.6263193371561548
0.30421867710781336,1.6738240855262065
0.6228633507507833,1.197726806883152
0.6673825807249354,1.0855727947004472
0.6642123207999384,1.100833546816214
0.35288806609420814,1.554554558058492
0.26666352844803703,1.6286340782912205
0.3566889793789013,1.5247569585681164
0.5414469130541215,1.3880005268245872
0.3496563544397075,1.6561983039246124
0.4890987286358166,1.4198647702947678
0.49093372235116645,1.4048012623495505
0.4833424371548201,1.4835572244391542
0.42468056195747067,1.5353284033486392
0.3104346856315395,1.6291267475336908
0.6234084956930814,1.2396489582958814
0.3884041100662289,1.6132596980913392
0.6018329576932969,1.2506674750168933
0.37077338325978165,1.6190955782389875
0.3571763262165085,1.6074874209371988
0.5661607403024194,1.3431981938152768
0.41169839696016,1.1843683588669354
0.312285123496142,1.6951329181627737
0.3633768190590604,1.5017349863358616
0.5035421910373382,1.345743704823571
0.38019843766964256,1.4788144623301391
0.4653818520980241,1.3199216966735778
0.24817456256773135,1.7288454683495336
0.5832016335558602,1.278635908181779
0.7707785367621834,0.870881746937731
0.34747842000699286,1.6662089629875543
0.31348158633298573,1.6012018360491336
0.33193053108934734,1.6620231227822722
0.25665688710733625,1.6669948052298742
0.6594213859577667,1.1541952899414487
0.4512002522365335,1.470431115442051
0.2997560842484678,1.6650306316504453
0.24131225216944396,1.6610931741145185
0.2807794559309599,1.7104978189134719
0.6574681267645712,1.1539808042534576
0.45163112608695444,1.4438541525905588
0.6171376240125234,1.1834303025857862
0.7022490813367237,0.9642829994933919
0.4631455433774182,1.5218948170517634
0.33412069884544804,1.5686343524900046
0.61186843111019,1.1688903077521793
0.6540947222406476,1.1625368013308284
0.7319672877974437,0.9872984273208124
0.35869180712026394,1.5836355363029857
0.2537645199552787,1.7067522409958225
0.498940882607451,1.4226422704695951
0.24715847484294198,1.7160140302505875
0.5325217083473176,1.4172804326888104
0.3742784094430283,1.5954408343994873
0.3478268950565314,1.5147369222081548
0.29828979993385485,1.664487275311198
0.45043957708432775,1.4899089069570794
0.3657230314811031,1.5218948496606122
0.4373621436370325,1.564694006914331
0.49579172091079726,1.2466405359684458
0.4027615963316166,1.5340651077309129
0.4359669126561791,1.523190053574568
0.2735150581168547,1.596810335961832
0.3581694229005991,1.5608580003448864
0.4033994059019975,1.5509493059646824
0.5082566686244696,1.3562569529241437
0.6700279295359556,1.0689587264962503
0.4952357104609457,1.1400019026736479
0.4285271509455078,1.4991288164570171
0.5500653794612865,1.300232116221773
0.728380820114288,0.8587145880450102
0.417988603130975,1.4407587387815155
0.5163257048199883,1.3960988808182502
0.25829258428377766,1.7068356157518316
0.21258122444549818,1.7514360432980385
0.4267814992804974,1.4861721796427128
0.7047553995599996,1.0288098192490085
0.6512959632164449,1.198946177820222
0.453350236262475,1.5130419538264537
0.41466436644464366,1.5370065355838862
0.3157350328637253,1.5921666087486595
0.4275617275049643,1.528768931698832
0.37718023275047025,1.611750478870503
0.42568376603335245,1.5151827157406164
0.6366569057952138,1.1856001508590435
0.6235663570049544,0.9854477059071127
0.26987980572666725,1.6800457167620138
0.5551531659565089,1.0960986975943336
0.4820628258330001,1.0170972692057345
0.27919685127162996,1.6401054356166143
0.32109238543522484,1.5402223581213899
0.40869844116473647,1.5865539443660586
0.6540158781796667,1.1733272173346718
0.3731062667958379,1.5037187610157339
0.3194671797434233,1.5816944876731664
0.31965108106196694,1.5147829889828088
0.6446047362505268,1.103023177121853
0.5456201783862208,1.3165286109986571
0.5933537600439065,1.2490185667436222
0.4190828079902535,1.445659233067384
0.5493350296121361,1.3485720242159716
0.47131204122247045,1.4631736492158083
0.6838728575142554,1.0310578145519385
0.37584422661283234,1.6205749184697158
0.3608855457892557,1.6698169431279684
0.7254829784061445,0.8696067675268551
0.30535319151626494,1.574275088618117
0.5693843813767059,1.3262183402566017
0.6157854369374614,1.1359898483354631
0.2437185612778544,1.714916834823811
0.5058954776826458,1.4544014814581008
0.40550471339839467,1.4795023476502143
0.41611050456597937,1.4416380339316315
0.3523143018693431,1.6102459240662816
0.31174783966382424,1.6743323463484585
0.35917286821391836,1.5429662202763779
0.3686834244952689,1.583903042052604
0.7494314608738197,0.8822816530382527
0.7539175516094937,0.8582732890265539
0.34282005797329923,1.649620992818741
0.2747742314457889,1.639171324404666
0.6422804009095829,1.1938082819954112
0.46564452739323575,1.3676440559070786
0.5709026310096579,1.3310753299698057
0.5813273130765861,1.3002694149357361
0.2874206994638913,1.6163340382404912
0.2558637030791513,1.7123598371553985
0.28844972924993134,1.652598511505126
0.4370739703453817,1.4870971490219003
0.5911791175631644,1.3082206263548768
0.3707025627617381,1.1725995656961032
0.46540822456166064,1.3738980819530893
0.6216201985244111,1.2414670073204093
0.5452843876465494,1.194281448458908
0.5654807610016228,1.2918440911539848
0.5623999554942515,1.2894172143290503
0.33014585833496074,1.6418930337724127
0.4866411576591227,1.2823361652820637
0.47569906932563977,1.2901883047411524
0.4446644716537134,1.425166452054911
0.7185413913521331,0.9369326676262691
0.378974022908611,1.5944993503369107
0.4099112360040581,1.4435790727593476
0.6636298587087203,1.13680849192555
0.7547184869043388,0.9072309360743986
0.30404006557019525,1.6377275706153398
0.41631115896926985,1.6084396677208563
0.2905718425606962,1.6365680815879307
0.5122169361094221,1.4063645572731427
0.2750442652301412,1.6524964307303625
0.4059328106609386,1.226541174308624
0.3693809678636872,1.5468347292621976
0.3691402364010718,1.5620803110044692
0.354139425413268,1.5961626827189779
0.7003414815679812,1.014443555909956
0.29519475939022666,1.7058694947329078
0.28408545206064423,1.6962039208245343
0.33271441324549333,1.5153177000939602
0.8030471637663577,0.7762830812471314
0.5091308623008232,1.226731192433621
0.6796467489122476,0.9534620394615743
0.6067464702822604,1.189828450559077
0.42032981879934433,1.426672787711444
0.7594991871060982,0.889648261488313
0.24661357878863413,1.7390412401693727
0.28846301918828055,1.7229164647133366
0.4798194963670583,1.0358389333617561
0.5927203037189072,1.2353249651205542
0.4303391391088216,1.5260814441455919
0.4304102599514716,1.5043484364219137
0.7736599652118926,0.7922794744304614
0.5639881685892465,1.340218685230469
0.41360554497452184,1.4583015480013757
0.2852523398374705,1.595868110392464
0.4502981581471283,1.4937995728536384
0.7297049621637453,0.9848118561683319
0.6763974508469759,1.0459575343346952
0.33116731107067204,1.6537281427398123
0.30438548586610603,1.5521225865912442
0.22870681646920096,1.7182169777367478
0.5754071953403591,1.3061869412125102
0.4833070321115554,1.5009235519274782
0.5138787255025707,1.2120470801961667
0.5288625626029724,1.408829623758991
0.32067938895100423,1.63505869436269
0.7709717906522819,0.8758220187864727
0.6473792790293191,1.080995617858027
0.6299329472110807,0.9643164557587374
0.3555698773013382,1.5331271337187393
0.5196562561758937,1.16007245771631
0.6575705444542663,1.152869418815576
0.34750593307195715,1.6017896837193402
0.43278527164158515,1.5847873180695102
0.3145454388085274,1.6723150452473878
0.5241365407596741,1.3902975585767743
0.27353678358441896,1.6972410983996837
0.6159948899519304,1.1374166988335783
0.47876355793705777,1.3770593891136251
0.6157897869922412,1.1693539080078945
0.44562172096974145,1.4486815939142461
0.27117165562023526,1.6772631481119697
0.6777804567725734,1.1321477765432708
0.23517475896461904,1.7221446283652422
0.4732335468822333,1.5278896206170507
0.24497664126592103,1.7194293568547112
0.34440415386236234,1.4947939789308242
0.7734196932326372,0.8521633001885529
0.5802242038216889,1.3138630561167484
0.5031661667002781,1.4023310670639362
0.42203988874519205,1.367526788508986
0.7248445619915235,0.8871266029315061
0.2531187164019772,1.6719026017848302
0.5782366608646411,1.2510623392680889
0.2728894022070665,1.6880215197521422
0.45355516254208195,1.534447765144107
0.6082260694576821,1.1676724851213152
0.2662257387661289,1.7197686459838537
0.32430969285101896,1.585881550409553
0.4494076389561941,1.2964481783799529
0.25624976277839784,1.6910451448021535
0.40099779849613915,1.5242751916767046
0.4624044765288536,1.4523817741125569
0.49257216305309537,1.1552107570033476
0.40218417192880007,1.371681838070334
0.6709007550267916,1.1113367452144214
0.3213265724774613,1.6691339819610134
0.4640320077200092,1.3541932201993752
0.2793859253406997,1.6682344198543904
0.2163313466744352,1.745694511583654
0.4476602078564005,1.4136817303249902
0.56320037708653,1.252818927138988
0.2492292889043908,1.7244985128966568
0.4271818244276125,1.4122704673864208
0.31961142098380113,1.564547104659268
0.46821891026332035,1.2816779740483792
0.5456353143668302,1.2125190409644113
0.356279752751186,1.555714656465203
0.32456341752160994,1.6217998158614135
0.2572547525202729,1.7094917670795045
0.32502773011070274,1.6749822356938715
0.6337214870650898,1.1915128571481344
0.5003039084527925,1.4004328974813285
0.26588655054041493,1.6833652789862315
0.24193332119187053,1.665393339059273
0.603613905047859,1.053876090132433
0.4584390586356179,1.195982183084987
0.6357753982557891,0.9487201839839248
0.5056361878409187,1.1791112553706073
0.48950002495586825,1.202137148327377
0.2472235948310232,1.7417027979217672
0.6372561599709172,1.1422458280150514
0.37981090795922734,1.541030103070636
0.41088722152746354,1.5437594803184755
0.23850104261983074,1.690298742944209
0.7941503903304551,0.8091604355879458
0.6986566327465017,1.012437680265838
0.47350838534768575,1.4839718792038665
0.4005631712025692,1.5770699141938114
0.5741679928294339,1.0320018491820586
0.3821723874266196,1.5017201476507531
0.4057699450147856,1.5472278006122826
0.4110918544864406,1.4267159353118541
0.6268798050480524,1.2010448328143695
0.307707937064521,1.435408035800469
0.7043034828960633,0.9413957272809038
0.5146361356102057,1.422431969799149
0.4993823166679933,1.4643849186599318
0.28527059992001813,1.641262028996079
0.46052628417865443,1.0890369395166175
0.7773159379496763,0.8393419232678194
0.6172303932076603,1.1465008271709445
0.2883219654455478,1.6946816234710016
0.6463952627694655,1.1860133861517448
0.6706171990528079,0.852936497126005
0.6481400066521292,1.1916385642107987
0.2915347513171253,1.5714489898315678
0.7900741683445844,0.7996999864804258
0.44190965609554256,1.328823671654393
0.45011269481587063,1.1092182742728445
0.33773351122388945,1.6154154070953777
0.5797017837110062,1.1548371371055812
0.6385303481647621,1.2089448424958147
0.2656809424397152,1.7263934031582395
0.592593761389836,1.1089012583984255
0.256295635480467,1.706558172075623
0.5552266843931003,1.3017158767690449
0.5237834586556901,1.1739467672493347
0.4083478633436626,1.419378383019136
0.2699689855823635,1.675368562486421
0.2803014966107032,1.6626599020261965
0.6404128997095708,1.159976683541279
0.671594734935983,1.1465265468009025
0.32706595895341367,1.6622838649471823
0.29050994371102673,1.6094680844760212
0.39558400636334495,1.5554321416725818
0.5243205635098404,1.316205514086139
0.3301991275225741,1.5500664524907823
0.2838725061832847,1.680153659395117
0.37309406439179144,1.6024989147695763
0.5504382341956391,1.3230582153689106
0.6136747557496601,1.2328167307493942
0.4381119622999244,1.4642778472253106
0.6391061316630675,1.19945771440464
0.5951160333089628,1.2060202884070417
0.43544553712064876,1.3944693328879456
0.2810908687505693,1.6772947429058502
0.46060258371378626,1.4298939308260732
0.3374458285202815,1.68292110799383
0.27731981975455017,1.6831439545562334
0.39277217190477154,1.5752457087039509
0.5840067731283345,1.218283244207202
0.612434156562539,1.1533938673517588
0.312457685658803,1.6451274211103228
0.3328265170362475,1.582462927691178
0.732160696061923,0.9783932268663744
0.5772009193975309,1.1342824031357228
0.24380025490083382,1.7424917953433245
0.6492089071012866,1.1071149260156563
0.5446470086301456,1.2871629734548635
0.5953626442791888,1.2591661849875806
0.32420898559096734,1.6114592404740191
0.31124017771923057,1.6521715426284829
0.8626788459369032,0.5894647347653281
0.5220313333108034,1.3849935375239038
0.33837092208818975,1.5546200631183262
0.5955835463351306,1.2013550545741574
0.38728620391945795,1.6358417509503358
0.2905364173587594,1.6843978989377066
0.527335788249066,1.377809072378126
0.4598556318120618,1.2939105078309316
0.2405661944366317,1.7257130632653406
0.2823694396340388,1.7188755052201055
0.5229052780205349,1.4191679534842396
0.689435531950173,1.0455860450748247
0.3021537537869877,1.6266148860163934
0.2776055563194817,1.6187294069989466
0.6072750059985762,1.236931252366462
0.6705364020367711,1.1037900965368486
0.399387627502533,1.5942484629899871
0.6864837639720532,0.9956420013594535
0.44649690266804376,1.5337545358200055
0.6124829970260369,1.0429575039480605
0.587489239596757,1.1485434013799076
0.258915723615167,1.663568985720415
0.561062702737018,1.330006316560084
0.76969889685502,0.8572783560356473
0.2608950508287898,1.6625315903361186
0.3523419563700071,1.630724595651274
0.6356143071944675,1.20621628064829
0.38174074222834825,1.5033761599088233
0.747660178407755,0.8746508490153606
0.2599062412358371,1.6499362229535652
0.3367468631296307,1.6234380902435386
0.5877162899011712,1.1520496185381859
0.6995553704429783,1.022660115080834
0.33796756700562136,1.519107409214457
0.5715437189579882,1.2837883446983835
0.23749193567282498,1.6896051392958638
0.5439125617637982,1.3294698848178865
0.30012249366786325,1.6324811042926437
0.5601233659353144,1.3184808391485767
0.5940852134762147,1.2273485388763552
0.3599124186129812,1.5874386050433615
0.5018395854529534,1.3668696126428714
0.7757798860248359,0.8320974179593557
0.22260528951073705,1.7448179046408039
0.6356911361157676,1.1814302125947973
0.3645525198565343,1.5588310742068439
0.683445764905136,1.1150615417884455
0.640399990083212,1.126839126121593
0.6849762844619324,0.9730843193235996
0.601027819628615,1.2215736541410673
0.31036406649457277,1.7109657071827156
0.23438961448184,1.7420674915458148
0.3896981710552206,1.45834419996124
0.3262259416088407,1.6574136059971536
0.6549108662618074,1.1013505868986362
0.23682961080411255,1.7158556500872229
0.4923312966194708,1.2430819107032198
0.6747523903779066,1.1068210828966825
0.3950837705922199,1.4033691986428576
0.5286021637262087,1.4288348185071762
0.2750493552940265,1.6695019630276378
0.5919069172203232,1.2431314515040437
0.43700995961162353,1.5142682298602315
0.723943818538037,0.8886469915548609
0.5826174831103421,1.3135491986343284
0.5414159125796494,1.3577187742989083
0.408259155892078,1.5921364037670878
0.5491721628335198,1.2877001514174113
0.3456255889381484,1.6427836071854927
0.26455794334438787,1.5818498885712324
0.38779592462118806,1.609199134572541
0.3994417111038762,1.5687009308126831
0.3718818273806426,1.5392038930691967
0.5891055034101272,1.2814388852333103
0.4908355385549324,1.4594187077743377
0.35955813695025174,1.6009412862940553
0.42152646150223,1.4835988748625557
0.3125254678628378,1.6974497414898906
0.2366183294045699,1.6918972660075347
0.44392674254110476,1.4451591396693675
0.26554549405577615,1.6928673319556822
0.4444678903904806,1.5136156158138707
0.36593670721461136,1.5668321871621882
0.2678576934360237,1.7042795641673179
0.35590282485411795,1.462196313067787
0.6648131737677175,1.1251318874693752
0.48315348675369374,1.2962135495969287
0.3488529350716389,1.6268926292953156
0.6259669350521628,1.1724170905039222
0.31851316530942864,1.6253302030851975
0.5154011105719096,1.3657506056750117
0.3035646873711881,1.6192512096602498
0.41870991027991195,1.4898114084297847
0.3066887944626301,1.6530764337937272
0.47562812634615176,1.0406404587692113
0.5191467182622186,1.3744136322364433
0.40185944075453106,1.5656891854204587
0.6205106050868657,1.2396475859191252
0.5317975922527584,1.3357962740992544
0.7041349328162708,1.0094512453505233
0.5017495225713503,1.3996747013631667
0.5721898255684313,1.1385148186895866
0.36091155020506266,1.6301078250879089
0.5533626204724348,1.2789199212375568
0.5483060979749861,1.305070405987023
0.2867090811856835,1.6583916658283735
0.49269822586073353,1.4496563757786753
0.7689456587257228,0.8615091233042645
0.3254823352789367,1.605313783208899
0.3023457489355143,1.5707252683198767
0.2632380576730299,1.639697721953321
0.2927955645971573,1.6836002825090088
0.45185590399083275,1.5044040363920568
0.3066534848819504,1.668059361332547
0.26786482799148503,1.7504820058532946
0.6053477779837095,1.2668188168051926
0.41629626403170883,1.4495912433055254
0.5663323411669073,1.1646095487104646
0.2877677914055902,1.6652976088145066
0.3252380539125993,1.6696618439415822
0.36480290473752514,1.6260777436563054
0.3073788296979868,1.648960009256544
0.41737624930602457,1.5602777488922108
0.34121634706805115,1.6544580098740274
0.5884657982101371,1.2111192440964593
0.4084703494855387,1.3777928099390568
0.32975191990643676,1.6009496271240324
0.6655632305981882,1.0980715127136038
0.41003929583379456,1.5389753209457542
0.5126417035449288,1.4167579770759358
0.45462117266797814,1.4678609598835515
0.5985671528259723,1.236499407744983
0.5735480862451001,1.2593294582343522
0.6871077487877448,1.0504246279995875
0.28766231011304877,1.5912527323751138
0.6116587984497475,1.169119441882894
0.6016943053962822,1.2665821030994409
0.6809513604986386,1.1269091602592616
0.326114891603979,1.6391239254801357
0.35581949783184114,1.5873847881099303
0.2523501596306582,1.617087119175071
0.41495971919555136,1.4842193769966143
0.3621677333121158,1.4671079583438253
0.25506102637127426,1.705849485865218
0.3328800519168097,1.5756847591968033
0.5109921659925479,1.35303133785113
0.2246805178011971,1.7295788805350996
0.610969957300512,0.9592811607355407
0.26098383143137416,1.681961117874967
0.5299452395658893,1.1597908937697852
0.32118464873406277,1.574883643498227
0.48952606612564004,1.3913127102256628
0.4264157138043664,1.4548967546600315
0.24381363349550556,1.6883975542329175
0.27011138004175034,1.6810637553397223
0.6802413400052547,1.1033406178187466
0.5501939716817009,1.271653853525385
0.36869333094447043,1.4746252436245142
0.6298362597344284,1.169953456068749
0.29377310144141877,1.6407670908867376
0.5277753764468829,1.3530753873949186
0.22603213889945192,1.7177711667760462
0.39327205210163163,1.586599158393371
0.5869480115482105,1.2930361515323285
0.41344219850194813,1.5403679430356383
0.7614187685408023,0.878538731591555
0.4896383608018178,1.494973954431159
0.3530681460865138,1.5896748587716423
0.3238411777085647,1.5541851237260373
0.41315727458336804,1.5502460268169194
0.3560406645317171,1.6228575896050204
0.4469823245486111,1.4239708157580024
0.29278029719195897,1.5832007185445933
0.7209791790459434,0.9017866872683296
0.6266312897225702,0.9289856042386504
0.35286131240578567,1.4997503959565346
0.38416532032577033,1.6237593953233314
0.44229873280513626,1.5193258157348453
0.4680574039481262,1.4557862422514127
0.3443186283785395,1.5826331464275245
0.5572540141265583,1.2663143903553544
0.4162586458662889,1.4761737762675753
0.4157209648391429,1.493126349701626
0.26146127354496307,1.6775675823855911
0.6591295430228785,1.00749246996162
0.5415187929211657,1.280041158552803
0.3399460541069535,1.6799491423953397
0.24574212421054895,1.7153816469582408
0.5010711983405626,1.1239476689015435
0.3934554187622803,1.5977219229283472
0.38573436370569436,1.5270232969600361
0.45878377692451816,1.4667629192311515
0.5137575873305052,1.1601753120767366
0.6834205093866323,1.0714134174958927
0.48793602725877094,1.4448217839010704
0.3179766581029328,1.5730376316890724
0.36322157382796605,1.4722697825353315
0.356493553068715,1.669459077100797
0.44695489854201825,1.4446646099308205
0.3268579783303841,1.676360530391666
0.4962123460680145,1.4198563704332268
0.40006258470298983,1.5066387258028313
0.3664458011625912,1.515333515271629
0.29002859352715393,1.6232677331097007
0.2915665315765171,1.6122531864294907
0.6899693042704079,1.0834114518815314
0.38995158910369876,1.6151980242825594
0.7765792097982366,0.781646655645786
0.35901226340923525,1.4588867130807117
0.6096372628118902,1.164194704551157
0.41391193147798083,1.4214955917884855
0.35740669691782095,1.650623430114812
0.5508368552453633,1.3085542545252837
0.5104965352365974,1.3209278464467646
0.3996157117031897,1.4757446327655268
0.6101739140779359,1.1234610266851492
0.2917726725588785,1.6131367158190426
0.43313562474508105,1.509517429363254
0.6092781586202256,1.1716559882720623
0.6002324517208127,1.1243038734610424
0.25598444280059063,1.7035527259791177
0.3243306410801179,1.5802646970359748
0.36377900319055834,1.4827715621408102
0.351012176362218,1.6614146354066068
0.22090347876225377,1.6834377349874756
0.48717550524447184,1.2638572501690115
0.39362890244692783,1.474424487239304
0.43227894720773274,1.4762482294996477
0.6783869375238125,1.0631316639136137
0.6556227083632944,0.9806191837150928
0.43554301620131197,1.4801571157231783
0.5689252032630769,1.1842622085548042
0.3246177446065445,1.5646064446910295
0.4031401897755451,1.4133808561396395
0.26655436857188647,1.6929081089547295
0.35585569587302024,1.552575397220469
0.36209032630662225,1.5146756892578361
0.20522954973120797,1.7637863690989284
0.7912885258084966,0.7876410338815999
0.4357818613031529,1.560642185547301
0.2888640724564416,1.6713218002811565
0.6061687641681386,1.1474821886347035
0.43261895288372304,1.4904756771544474
0.6344722777332246,1.079246847249787
0.5558135982906722,1.390879373144277
0.4050992627985008,1.567006239056932
0.4769549472730125,1.4338022374492074
0.28099139137631174,1.6386930842093563
0.33354383267059634,1.5685724790366455
0.434518526934832,1.427833444069922
0.29498344968289103,1.6066719811251817
0.24578630092417597,1.6693403356306948
0.2852852646105878,1.6587121640127847
0.3600541894293473,1.633737224709378
0.5338604905005543,1.3488840707912788
0.5531528494756301,1.2969872905178015
0.24149802019437275,1.7392267940830146
0.32557190316968415,1.5778682148499463
0.33785159248430624,1.618232736383751
0.21633873354956765,1.7448044832984064
0.7192570576066623,0.994018653852919
0.5957755254051701,1.1727376194805998
0.6149792028958758,1.2746084723654194
0.249539442791961,1.697062089728014
0.6511905955803763,1.1442280046324258
0.7168421463053626,0.9283195585660089
0.49279883124691437,1.4358172115087717
0.5258604183167184,1.3321744906199435
0.309345964112744,1.6643193207309863
0.273731806004497,1.6897551047401023
0.4199467114622669,1.5290637542255974
0.49470299663686784,1.4397170265100425
0.41755453827867706,1.5634984213119896
0.6019597932313938,1.2480084823636126
0.5377130101540853,1.3236503286624346
0.32669961282911664,1.5445312348116633
0.7359991789016574,0.9448090017997646
0.4512160644956174,1.2744163675281248
0.23701700430181644,1.6808461305473867
0.6359921346656022,1.1847868758354716
0.3678747429645939,1.5372841808443816
0.2843025634144219,1.7053937051674295
0.4984455019903379,1.1407394970878575
0.2743596558563133,1.7071971997619417
0.5012758219964615,1.3086984986310959
0.3598946503630832,1.5320982818712197
0.2773685273186677,1.6432383301314162
0.7057448008947708,0.97292861999666
0.20827709239248735,1.7609816087077732
0.3134219737889223,1.5471424281872288
0.35107934760320936,1.6200794407542585
0.4678411559281509,1.42139827391948
0.35341396516134654,1.5843078254127905
0.6328911353271095,1.1653196293273194
0.501418150296155,0.9394256414328432
0.501207857778014,1.3524995174616283
0.2441338113323569,1.7192196283310204
0.288039991668042,1.6546274008568358
0.5770216366159001,1.2502541426683873
0.336946457678544,1.3355191417370214
0.2665564782531949,1.685625766399194
0.4088367307783307,1.4667310452352909
0.6122207504956751,1.1798239646826236
0.4065733154163408,1.364724328214813
0.45364229775345405,1.5311706606662279
0.4878714787240514,1.4412134370465368
0.476797578171708,1.4722071534898555
0.6007647780523985,1.2950183779252944
0.2976372287771574,1.7013963982056846
0.22069777314505237,1.7263878347710793
0.4982000346253457,1.321554265218599
0.24723366626020196,1.7177166378744604
0.3631295174959687,1.609881547429778
0.26471948019309416,1.6117759373451195
0.5316830013190852,1.410835391356876
0.3621193299183399,1.5982386620510685
0.41411973982119654,1.44887574386228
0.6468685841139207,1.1934540010493573
0.23505246937944346,1.7411709551721488
0.6394954070323224,1.0753621978179764
0.6353885448204786,1.1787362424772647
0.3788728269607455,1.589459251135686
0.29520403531837913,1.62511693986139
0.3902397471303293,1.5265689101299391
0.6622511896189216,1.08641973865925
0.49221437226064224,1.4511459277875671
0.6567132079308456,1.1020786857007796
0.30203380236427824,1.6572927883161075
0.3400686571373454,1.5469136752820405
0.3359727909128681,1.6124362700321007
0.30629962125183946,1.5642447630421834
0.3200471799655689,1.5960582220490602
0.42975827157610696,1.1856484574992607
0.26065021384173614,1.61818831226382
0.26402761204567016,1.682449479293063
0.3663944041608992,1.505511184253277
0.30533647222156934,1.6594551711518923
0.4916412513187495,1.3454316623796314
0.2674886824288725,1.594619282303853
0.6324496846048261,1.2170349562178702
0.2558990377200969,1.6730980855906523
0.6458679660193564,1.161267030686751
0.390501485391442,1.5545016961752312
0.39266932941933386,1.3239677232695146
0.35127995356447433,1.5443457485113574
0.5352510326500219,1.4253277749855395
0.5038917784607609,1.4320726147289986
0.42245428367839627,1.5175093433457347
0.36580816838402314,1.6149355836279522
0.5924130318945342,1.2697108232926733
0.39576677069729127,1.5832993733402922
0.4231292513623735,1.5294530567358227
0.2839442268723314,1.7239235659867842
0.32778925436250744,1.6364338364868292
0.34994557460457226,1.6101143459188172
0.3602168077759129,1.586020144883322
0.5609979003498154,1.287731447042191
0.42751528094792385,1.3723940128146241
0.6313045068848867,1.2042660492768495
0.4910720533778819,1.2432973597197408
0.46232055613502215,1.370107988135549
0.26316201702817427,1.6978114295386255
0.6236478300235714,1.246341622582747
0.4608010745803847,1.426171706716353
0.6846243568165592,1.0322155734953782
0.3945572336455451,1.4145447030570346
0.32807608093770013,1.497084058948247
0.6691449032217821,1.122466393017401
0.3159141746211052,1.6028045180618986
0.7175768741419921,1.0073243719864002
0.4156888552330608,1.5231934770990276
0.41169279806607945,1.5425927496980183
0.5890682387118027,1.2466856401686903
0.33429329328543905,1.6031595540266448
0.42861268121433677,1.527555203316818
0.3352089255819076,1.5908939066590355
0.5658367631396106,1.3302673053212986
0.43469538329621676,1.213578057457727
0.3791819482482182,1.4496391018531343
0.6096381604648122,1.168346067998144
0.3920479637057187,1.4962403203535388
0.5605791568407945,1.2265924484915205
0.5442453767930758,1.314502008290264
0.5914977680038148,1.2451191088237232
0.3049782436350792,1.6652954234850426
0.4967757472456488,1.3559334931625335
0.5960573053037506,1.1903200434309205
0.2836638077403831,1.6429468391001387
0.2710010683133082,1.6916813941306001
0.5136319392116061,1.386886038701613
0.2933411283779776,1.6746911875324795
0.38192195923939565,1.5594874680019986
0.658028431183209,1.1381210057853814
0.32762157814118753,1.6239589029721206
0.7413569981413803,0.9483728165377284
0.744130822308503,0.8956992678793356
0.6177751348988364,1.2273017559514163
0.38669935927533783,1.3756324552169548
0.4481637702662098,1.3591366463135637
0.6832684524196546,1.1020607726122762
0.5034424438036785,1.3131898955648955
0.8129158624057428,0.7607089865560619
0.5381077489146692,1.3105240457519414
0.5735914740402607,1.2780834018561724
0.35225199055004197,1.5090728696224542
0.7495094532966771,0.949069809740923
0.4353321478509024,1.5339857566880362
0.582337712419322,1.2876359216925382
0.3665736744943582,1.562223953388041
0.5177814730193405,1.4001572599529937
0.35998107183390243,1.5976911201670227
0.6810939077659228,1.032003214837439
0.4964000693821364,1.4512600476398525
0.5062920230413155,1.4127304510271672
0.3213982453105536,1.571674579086168
0.30521400452831254,1.71767697214581
0.48354733650393183,1.276302189929876
0.7145402475109665,0.9138592261458314
0.5639801044114513,1.3025735120800537
0.29200747340899963,1.599581062207908
0.5835915401748402,1.243666488433813
0.3541195165145689,1.545606782668049
0.5220969139073985,1.2928458316466425
0.6537024271652889,1.1499471522098947
0.33903686440395475,1.4294589513895715
0.21491692235977147,1.7311801851101043
0.3073483703896594,1.5894310631705224
0.34539907421761923,1.5063409153462888
0.6655926564415996,1.156190420631769
0.5583929947929701,1.3403638944613059
0.6360368370176457,1.2063190226422162
0.6229949829418069,1.1106725103382042
0.37071690815963576,1.5249874915706747
0.3998820025292614,1.5912798975112237
0.35066488873863366,1.6076080410712197
0.6243286522978491,1.202861805332941
0.4559591345961071,1.5103088230163946
0.5436018691911704,1.1701826772405883
0.6666144504049475,1.097446884086341
0.3303180572773823,1.607440211553613
0.39925885898541086,1.5358272033769094
0.25879524856557085,1.6458272026343217
0.7405400958119442,0.9578594963236255
0.6665873577177688,1.137869207096392
0.6491793630731015,1.2025534870959451
0.49663521062708393,1.4634971183210828
0.4159232905429005,1.4055348142999993
0.4716529168558008,1.4241179129634032
0.25553173458474415,1.677695819677204
0.2860446668721925,1.65786145326835
0.36435519830565605,1.5760663244300794
0.38399334624214293,1.4940997150256703
0.3504514402297776,1.4516644774262362
0.3935204872435227,1.5732416466643615
0.41032352204130357,1.3443638480371745
0.5564195208360952,1.3689964871293974
0.7395583888866478,0.8313414672350508
0.40189706312827184,1.6076560045760948
0.6062014423095746,1.1772726974577798
0.6014754439961528,1.2853530816743073
0.5469259378791275,1.1319123190531284
0.29274193134833665,1.6363239209775269
0.43894166553937064,1.4467818957141036
0.4501947781068512,1.4597668876957393
0.3114278614964471,1.6233458255337323
0.33721681918735114,1.615156214650478
0.4913988818396087,1.4809047363075498
0.32300451045095896,1.6820076521080334
0.3745294349961083,1.4866907270303409
0.37426788927734034,1.6500562876232787
0.2900497970184246,1.7023979284214437
0.3178533805349533,1.5184738599519259
0.49122627765991395,1.3543084759422388
0.356594873000061,1.635239189696185
0.3273696114244191,1.6506526509888375
0.3205929711478855,1.6838303379187909
0.2946754122794901,1.690876742383185
0.5273067881980688,1.0934669705783062
0.4950039549633924,1.392560544660122
0.32585806229718617,1.6595629484742915
0.3044056484916557,1.6358295370924152
0.5309174664017436,1.3091110754109025
0.5930810608094782,1.29229566485794
0.6296893635277216,1.0593647191471431
0.5940977885885637,1.244056875414732
0.3946713616639414,1.5279787735525665
0.4369749314480055,1.4859310557774617
0.5029385844830669,1.4420509182054535
0.5149624803026562,1.3072163183171863
0.35154205459810167,1.5492126889835063
0.3940548322036901,1.5845536648041394
0.6940700102698819,1.0685074800064973
0.3904875469340834,1.5002046014354233
0.260568891398541,1.6248453303632535
0.3225387649340431,1.6329404330414723
0.35572464882164956,1.5416354329736446
0.47422304373265084,1.4862488467386579
0.2683264385700328,1.7032313700723751
0.527309127449746,1.31395559706577
0.26841035239134553,1.6530671504896144
0.48910892322008814,1.3310997039492174
0.36746513115102336,1.484112641361385
0.5955202166608048,1.244266160358606
0.6353481250268955,1.0389338689860912
0.31244344528417545,1.6188464794655566
0.27558539564984597,1.6366020576518876
0.24390084649644483,1.7116708708120392
0.7413727134918293,0.8920581262740579
0.3890304873450617,1.6040025243594027
0.3137388484367069,1.6662780581533352
0.5965441661388865,1.292375570856862
0.2513359684536744,1.691551794377164
0.6633949837156639,1.1613645800334564
0.5199442861290267,1.055756059898915
0.378764740461735,1.5856399156310144
0.3091858388194679,1.6039492081836517
0.4324766892053027,1.5268659277364007
0.2640384881046791,1.6286673767078788
0.6474328914298856,1.1636450992307141
0.48112718120052544,1.419990366892911
0.5556800795550983,1.3562510349670154
0.323435272484742,1.6852376572780183
0.5349877827588532,1.2354064443410158
0.41227991487497573,1.4649118524498237
0.6773632769715332,1.041407181071497
0.3765010834333779,1.5960699698796557
0.6910004511551165,1.0821574880488514
0.6151163578329653,1.228360672351227
0.4852417597300076,1.3488026467678043
0.73133564540672,0.8419567692044108
0.4026762256125599,1.4766089154519062
0.27165276637724,1.6770944415627822
0.7172075521477078,1.0056428026098827
0.6914019639337248,0.9894532641491812
0.47900401908087087,1.324565772137587
0.49587585146421126,1.2154092380475452
0.2696633065473656,1.5995299415847812
0.44723602147316543,1.5119364456707969
0.47268678133411496,1.3785175540886698
0.4365895847267644,1.4604808096005033
0.2380715008398729,1.720007777096575
0.4064896556095592,1.5727676117722655
0.5738788380358455,1.041765033515304
0.4800685406227895,1.5092421842489876
0.5514997011075786,1.3799835627886057
0.2817903708849083,1.6892571580060665
0.25107741341181333,1.638632846827934
0.3927878732986409,1.5645162693770092
0.7196880511914119,0.9154938622897446
0.34529137914424385,1.6450159555868653
0.6671386622996393,1.0614071957983588
0.6052721023139397,1.1653835953111416
0.49367530743310123,1.0401830533462733
0.29184200523771325,1.5691576009243295
0.2776922254246525,1.6246672608960517
0.2818881849149641,1.6712399602194832
0.5186597763412989,1.1360778926392532
0.26405843262941014,1.671015878170367
0.47147435960156425,1.4568066620412838
0.4272207002602583,1.477006192051789
0.24225253971167524,1.728944503635458
0.512963698876512,1.0964142891091777
0.32966536728825585,1.5746396281367916
0.3933695987522867,1.6052479911169533
0.7444749150450333,0.9496335185939522
0.3393758232060019,1.6066349380882945
0.5170706141764284,1.331225687695295
0.25866250652372996,1.7365858713540494
0.33864380918975273,1.5331807269489732
0.3422170247913828,1.5576368955132711
0.2816134600256965,1.7142385823196935
0.2744117094680906,1.6701237471965027
0.33552697596300296,1.608963246861822
0.5292839068052612,1.4214060388861909
0.25025290172469244,1.6939230799458551
0.27350516906714,1.7121286057773253
0.33727305264503643,1.5662041755068796
0.7766797706419962,0.8103853859985017
0.40804185338236776,1.557180597135003
0.2704205715626848,1.6917930107655306
0.4952127755049479,1.3235915318321396
0.5191348258274386,1.2107891774074258
0.35657850174593253,1.6000668737549195
0.3408696603187679,1.6241079484522827
0.3581489439856069,1.568821050760516
0.39245694850902174,1.548663494669453
0.30410081572820374,1.6332744531264656
0.38922647659933696,1.471064256642437
0.23017101037393795,1.7267721170630694
0.2603547851681935,1.6926861953090513
0.3297405855496015,1.4979524748786397
0.37409072147629574,1.5244469337571571
0.6552823989286776,0.9519484674242795
0.26917614098872406,1.7053460249132828
0.45573063583078977,1.4905991723390497
0.2605361730364509,1.696467420801735
0.3952196977338535,1.3722637066051655
0.614914536995162,1.2116610569876667
0.45280537573921964,1.3855949951797055
0.5200873770325678,1.2163111444795855
0.5598465516124894,1.1384251173958422
0.38589263916621386,1.6002836583991724
0.2874147979870718,1.6445344085577949
0.5083589086501359,1.3811167970424294
0.26215267254963753,1.706826057110142
0.4868946837674872,1.1795275102580822
0.3666814372048522,1.596969030123694
0.5679163377213783,1.3033291719385438
0.2518335385172067,1.7235763253793701
0.3396173051142214,1.5259189363804033
0.32551548464341284,1.6692091946364633
0.6473866336052714,1.052443453647328
0.26761182903413816,1.7185014723262306
0.2933237104201174,1.6381948245078317
0.26292888389648467,1.644766625464767
0.6198674837717268,1.1044378379735342
0.7444530951906358,0.9381087368752509
0.39396661662650745,1.5546529888832903
0.24909733734880807,1.7217267401157594
0.6517750080775025,1.106136482991549
0.3696307172309224,1.499957742882624
0.36664766220126566,1.5626012770161841
0.4283463051024807,1.5732154716513729
0.663116523314699,1.1377370554637194
0.6229742896506915,1.0842791214527803
0.24766085256539638,1.7110214742554177
0.4052575330622309,1.5076062789946643
0.3763520217123697,1.6388303307372394
0.44815387493734865,1.4081174762427997
0.6715146049890575,1.0496561201312704
0.21459119855510383,1.7679192844536222
0.3266011698362505,1.6459692921241291
0.25321682929017236,1.7290762658261285
0.5639935798910254,1.2454223606853705
0.5628161060103453,1.284626586167028
0.3014483442859719,1.6867564380044788
0.45853581062226756,1.453036760454323
0.6418320138810572,1.160855895354059
0.33825331658584384,1.5181631348518716
0.49398509423829295,1.2987874268311057
0.6188603011912347,1.0482899130792227
0.5604583082895408,1.3547018724995121
0.29231016657469633,1.6079795060781334
0.6466583963213206,1.1228080683382078
0.3938296673684577,1.5295455670713016
0.6131550713773183,1.078701208624505
0.4794361007026351,1.3442203220975342
0.35385645664012405,1.6134168420581834
0.2778414523316049,1.703636902187652
0.5651703401151359,1.2555717841238707
0.5940892945222096,1.1309448110959957
0.7780058939916362,0.8332788517661887
0.5164606741520238,1.400630430921448
0.5274981692850026,1.224487338212265
0.26784816898907626,1.6612283170321511
0.24447738785642997,1.7274638437627066
0.6199368182275656,1.2160599192892991
0.24837066180644546,1.654605246637043
0.4761150799984244,1.203986742946409
0.49698778281977746,1.3886514065440743
0.49882633499423407,1.1831012161319285
0.2521297597377064,1.6987630890727567
0.6039758657245139,1.2739997766808897
0.5100349645183933,1.2128464946586996
0.5346843716249137,1.2822550750875206
0.3730262379694799,1.6214450132094507
0.25294869435974743,1.67356114541645
0.3432693253229192,1.5789070413399524
0.6103958487144635,1.2449025675237884
0.5621338368239545,1.3425605858518288
0.38453675016699823,1.6317361607421321
0.2344527405179149,1.6872961058012668
0.36715900373017485,1.4377822122566748
0.5070401591797328,1.4564438513396079
0.31560829618248454,1.6452357330445921
0.3605798547109857,1.4790834483485265
0.4082268998786162,1.3666584036256826
0.602335559734497,1.1630034879372126
0.49118265771483643,1.4724937186327274
0.40127156998436925,1.3593415578583565
0.42289705480853607,1.5242340930385079
0.24927578729220257,1.6968394577629722
0.49784928022245656,1.202045894799971
0.5261952035647548,1.3986097493479128
0.3643779222453535,1.5376483095476463
0.49260253951622107,1.4620403327706044
0.6445180702751377,1.1803795664655896
0.25880040849255126,1.6988408773396069
0.369649031041067,1.6531194828406397
0.31319814362671955,1.6723923095876971
0.7337908197052992,0.8491900131587213
0.6426230642346781,1.1398570806816806
0.23054623743828706,1.7368693380023905
0.4224035586753225,1.5375222097070167
0.5380834686595265,1.3233861021433526
0.290106141744461,1.6996814995171912
0.30807784235218666,1.6842812764389543
0.6019838360465793,1.19246608815358
0.6245160749246222,1.2252342446187758
0.588977063349396,0.9997738023047615
0.6458756975281871,1.1341625236187123
0.5736098949322931,1.3283598646357981
0.27171765314229634,1.6581771568935135
0.29018401549272643,1.6616412004272971
0.6002840113249244,1.2104253974144226
0.8061347757059714,0.7837620388317188
0.2857089658007228,1.6391278598732602
0.36750307822094913,1.4908849280621908
0.27287168490227015,1.678502114013873
0.3221723364324256,1.6271653707281786
0.4665690577034682,1.0744709031383513
0.38202155148568173,1.415325391764994
0.31197175494708695,1.5794201331838726
0.3418337519628502,1.4308013395345094
0.6871305876200645,1.0500181153090022
0.7907878314079057,0.7919079242544976
0.5493147725472578,1.3332952643142328
0.3980579966659631,1.5849925085426695
0.6180264086220789,1.2129898107913017
0.33908011359676726,1.229522584583421
0.7723913168116677,0.8096665100019256
0.5925031395076052,1.2399837998092094
0.4982095784708565,1.240318861812474
0.31917033155637337,1.539437304316502
0.7355982026982169,0.8924394409764506
0.24472974952322094,1.7117055112558743
0.3778085062671975,1.5024021847065783
0.33642995347428295,1.6320145373488069
0.4054944586167477,1.5524805745526287
0.35562535381274596,1.5991579518837624
0.5825259977305213,1.2257882464200007
0.2556847384159074,1.7147908756703014
0.8270490123009626,0.701293142332752
0.4110261604739302,1.3410437417628327
0.6427384895442592,1.1929342389841004
0.5543668377228121,1.3921299226847448
0.4763663991203157,1.4014851908094366
0.4112083631457852,1.5600316589419136
0.35236790957780134,1.5388966260143242
0.5115296957020181,1.3704998545683729
0.2507127254810522,1.696109227699338
0.5265479490153602,1.2636257591874287
0.6041376640201106,1.251682073889575
0.5335192298508595,1.3372374457958585
0.7718071336031361,0.8633114805179999
0.38996662420737244,1.521332651705344
0.6103499471272426,0.957281016732719
0.4447320985000331,1.522393864182852
0.25694249490285026,1.7011787896038342
0.24100436012553195,1.681859163960659
0.3027220138514614,1.6522792671772961
0.41858382509297143,1.564182224149933
0.4087265703320212,1.5887277843928103
0.5685111366544168,1.3551304694889295
0.5614162973430082,1.3030146162066814
0.2678742483242224,1.677224394054206
0.6329342023054723,1.1894693158838576
0.39723725523150233,1.5360409454496895
0.29175985913170377,1.6586937485445659
0.4583900184199826,1.3297470521331656
0.6727070642223959,0.8969684913184057
0.7051248708315598,1.050909148483131
0.48134731852257284,1.2265833231091154
0.3835494646308025,1.5732089616734946
0.5126478955490754,1.1558347806272269
0.26173054837757614,1.69778949220473
0.6632058922714699,1.123349688859034
0.5376942013537157,1.3618255622641748
0.3397063962411687,1.50886671840615
0.4025223766751207,1.5099854109382491
0.244934693724047,1.7019291946356752
0.7008015860880707,1.010791629635207
0.3615029207879069,1.6006577209972694
0.5127058204757922,1.1230321807984855
0.4653661940497351,1.35740060755947
0.5355539927057297,1.3504811168247046
0.346006878064098,1.4717875910542892
0.3023404757598066,1.5853120433005665
0.5568149005574362,1.3272873051954825
0.2601844869685578,1.6957936392544302
0.6707309893117879,1.1428553393608394
0.5360011161410538,1.4216381892864942
0.3177637737991095,1.6417908298749173
0.7026484178834864,0.8956559226955019
0.30762786978545864,1.6622975364704267
0.6101887102194782,1.2721281517774086
0.5215640812832247,1.4008161341794503
0.28340285558178396,1.674177860880203
0.5013994903669905,1.4853113683088615
0.7114649646451161,1.0126824098460272
0.3557605548464898,1.6464765419922665
0.23717004799808267,1.7202992111010988
0.44356070208960485,1.5059308637532387
0.26105940769522884,1.7112215106127673
0.37905186771186306,1.599193059066675
0.3314997489997839,1.6421827403328038
0.667819067096581,1.0931473317054623
0.4021189870608767,1.5001016957903124
0.3264016808848664,1.6148746895938064
0.6741479866974566,1.020090838260766
0.5136346451906428,1.1611048838309583
0.37396413660405897,1.5187628977140324
0.7376908687496233,0.9111217436911592
0.4518535414653546,1.0764982423976766
0.2733513371991936,1.685082543068357
0.48713176725721025,1.4223212944178019
0.6691039563279687,1.0658620516021564
0.605525407147377,1.2257881198435716
0.655940556749238,1.1291610388057527
0.27567657518902255,1.6955210876291835
0.41030424175290775,1.5543629963066292
0.5654727972200112,1.159083243339761
0.24328536754749314,1.7083003512856518
0.3362135286031617,1.5653778953785178
0.3338400572653107,1.6288770043171579
0.2559665314694672,1.7403232553013797
0.5227827949118523,1.3739652289338578
0.42028506610832955,1.4635955204104254
0.29640112759411247,1.7342521885346855
0.6479993018256514,1.1734659908376885
0.39760592833157293,1.4914310532287236
0.4576708041627758,1.327722105715228
0.5006354437622546,1.3405307734562883
0.514391486714369,1.3502040407550826
0.6536697311065571,1.1768206560286911
0.367391275827785,1.5268125326431736
0.7040260863519152,1.0138494502737816
0.4224749084778906,1.2324113138318906
0.3271386775587675,1.6165016232584797
0.642297281836074,1.1844133643850063
0.6342400046361584,1.0572122986575088
0.6016842959176122,1.046091349613056
0.46296611728810155,1.4327429443202808
0.3303850370845022,1.5756272066762964
0.5011363031384286,1.3321802015039295
0.3771221745151205,1.6131479665074482
0.3283583965459689,1.5184118110148817
0.30658035966228836,1.6624480319424977
0.34238809285160293,1.6321791943034094
0.4537337566860256,1.47891390380036
0.3869573361856252,1.6369792226587352
0.3807415629179154,1.3932714658169139
0.5497701806679015,1.3405411949935737
0.4570501728415891,1.4840069254988095
0.4174673110923938,1.480549352684686
0.5555396944671254,1.2768591953401527
0.634078441198931,1.2064957009003605
0.2648307562704849,1.6717722324423074
0.33481186564474813,1.6422967554986292
0.418112677570813,1.5427418648367157
0.2918467129788078,1.6287588945244713
0.3550616816760989,1.6351560491898183
0.38230806348147756,1.5944093446443903
0.36818114507412775,1.6358733711824491
0.41115363947323,1.440502892072654
0.3823430342708176,1.4972856292815497
0.36247455291279707,1.5100013136160335
0.285202174865835,1.6218413607059827
0.6107861541005601,1.1613753520314358
0.3587875254229732,1.4696007853851718
0.31904496861461135,1.6643231826701217
0.35365946445814106,1.6072415816202335
0.4003048278483041,1.5725601631131196
0.3397318082894106,1.5768453816842094
0.37905229058412654,1.4662297505927786
0.5972692357088777,1.0852444269802073
0.30011975214442244,1.681037696201071
0.703950177318751,0.9931513956820652
0.4736398157961561,1.3944455746532223
0.2468715393082528,1.6620252646167217
0.31381489683901925,1.6068694595053095
0.5929385039174584,1.1439112528236695
0.2801424022837722,1.7188239166491859
0.28143748801335045,1.6285737759871264
0.6965354834178502,1.03398508697746
0.7034972399121777,0.891806653837724
0.5881990935106003,1.2431551124974394
0.43947991371528217,1.4617787428657487
0.34426297683763707,1.6141535547723627
0.5304449955196203,1.4155417024222974
0.2672406950944599,1.7019826233637425
0.6168677840242455,1.1362105405818452
0.5839730404196396,1.1973357594588987
0.5380659321454427,1.4190917452952356
0.34123661158682356,1.6377743639111255
0.3996425829281852,1.3834864500924982
0.42051986896424787,1.4773190023588447
0.5920975198303644,1.2776829765575586
0.27682764484743544,1.6583153295014612
0.2839856482229382,1.6394801284347746
0.2262150230737238,1.7247651035798572
0.5380499436498025,1.31765029647646
0.41041030720836663,1.480935809375673
0.6676686514497094,1.1617447670881007
0.25434806250812525,1.670645600917969
0.3088088045950973,1.6480101166657852
0.3238872060513977,1.613033192060392
0.3790684039323431,1.5533678646757967
0.5591531276132996,1.2905266994663938
0.43503190245639645,1.5293844987749785
0.4818248479893048,1.3131210798632071
0.2526520499509969,1.709519350159958
0.5377973165622488,1.1494635808134055
0.5977389641670594,1.273780108217069
0.3356042371066529,1.5631491501003827
0.34684882361364194,1.547287753680688
0.39090384176231374,1.3688050371646523
0.3770414964376522,1.5690427254346901
0.5097360784020704,1.283894856000745
0.34961378078514765,1.6264026376656677
0.30907674572813115,1.5419610594315334
0.22848128815225313,1.70137274825257
0.5581077672118787,1.2515452392801905
0.4465303064694978,1.3739152824313927
0.3584392454844066,1.5901624590451318
0.3997945174389758,1.5798417241011455
0.4942846241526006,1.3637771523602964
0.6973151387570825,1.0478836960915647
0.34325986757961724,1.632800550416507
0.30729060233567873,1.6555646092443843
0.2564013510373318,1.7491232253095306
0.4059142166387614,1.2980586750726029
0.2488412571284291,1.7043169509876337
0.46515809248943524,1.43845919929579
0.37889850173566914,1.550434993813064
0.3463759168051919,1.5999319779038315
0.6553695105402638,1.1641820929494457
0.6203719951577993,1.2036232539445681
0.2920358856005047,1.660659903187748
0.46052906419501866,1.2619030780558975
0.3082180507545215,1.677933063182015
0.2894682387190345,1.6916322408687647
0.5771821491499796,1.3258590436001096
0.596229732008704,1.2703092609343383
0.3959326300297549,1.5089769643647868
0.6177631189629238,1.1488016561819454
0.33678954807890227,1.4781399435871696
0.2995070719974842,1.5914169399183167
0.40165245733847926,1.5585703858218136
0.6106541263087374,1.062425191968185
0.8294901377783858,0.7220404020404569
0.7806034029640627,0.8441601386314318
0.31710385819128123,1.5882832759949017
0.3443408316942611,1.5314401936492394
0.3617894289057264,1.566361223877952
0.48234071340329515,1.2261610411139918
0.43953507579944806,1.3852678487784988
0.6122211340461531,1.055473362104578
0.4127643980658831,1.5191889065420667
0.4257823727965809,1.413261045103615
0.7541278954287839,0.8479189374309335
0.28943338763386794,1.5354261013154686
0.3293014469396533,1.6374948493739427
0.3702867596495039,1.5286895823170912
0.5146143659314117,1.1548721532868904
0.3303215213013076,1.6562119134332687
0.5658319816523016,1.201527523597206
0.4605901183176034,1.3576955085959879
0.44325560075161097,1.509197335828656
0.6085611646321857,1.1633007566636784
0.29846179373176573,1.7189393999031755
0.5262479625661759,1.2991821524446903
0.7478808112377459,0.8741116216488766
0.33094807230700185,1.6462179809499586
0.4439831310491582,1.323147057171425
0.3291421977043108,1.5399979844286427
0.6935647274354787,1.0873155922533275
0.5856465008883406,1.1996431309986415
0.3586014685191205,1.4874298924295726
0.49960539009140265,1.4153380537166425
0.41163955227365967,1.5150100748811721
0.3745018660582536,1.6034110110472704
0.25778378344314645,1.6215378241936023
0.7606576322207331,0.8851307946492372
0.2111458593857763,1.7712292945722585
0.6456774510778293,1.2103206096449208
0.3583152580341587,1.504366740195877
0.7952437520087183,0.7651322365364738
0.418368515217633,1.229659242777706
0.4593694303414557,1.3962772888047486
0.6701662632065312,1.1441516808991452
0.28615393504831255,1.620191886764331
0.26178655031793235,1.6918634824851937
0.30776578093161056,1.667397549691234
0.22482488363090053,1.7024836661169198
0.29008696861963656,1.6359337270434937
0.5714901288853547,1.3376652861054885
0.2784993196582472,1.6215997814528658
0.3963591043339398,1.4604436433602137
0.6393819708110381,1.1923752569394597
0.6566636210363376,1.0164088785534395
0.3368552790813109,1.6599180221576264
0.25213244149782826,1.638674494623983
0.6344088915391992,1.2026581729220707
0.6738855158205725,1.1180773959154702
0.5546179036731586,1.2940144665762805
0.40517976439458897,1.5793784531308879
0.5749694483538892,1.1930911411651803
0.507930524015935,1.368403486213341
0.6906638577145924,1.0104251213751585
0.6282119512949063,1.18059712692719
0.5754885057451833,1.3163721446726324
0.6682698366050218,1.1191020850325937
0.7327265007383733,0.8941295231169081
0.6084757083202481,1.1257231545418702
0.42930244515091665,1.5119407515341505
0.35456079261846957,1.586830069165554
0.3091399514834774,1.6193196482578212
0.6234310369124603,0.9910704152835431
0.3996692473700154,1.3899093781301881
0.5780659938582854,1.164365799281408
0.32748107838081647,1.5839593210739122
0.28282807192202464,1.6684610610208332
0.31485191125216117,1.691806530279558
0.4563056466852078,1.495529079523196
0.3283268586970619,1.6470606737194071
0.3846590613547228,1.6162030236391969
0.46942051575180344,1.3966979469628236
0.3615285947005659,1.6181296729810861
0.5853653680861378,1.204859017056394
0.35258362244523317,1.5886569316749837
0.440068535670764,1.4890378003552351
0.7594562345452321,0.8582621009687645
0.6269656244143322,1.0764159769518564
0.28906355615012647,1.684960760961128
0.3182343917259003,1.5941854320996847
0.4188716642927409,1.4111734147763697
0.36525452998103347,1.513129246825014
0.37787434630180616,1.4966216071842553
0.2720660077352332,1.6964174580748035
0.2976320871484897,1.6325768042221553
0.29689677681863663,1.6357732136594734
0.3856865170604718,1.5851290877126751
0.3544553783200608,1.510991878768915
0.5758415251442421,1.3363739533034016
0.2845274703629329,1.6650067124516639
0.690366578579188,1.0128828756708788
0.26473384114163834,1.6136688436891764
0.37699311393132257,1.4070764852092408
0.5312081037587003,1.3313917925427265
0.6021265672181031,1.1704003776414373
0.34488759927672663,1.638599086824165
0.4364182251803445,1.507802802753904
0.2864500608080104,1.6842665740214247
0.28097314976876053,1.655312860791856
0.7976436693326376,0.8089806783611293
0.3821736121454737,1.571451989504525
0.7616568033145544,0.9109040973714552
0.6493622957803438,1.1147403292688418
0.43599386452233424,1.4977166762381884
0.5089243241985475,1.3837612399631798
0.44775446998330004,1.522017525797901
0.37847814001879104,1.6016158737917974
0.49927058852894385,0.9462109786197561
0.2838983855111289,1.6983917006863385
0.44571964128793967,1.3040817787739967
0.6732860842420988,1.0006509487961088
0.42912061175386784,1.4944753282289456
0.6656556518201988,1.0578260423639323
0.337581192831452,1.4224917110233386
0.4031672869519922,1.4510897406742114
0.6611053490857202,1.1491204430980702
0.42241774164463763,1.5263718883400401
0.2516387462144349,1.6676161193701677
0.5037874667498287,1.3966345622167338
0.5206156541970948,1.1276178930015368
0.3436501809114542,1.5886244875228264
0.6666347409913785,1.086300425045912
0.35608254611966217,1.5816213504876417
0.5698471997707112,1.2912106040541331
0.4429802413943343,1.3408935549566805
0.5238596600027126,1.19112850558721
0.498402729344655,1.3556519716995623
0.20626512572061947,1.777137134499149
0.37141787519549185,1.481614395021986
0.38391568031605083,1.5012739010496745
0.8218888620548523,0.6831320506430709
0.38846964262057043,1.6021041916257122
0.263496154529976,1.7366323091926923
0.29386568187272805,1.6294739319597855
0.6103322009251739,1.2511431617885904
0.4025567525736503,1.5828669996041447
0.411077887505418,1.5580369325084287
0.4244428847612829,1.457872255106159
0.6244277778715089,1.0925921435336203
0.6590299266348698,1.0913818394686834
0.33343744637486267,1.6038420774793158
0.5915818757050145,1.2865422650281544
0.377654351932104,1.62259479467333
0.4651395585746162,1.4115719194557417
0.47422192659791135,1.2530135501826696
0.48990925606251295,1.3766038210389278
0.280978122340048,1.7235871792080992
0.389752866346164,1.4980138960245255
0.35466398625249085,1.6142371624917011
0.2636154602578031,1.6332809102990642
0.5720694803132624,1.2627320791378116
0.46567304923417624,1.385803169977284
0.42790216362253347,1.4104796140733227
0.8028612766209888,0.7803024354831745
0.29844893713751236,1.6197349470124376
0.5202954563317016,1.255098108709525
0.6297441795562881,1.0429309768168271
0.41834592859706415,1.3799554546066382
0.34535550566709455,1.5364088085187761
0.26149938276751644,1.6546757443623528
0.453042340473156,1.488037732582058
0.5731816741037767,1.251984844564149
0.27741893893834907,1.6680103477336956
0.3134706764823596,1.6417396991058828
0.5497783890183074,1.290952521669735
0.4305861992386307,1.542948479704274
0.2872196585454524,1.6576369749140563
0.5673500973470572,1.0901974960613858
0.24801779728856746,1.7296741308306554
0.2764284447114757,1.7122976764442581
0.2537497067864615,1.6494478388112865
0.4989913778050802,1.3702157197859726
0.6923840469417124,1.0860947760208077
0.29806027630163323,1.5848243619657059
0.5109456945661269,1.4358117694778596
0.7628586892474507,0.7330871007125943
0.7004976942428465,1.0452745756675976
0.4124491001874495,1.446429444532038
0.28968300746391906,1.6181780957178151
0.33580592940317366,1.5343485342499008
0.2637173715361118,1.7117476913452387
0.2772005701841157,1.6912869670807904
0.32984588486987704,1.6111743779121859
0.5915984602358301,1.1935753963521436
0.6183751462076394,1.0210934256253512
0.6867499332418917,0.998264740119533
0.29088044894324505,1.7136723331781296
0.5655811244040432,1.1533364168992057
0.592679544679114,1.2619677157209686
0.23812735305270685,1.7086285329615807
0.564131230211084,1.1725102862251693
0.5487266745028301,1.1316624267402888
0.4104770687231822,1.4946432591316956
0.4970775403687565,1.38540565385279
0.272172005643669,1.6022716960154808
0.39124252856987846,1.430279974293888
0.26015515049455845,1.6813389253552755
0.3872835202308812,1.6382430698692234
0.4865420005347897,1.2480729134543027
0.6264286328584346,1.2404275917453456
0.3803931168794272,1.3670178823811407
0.31861300833197237,1.5699164108403711
0.30153838143153966,1.7228050603478273
0.5888323506768128,1.166549669439073
0.5144234487364319,1.3457424600050154
0.49945985511680474,1.2560478433143463
0.3735011427397729,1.5380184075690424
0.4949759190326126,1.4206918661953545
0.3557932186623176,1.5898063256152628
0.4046301593731973,1.578906110309958
0.27663060832570713,1.728699111971908
0.4556247772174417,1.3766415879585947
0.5555965979198169,1.231095363029703
0.27724571653405533,1.6859074885213368
0.44032089691944803,1.3165923420060834
0.7607578240734564,0.9191196879065684
0.22622484138633045,1.687520121554199
0.6079960011543228,0.9874736487400513
0.6623451269939971,1.1624375848976258
0.4620300540545906,1.4726081754761478
0.6073341516103413,1.1811784495299364
0.28631445845783665,1.667194614698337
0.7954576009273645,0.8170166286533604
0.5795614856745543,1.029768608207198
0.2560214740654302,1.6855997243958147
0.6103879515951518,1.1695091297247369
0.5010207243085182,1.4602129195308176
0.3982989310815565,1.4679090313277658
0.5417189119890113,1.1410181668092798
0.28995608100816433,1.6880980400695906
0.5719585888516235,1.1690606517330049
0.5075987624174528,1.298532850657872
0.2919847540852158,1.6354616590238293
0.2782558025038474,1.6788596275465846
0.3189661481218162,1.6538762171785264
0.3287972531056287,1.6217885835130583
0.326102826769284,1.674065611903758
0.7006337055907119,0.9056196597484976
0.5658372650637775,1.3468011745882262
0.25102005179254144,1.6758353692082768
0.5517381426687118,1.3375448813365607
0.3512965735792287,1.5968041295579498
0.3231974249172315,1.5170789480097833
0.5796777624254574,1.2706399249659022
0.35328336779835395,1.602565002446709
0.41625619054141966,1.4663834578863781
0.3291276237613786,1.515035965216995
0.8422993907328026,0.68340692289462
0.45878849368790287,1.430351539702531
0.36455678371222466,1.6087422164762177
0.6003676788294662,1.2577716266881467
0.5289091003485411,1.326444482161997
0.46576611392418327,1.3451615555246355
0.322754852909115,1.5646515675691388
0.25830320308769766,1.7013511231610954
0.47043645194421574,1.360933867156359
0.5232258246427999,1.138363363003424
0.3468889518776732,1.6145094497660235
0.630601595708367,1.0799154535064648
0.38254363725358975,1.58891439347092
0.6950270440002483,1.0020280074432675
0.30150202827406153,1.6820359997005176
0.3566816049303978,1.560024336272179
0.5177260642623246,1.4068443842604552
0.3917843115114156,1.5790073901891866
0.6862214855798596,0.9991027373596227
0.28906492070552253,1.7015287942593107
0.3122618345343868,1.5969068298276325
0.34068986545917096,1.5758261824876003
0.36453709466824447,1.1970913679838975
0.6170962499898001,1.1463940173668605
0.2935458102482368,1.6274186890657156
0.2413381894333318,1.7161662409560796
0.8474150066653989,0.6343500854855615
0.7447123913733226,0.9423330765066247
0.3823442573142658,1.5126650270212896
0.34528770386106533,1.6711600645572122
0.5886890400977923,1.085097779229509
0.5919523569340852,1.2364923185123358
0.4421391127938749,1.4380413916968473
0.27159524720454575,1.6733453779315082
0.5934107162425731,1.2157683181410257
0.4638333292331934,1.4979136280774183
0.44107769565807037,1.5519021857691266
0.602878149028712,1.2659939368096922
0.6243330514394738,1.1061448951941855
0.6780515240909284,1.1023198156608085
0.33571979143520836,1.62101204830992
0.7607769637498415,0.8962853696213611
0.3684983871029444,1.5772488650038166
0.2553130262030327,1.6968272421511001
0.35660564812652984,1.5517973992924756
0.6406267546209189,1.1926646192933414
0.6141824497616261,1.1107142591309611
0.5013645627772635,1.2027346158830399
0.4206983767338636,1.541995799348134
0.35683821318925746,1.6086188604962155
0.45740299141326834,1.4357719783407594
0.4525511851741859,1.312930841835343
0.30576751208717795,1.5090607292126665
0.5714233675790444,1.3325383341872938
0.6285710620291375,1.0868101919175928
0.49550680617269527,1.437110737540825
0.6064409761272994,1.2429124231110271
0.6369436851915581,1.206818048369285
0.3633577871652524,1.5348856692644335
0.28479069382490557,1.6530130627899857
0.38424378139695214,1.4588568710294043
0.6319502423897968,1.1403098334945518
0.291644092595311,1.6699530747740405
0.3661262562610672,1.633671422409638
0.5270342086778196,1.36067582722303
0.6287590593885702,1.2167442996758486
0.5229465041438571,1.341671920035117
0.5858744980950534,1.3003640956088456
0.6845186595043922,1.068401914769305
0.38132680474417263,1.48040259385159
0.3268780053813306,1.5268166346623318
0.7389375269078975,0.8644815290768686
0.3418796803802299,1.6004961634430979
0.3585268949560655,1.5287695300190711
0.41086881631414457,1.3096144473376965
0.4411911132666407,1.4598101956018097
0.4619165334370045,1.1834074556594139
0.3081384499970226,1.5414101547897503
0.7076069976721815,0.9031818735687984
0.5554919773972362,1.3029041727922412
0.6914725691546463,1.0092026156332718
0.35313262860767897,1.6198032871368993
0.6277471849265533,1.1599021434921988
0.2642271712084434,1.6659816265076286
0.27209547250827415,1.692463412137287
0.2874048844914314,1.631162722681195
0.41561795774511473,1.5767844617220454
0.3750395374025808,1.6107885024671162
0.620438261853897,1.107589922851051
0.688862946215701,1.026095603925922
0.30930952381328586,1.6254567647390168
0.3022620766285058,1.6130986245055456
0.29830244131878375,1.6595787252581395
0.45316343940080056,1.4379281311451626
0.44367434250264404,1.3075885368275546
0.2226458492206844,1.762416493966625
0.3203815080888722,1.6724763362569615
0.5671340406364516,1.3240696454628151
0.2836105103083229,1.683355624086178
0.37455712848534306,1.4388751827206463
0.3653502866506616,1.6208836640173727
0.4828955549842631,1.4340258399426105
0.5293836774763158,1.3670002072187373
0.5298913181114133,1.2901818570550176
0.2231041947764695,1.7405341763217992
0.37101655470792855,1.4452379544607965
0.3002272238440573,1.6198297677240814
0.4831497419880726,1.261115907049606
0.5672349903039431,1.2610018393995048
0.3903661212109905,1.5663047039612308
0.32301778647188595,1.5446535647509037
0.5222127097448659,1.1926873074057072
0.24684984924487766,1.6810037913401648
0.5527950437347603,1.2987630371876706
0.3761838417954623,1.6085849207353629
0.623593609736618,1.2165604876987424
0.40655789514910795,1.576433721060224
0.38215020161429214,1.5573173642246703
0.564596421705812,1.3414863873998022
0.3439846342497215,1.6298122054665982
0.7750246846263178,0.8567312157983618
0.3740625886208497,1.633423627197109
0.369591902034842,1.4747193908306722
0.2988367632465452,1.681818755682567
0.34068675967249906,1.51320998470581
0.5344651686381644,1.3157029640272866
0.24049541942058486,1.7067963463289288
0.537324617305193,1.4033100561081957
0.3226266541107238,1.5775496306292471
0.5051952177076379,1.4538676789161955
0.727784801253787,0.9879767426842601
0.7761867138645405,0.8573769387075714
0.8078430916213256,0.7401662191564572
0.47218203047372104,1.362808052166557
0.31260665934193693,1.5579272668765543
0.505551629402845,1.3789967906258145
0.533261245597312,1.2305612252961262
0.27360992462309525,1.6791531310077552
0.6046872280065094,1.1318816740425854
0.32781446079150145,1.4900512000849129
0.41778635768917005,1.5216389954164427
0.2505854420807373,1.6977616302522447
0.7457293897682418,0.8733475627185824
0.3828353094950014,1.549770510543175
0.4981909817136913,1.3734637168772659
0.2580295021424775,1.6419504114676569
0.36702255606100537,1.5937812955947495
0.40719700395398795,1.5704034845493906
0.5785111938393293,1.3164565450148442
0.5936618293804813,1.0565907175685705
0.38202464940206204,1.4000352035954915
0.4086799931420294,1.4302108962463793
0.5934220372895472,1.213673084416045
0.40005709026051073,1.5110406114949915
0.3239753717163656,1.6603519437040033
0.26847938103745034,1.6733949534073003
0.39509255951339145,1.5761139690940102
0.45792955691135356,1.4090825553807669
0.3900603985650662,1.4816902733998725
0.27331921984276053,1.707166467027396
0.3402690204310653,1.5816483089776685
0.33236965629548043,1.5985108453072898
0.3459584532163203,1.5766475986033348
0.39839710379254284,1.4501423724634934
0.2285619809981328,1.738142252579867
0.3656643350080315,1.5993218777402807
0.5142611036436586,1.3671619046718995
0.3621874827781315,1.601367890367179
0.360250232148773,1.5196724839440852
0.265558768194528,1.6538951685032632
0.6747689848675595,1.1002789394946322
0.6506695193009121,1.1801745769721892
0.6387797215615655,1.184899907652911
0.5138689940238786,1.4232774938516082
0.3837485794173647,1.5788743121538196
0.5202816324243241,1.3118480522139095
0.3106587203019638,1.6222618623582683
0.3077120685696529,1.6472698573936895
0.36548133552693285,1.646158216675027
0.666891632755598,1.1122976529774498
0.4919925745208956,1.4746057448696608
0.2329579960259547,1.6999110719679185
0.5074939574536154,1.3809599425322248
0.7412240344427659,0.9237388102902651
0.270950842267545,1.6553213988531574
0.4214648217287797,1.5232943064737752
0.3528788881558224,1.6176750022905442
0.39051270293975,1.5405981602001804
0.38349335408482305,1.3953915134082244
0.6047091791666227,1.0602954738611294
0.5471287924235406,1.337528752538703
0.3431616241265415,1.5438447109928137
0.24436010915087622,1.709332396887055
0.2587348620814278,1.6746088737243099
0.5048126293513107,1.4193893721026924
0.39231457458132335,1.3695287540099663
0.6502826076612984,1.1488463341090243
0.29957773623972533,1.6450805449555075
0.36354199524526687,1.6629971748157413
0.69274423116876,1.016438546362882
0.691916204182203,1.0208261813471147
0.7693554664300553,0.8666291834237121
0.2905442386800624,1.7234706282444634
0.24995212360354957,1.6357586382370977
0.30119955144197047,1.5956407532565031
0.39127962028176694,1.6140506035123887
0.46534084562783146,1.428366890003049
0.2870120246293844,1.645081978673679
0.38062386597269143,1.5880013715652266
0.5976397053426064,1.249361630849979
0.431299097535611,1.5225287049731455
0.43158219225986416,1.4425944094721654
0.48615984362774695,1.3475431047452229
0.26146015152297686,1.7492662729602904
0.6694489292016712,1.115059774708163
0.39574160540596764,1.4040571981418508
0.3358585575362764,1.5307866064627946
0.4393848190726036,1.5013157227000464
0.4306602644002542,1.5260162356219213
0.31676957220464236,1.611702877660583
0.40091030131818944,1.6127696757861956
0.3379235344133754,1.532513518745507
0.3203660969721789,1.6481206368987658
0.30787398931772336,1.6902053592983144
0.35396723064859087,1.6254370301612882
0.5206642265768201,1.3725177151030605
0.48608530011575984,1.14336352586907
0.5180879173667233,1.331893952885505
0.7892544242642859,0.8338107451899517
0.4702779079565831,1.3393563411152396
0.6215589671853723,1.2093554828589088
0.33329292629739665,1.5802228908118332
0.31032898429476313,1.553543445736157
0.5058934564765701,1.3882417552133068
0.3514978733661523,1.6032957473146086
0.4187395076528045,1.436903033827226
0.5788426185616994,1.2461068445017887
0.26930958975961666,1.6924309797246808
0.27359311409248926,1.6197735392188088
0.26173903102345397,1.7315449879088014
0.4976170903624622,1.4401507083149174
0.670989266471975,1.1012851093961258
0.21885779690549934,1.7290297403060377
0.4889192997320576,1.4464385869250849
0.24506344327981908,1.7173368757874248
0.7499372810199109,0.9123675968160014
0.5061542643673347,1.3044273235279247
0.39632159907299486,1.5840273645281404
0.7522237236710398,0.9318705787426723
0.6853365433264086,1.0556611169844738
0.3938222629928282,1.5513943392453293
0.8518846258625725,0.6409639848719022
0.3296666433282817,1.6237701827619773
0.6903214930067564,1.0928165076627698
0.5196984562402798,1.409896512898014
0.532959810773477,1.3912649385139475
0.5877930552796449,1.2538573651487968
0.37687699886669246,1.5869493561319479
0.7487472031467279,0.9334135463814122
0.4113887137952126,1.4384675603650106
0.39411883602015896,1.5747775577145964
0.540393338790524,1.26566624415733
0.3753684959576302,1.4918169222628004
0.5450871632398221,1.128832545369986
0.3056564650642489,1.5776455028595286
0.2518340069036178,1.7277733289294384
0.4140266532997056,1.262623085748717
0.37284381409454614,1.5620681589109626
0.4320732907272199,1.5333023353701205
0.7386072284492703,0.975535703651282
0.5859871065417174,1.209953803049542
0.37735068945420963,1.529268163930642
0.4549668064354871,1.2765449315412343
0.7265467209410418,0.84731393119046
0.4144348663599604,1.5593504411124959
0.36729663608420077,1.6175239612017855
0.31784095233933396,1.6637542342242215
0.272422811222007,1.7054916413636632
0.7229697505548138,0.9482235339486599
0.4939170473618459,1.3919936898051248
0.2517155079769438,1.7417492798711505
0.5365693815208185,1.2721902076089178
0.5560545643789075,1.3019951707289317
0.51371718067065,1.4094311660023684
0.3520828012332734,1.5484361937124942
0.6505677505325629,1.1588000965810665
0.34020005972257034,1.6533608133319564
0.319481398375356,1.5847922983498628
0.5893092537480291,1.2771982311842567
0.2821159624051278,1.6657311610721455
0.34542018105913286,1.5610179288610475
0.47427975006755185,1.3922973186182417
0.7205404686540519,0.9401699109650316
0.4852169322768479,1.5008613508531987
0.31244124447016725,1.6057049389241052
0.34227843203896385,1.525522581763524
0.7125046448601299,0.9326516132423751
0.3125932169253092,1.6216484719603927
0.5015841256383488,1.3680712216613988
0.3094513973508119,1.6359396775386028
0.29486999696111504,1.6681234029959602
0.38962619904242246,1.5993261157005108
0.290847922857366,1.6032175276765996
0.48868010176699156,1.3292577613440908
0.4637829969761712,1.493782053020894
0.2581104220708201,1.6878268470926998
0.2868652333964115,1.6780302084574836
0.7772838855664648,0.8549055503374103
0.4074262864187201,1.4323511924700798
0.4708861042471345,1.4581304174699798
0.39405052989565453,1.5871090949508964
0.41369192836057805,1.5597233852005088
0.3908425591994014,1.5352649106735257
0.5426040414738227,1.3105573497444152
0.32921246373962837,1.6633480306500856
0.3811459504932583,1.600198550316167
0.38726029217902475,1.543217748104782
0.31789137147018814,1.6321432893332828
0.23235853405296453,1.744160742388792
0.26117663105740024,1.6676245372532146
0.6710798412469722,1.1272598014980733
0.6214210698718867,1.2256882058096814
0.323770635194177,1.5769218588953775
0.40516328178711597,1.5965605480718208
0.5039341614364922,0.9224762074091025
0.23154213533165655,1.668857307603514
0.5229502361110733,1.323925204343852
0.57261749625947,1.3118269720548752
0.4983849500786226,1.47852454889382
0.4263089728095468,1.528049394969169
0.5748318504403519,1.2839458709574325
0.6623976844406345,1.1200374332463652
0.5404558006532084,1.238850571810992
0.31794548914773224,1.6367483336450963
0.5349055487537661,1.362065953132426
0.39981384333572134,1.5349971408600542
0.3288397906307271,1.5858735689275245
0.3710219223038752,1.6175205036709428
0.3747654264860538,1.4235236532032065
0.39464523446352895,1.6244262704522272
0.5529038629458392,0.9911496137437296
0.5081854980537056,1.4303451557506457
0.797217819365379,0.794913584928348
0.49891805147288004,1.054080233179651
0.6587355754207163,1.1746727281881695
0.38862050904161366,1.529826569134293
0.36208091406188664,1.571804473950708
0.2500768869656885,1.6812826261537885
0.5057576920766382,1.361823560555553
0.42266814308260237,1.5361610579988922
0.6606156834456498,1.1337291931791285
0.8282455246964927,0.7061173524740229
0.3717359947691436,1.6370349126967534
0.4311315333047637,1.3045754676501515
0.7011451310864072,0.9878802244846685
0.4507536708800749,1.3136964317590638
0.42149326667558334,1.1595925786493333
0.597413693839574,1.2550607863490777
0.2965728113956849,1.5738989301974562
0.36731768676231513,1.4279530168151906
0.3689542606948002,1.6276772353411406
0.5534949267256295,1.3480839722578402
0.3228514689237209,1.5226153989386138
0.3909599785894216,1.298998785881837
0.3349837414708954,1.5397569268202038
0.31623996042172464,1.6673023486599592
0.5004815219508303,1.355175869675841
0.3347405916035844,1.531864347400088
0.33295466735446044,1.573119923965342
0.7307251167836882,0.9325568993892931
0.39477364014925187,1.2774393367106005
0.5268163626226575,1.0099054244721895
0.22226718829733064,1.7540089023719028
0.3583644542299015,1.512884137928556
0.3693760260610027,1.6303627264187168
0.4585334806690089,1.4641063226144757
0.7937796963597014,0.7867265771146306
0.23716463415571756,1.7018893543441642
0.3328217905065554,1.5425547628363792
0.30873206436734263,1.692181548741026
0.2857069627531089,1.6598855527174485
0.4384264210729768,1.5515670393680836
0.4723723932486756,1.4976386072893422
0.3244178307694931,1.6331109656501284
0.4114303409685629,1.5483307985190686
0.40094982904513443,1.5685460738172385
0.4267113515403537,1.484705831566336
0.2549840537233014,1.6643040762563839
0.6539431924239669,1.1534776627107122
0.4756885220728766,1.3921062019238186
0.30154747576700985,1.6442447115656957
0.34189808129578886,1.5611698739650048
0.6808018318248839,1.1010085667828216
0.2681302620547444,1.6883125867850333
0.3261828428733349,1.621892417919172
0.25005885813990725,1.6552301260970246
0.5770623222970248,1.326223004593046
0.5523237467854016,1.2713484312282017
0.39937747426326264,1.5476952475711945
0.6278464800899112,1.2339085635497533
0.3609830151581529,1.6017417117270702
0.6132574463720791,1.1547052178766124
0.48434905464061545,1.4184422839859545
0.2947325215323395,1.5447448574370364
0.6059516175309427,1.1117779242164838
0.5216114864216698,1.3211022863333377
0.2632937717452852,1.709611097332926
0.37654753672766417,1.5124183556056154
0.2762994885233954,1.6656503351276293
0.43400632540140344,1.4743890723256723
0.23586829732460177,1.7177034038101366
0.40668403010017534,1.4668791506021857
0.45892551864913883,1.4120733485601484
0.44565444914649466,1.5190921797640353
0.5154859059718462,1.0605353991490958
0.30507178416068775,1.6956292940735724
0.4590172363319306,1.3513701042050976
0.6057985991911239,1.1670911292712127
0.7963624652569483,0.7895914552685551
0.4548068152014162,1.3435044939500387
0.6964261209123658,0.9765593191529967
0.5257785911785767,1.23867780716847
0.44632800815574186,1.4459914174589807
0.4984691977163495,1.331031726570286
0.45456562227955666,1.3529817427188702
0.6204929030839166,1.1229640840927508
0.6910267207423614,1.0444935885075974
0.5545690358685732,1.2168157065100091
0.6615002964922613,1.065989179311555
0.48631053877286445,1.303242219296662
0.4942144331052668,1.0121880656442692
0.5093107389367463,1.469992837842715
0.392596467735348,1.2843692147352561
0.2749625040744299,1.7214923328919745
0.34681616543692106,1.6031886901276917
0.3744958322842538,1.400640145510688
0.4472654195749118,1.5371644817859065
0.3304569964658414,1.6602937725544042
0.38943966635421456,1.6227949755444346
0.3376965332509862,1.5378892524530583
0.31562205410006405,1.646672875289136
0.2760625502879638,1.6028971635154068
0.50579182275484,1.36270989911696
0.41464287277072304,1.343375946495847
0.4977247156644252,1.4590981082446508
0.5593097021778474,1.2356322551211114
0.28442731627854784,1.6766083707672044
0.2580701602534599,1.678771943155052
0.38959588902700154,1.5955425204753828
0.2851003095512012,1.6896047793938747
0.3761681643733953,1.4802738058914582
0.30973400870447537,1.6243950158757685
0.5873050968052725,1.2445639936997954
0.37033139381499375,1.6505675383071448
0.4622968636819012,1.2145829979950076
0.2226772914568965,1.7579402435788123
0.4132829163120495,1.5367183379158507
0.5899730979926813,1.2856572215686635
0.5628884588688936,1.2877316364417246
0.7608005287758244,0.7668987648802721
0.5813945985907184,1.3049447292571248
0.42126044383560196,1.3908189973792549
0.39753523688765224,1.4916856408111407
0.5972162023183651,1.2193187403682073
0.4103152074221741,1.530559904855547
0.4522077937409862,1.3767408376963652
0.6601390159034767,1.0606259956403006
0.404612428646878,1.550682483591342
0.504930856122373,1.3867503070101683
0.5253173670376521,1.2518249892596984
0.6009705179293784,1.2781209772695774
0.5913080596858767,1.2058591224412123
0.4612208370638124,1.4415812843524942
0.3190491605353108,1.6436733726402235
0.6109412809261071,1.1553156487381582
0.3090589752227073,1.558848134639749
0.3121507290129158,1.6669243790361281
0.4030387775350064,1.492396591230439
0.6387547675690599,1.0929090887342192
0.28977605944412,1.5930791731271656
0.5658799646317123,1.3290708717703175
0.2545894542365662,1.67553924540833
0.30724284767884047,1.6118136417309468
0.34340622888242217,1.660779310036227
0.5252218894918556,1.3398907530016726
0.340582326329078,1.627005263790654
0.8191711654126222,0.7273975004053707
0.3690699529991294,1.571461500821634
0.70983992781827,0.9733734554605928
0.31774128278570224,1.576298501986114
0.35100577978639746,1.6076425883935967
0.3907631719078895,1.5117616656978592
0.4219683568942242,1.5328185660466858
0.38969920700541066,1.520417827678185
0.6899488152464383,0.9807598509024535
0.5373041664507873,1.322467356341317
0.32785986305238274,1.6260848767857603
0.44861029826558324,1.4830126901762377
0.4751076063488038,1.4475216970200573
0.7513219741706096,0.9291268157980133
0.3287632109426388,1.5145874036956952
0.8039725013106429,0.7742209900899686
0.548316221114161,1.3316600797299538
0.6425107371676588,1.0848862088304745
0.3297641342322741,1.5254648094274894
0.3824491904177063,1.5845284359553697
0.33676151028809687,1.5156116408269251
0.27014137400353766,1.6930654867828117
0.26361138800294476,1.7101896373261996
0.5974721471505461,1.275987757437528
0.25484452752702375,1.637119594187723
0.46273654716137874,1.471106404739398
0.28096160637094764,1.5962687062235208
0.6407768708027709,1.10396547513226
0.257121770805295,1.6148411100133349
0.6407903413706595,1.1784581578905335
0.4348940878093421,1.4469282906712997
0.2739817041374405,1.6008782613818844
0.48981796966077557,1.324153775859603
0.32887555739628793,1.6794809987729644
0.3946091949103595,1.5962461964154502
0.38192976277417684,1.4833310090069178
0.2501387490143482,1.6521308424065824
0.4873826731625309,1.478779917648751
0.35028656078846176,1.5932125520923814
0.3666962884691803,1.6190034556390576
0.7119011814986577,0.9670683454186646
0.32283221062266204,1.600611695338625
0.7458175587146422,0.9580688489795645
0.7062413966083776,1.0180036485005686
0.4074656948378334,1.5566978167347494
0.27982906823712916,1.7009316609270728
0.5592930973171347,1.2503668159916859
0.4226748791385033,1.4206664990971258
0.23870154126352042,1.6726252880708514
0.28239494763429324,1.7192821349993581
0.4304465586584645,1.4446671213218338
0.42739608296717374,1.514580059839204
0.6391034487060692,0.9733030895650795
0.463335954695071,1.3306003015278773
0.4613354471968177,1.175668779916037
0.6082200945789229,0.9056971327050011
0.3323529993494739,1.5179856549107795
0.3252596411085632,1.6000251561438128
0.248299573740056,1.7308418074753844
0.7707862048647304,0.8625232302389909
0.24062777711118946,1.6735216415944656
0.38281214025298316,1.4458873552689473
0.4007059012830639,1.5307825297992739
0.32591288396440316,1.612402779064099
0.5960755912154665,1.0717033208051587
0.8234385974534641,0.6530684094771818
0.561903312408095,0.9898949603239016
0.6657300528410157,0.9883452088471893
0.6124570832700191,1.2260614800152942
0.5913208597953127,1.31141438699697
0.3899799324399325,1.5671041739104075
0.5487469376391427,1.2561154263240144
0.4548491732182265,1.3276752711943687
0.44795295260360024,1.3850670663077924
0.762232097431791,0.839284560489316
0.25160155215417684,1.7191342576668918
0.4157541899811294,1.5476054150076493
0.39459331435011774,1.294140742454895
0.3336827558782497,1.6608027633621327
0.6738553240777297,1.1089333411022078
0.28807959088519264,1.6631624366098494
0.24760425080548565,1.7100969550674532
0.32426846644987,1.5884928097448996
0.5303966758078997,1.3488256751909957
0.32559039807444157,1.6165868814970723
0.4693334675374791,1.393501529099952
0.5886001070621191,1.2178617349681722
0.3451351022112151,1.5468617201241521
0.2730657123007558,1.7194140641431424
0.4469686285810341,1.5082029038851679
0.61098266577661,1.097110650112938
0.5078675231914099,1.404876537233509
0.4994705827581737,1.4519925665192166
0.5049033036918081,1.3668061525402
0.4522230390497066,1.3735514602769574
0.40570509512049885,1.5564018077355748
0.497903840107222,1.446777852375872
0.7266850779623613,0.9337931098461998
0.27520858680512467,1.7053687660702916
0.6593546269159106,1.1199739569577662
0.4748157124594593,1.4709447916121476
0.4308801821207061,1.3848772597277699
0.34135999598747824,1.6059750948554519
0.290885730600342,1.6387488048369885
0.3744959310046553,1.5242871850685236
0.4892428075870568,1.4916765424520442
0.4030271645549231,1.5957537950947451
0.27011119801198025,1.6181317696982684
0.613074811024622,1.1485742258180927
0.447460222061503,1.4121857869114596
0.5619606540458226,1.3622393989494657
0.2693734962778582,1.6000778935530229
0.4767318084456646,1.4676678194431254
0.5230845561154682,1.112526007490882
0.5096333347305814,1.4628767264853644
0.3595314498547377,1.5175466925506134
0.5782401493235393,1.2969766851101343
0.43171752117458795,1.5357920471006345
0.3085204465709154,1.5838644253238217
0.3320860037023914,1.5527683985222447
0.4545547712684486,1.5012157508983863
0.32151557429757077,1.5743628847160673
0.5377042158753833,1.3754172658779784
0.5813093519648858,1.3213053729294941
0.35890892746476516,1.6405138541160638
0.4256154315633282,1.525279816674503
0.44296253537008023,1.5642344545637967
0.3067783883164502,1.6467751146554086
0.3334903509749376,1.5740688338036775
0.35724603588602744,1.5479700696116123
0.692877517261229,0.9900911496084805
0.32513652737188187,1.6246800874379583
0.36414605994070404,1.5995886217514417
0.5995202457427976,1.1699099350062512
0.24458789184980204,1.7317597789454788
0.626718582251191,1.0640918865756541
0.40257523541808454,1.4778041470358823
0.41049592782807925,1.5285766327589683
0.4498683186878175,1.514616291699173
0.39130419076414236,1.5244417946084323
0.6592582575747368,1.1469096169669504
0.3690910049853458,1.434563109278127
0.3812279466609038,1.604086289283472
0.2665295800982587,1.6011980952788434
0.6457576981340682,1.1857302337291824
0.3457372735532461,1.5032032183792634
0.4772527065926626,1.20688392393962
0.5724458854352431,1.1287069043661178
0.5640638055144386,1.3538046571705196
0.2773890972788064,1.6592850320276775
0.5759492804859161,1.3136089323175921
0.6307654213423662,1.2030738690503535
0.43678900695626327,1.5675602413183511
0.40798271447669293,1.514894283495809
0.36277591495228073,1.5786545302479857
0.24535430048242046,1.7084198563675577
0.26132147680277107,1.6624014197227184
0.2498731965674519,1.7246684473381222
0.26324323261626126,1.645277548867186
0.3472954194992097,1.55628124743384
0.39886949248712356,1.312451744951198
0.44619281855164905,1.5023018903613554
0.34261926849023233,1.5511834725148794
0.43767674090253916,1.435450685609917
0.5633331423253507,1.2953052608450144
0.5682301101242573,1.3142065293709306
0.47345068306340105,1.5027134192896079
0.43185921406343813,1.5791059997178964
0.23421971776817352,1.7202869791479016
0.6809559286472338,1.1250245200664535
0.3502620362848536,1.5518353847305717
0.5117515392949875,1.3502920968003607
0.2509014238101647,1.6994372538497227
0.403845740314085,1.5986253327346387
0.2205945038056639,1.7606132026904557
0.5898823661217624,1.2244408116879177
0.2552878646162262,1.7372787339339566
0.3757666873960371,1.5992431444529354
0.5320580814647139,1.3883351598818776
0.4695572404184725,1.0763471406508378
0.5742355913842234,1.1672015416131647
0.36202573014808553,1.4802541203823525
0.28639066676476543,1.6240682135869122
0.44779814555463393,1.5191731956421501
0.5935655033907391,1.2602980240182244
0.5533358181561984,1.252276830682473
0.608032559291127,1.2473443067196563
0.49701749408451146,1.1657043431788052
0.3099393230273822,1.6064944078622145
0.31276390392582126,1.6410651409723411
0.37824387232877144,1.5883600765047232
0.30692912368286474,1.6483272867376815
0.6256153863517172,0.9858115011494044
0.4459201325288443,1.3364339449685514
0.30734120774500157,1.7057935906068067
0.5327762080546535,1.3523337563960707
0.32216042519995647,1.6262387708607413
0.464944089586425,1.4669439614592743
0.22773202977112494,1.729556038459625
0.3632389692488534,1.6410739914930457
0.7715212694854319,0.8786730765126678
0.254770710805555,1.7180261051095953
0.3202011996942669,1.5232189670468825
0.6399775123871622,1.1976953436353555
0.3345149788044687,1.5606328817816961
0.38864276223452154,1.5726671280697397
0.5581131628770526,1.2822387104258473
0.3413604893119093,1.4840193797699326
0.5029109122905007,1.323382187828698
0.36337506495472366,1.5766884417734466
0.2666798337838485,1.6293316755144858
0.578874876632801,1.2397920660407475
0.4531490419307954,1.3636110253802154
0.7320010798277898,0.9099741022000543
0.5754422870742847,1.2596457465864639
0.31131841386708564,1.5629389618082112
0.28774778238849696,1.7151968559560529
0.30822540309832985,1.6438078216365517
0.6884421351408426,1.0226204644518768
0.33325101498594617,1.6190504639618757
0.5923770508317358,1.1974698519724227
0.5978152656766247,1.275824520633755
0.3436877541092989,1.6035672191572057
0.5861064084533606,1.3037813004954402
0.3174483294773014,1.6221040960684054
0.41747055394176,1.501523928212885
0.6982155249915063,1.013481633503861
0.24783430075245083,1.669505913566282
0.6552450299507188,1.1247111399602885
0.6583923964586063,1.1419068066153355
0.3700521665439884,1.568583712362346
0.2772707661556842,1.6371150208315361
0.7320675288932977,0.9983103274223013
0.23637754682985526,1.7251223386783265
0.3524114702310698,1.4202914608448438
0.5146741596021603,1.363539863998636
0.3434560940809471,1.5481927916516562
0.42275559373342514,1.5241723030258751
0.5345356837294208,1.2929700527903976
0.4261215397529876,1.586186368684604
0.6163750035847909,1.2258061487205212
0.7290016836837013,0.8635100394068249
0.351688855789659,1.6017704194665239
0.3241038141461222,1.6552698272515523
0.41470043512557003,1.535737212635177
0.3441567685014877,1.506678229743675
0.5374693529532314,1.1149185948618618
0.6076552637945598,1.1839642823906609
0.5539051373084224,1.3900895763210448
0.5619766309850651,1.3394662153521546
0.40360631452949236,1.5845457638724207
0.3887927940137155,1.5670148625920048
0.7082239156597756,1.0114787528226616
0.5251492592042861,1.24335776300587
0.49239509327668357,1.3512939311866834
0.6193637000768822,1.1892305493398911
0.3986762127153501,1.4581920911869206
0.3675606134112597,1.2886257986401222
0.34354071641049405,1.5761489298121807
0.262303371901955,1.721018199606258
0.32367827856229253,1.5585942276917855
0.31239246658210224,1.5788269801532544
0.6209403843551855,1.1207287557265142
0.5717979640334907,1.2754332468601697
0.2237416076487825,1.7241856726795437
0.567218214978979,1.1318484068915318
0.4645113902510206,1.1308957819677614
0.3550636107839999,1.5902958120567923
0.6525380127632483,1.0467251872705963
0.3304699956128744,1.634758454026842
0.3174337487494048,1.6835697821039828
0.41083486323227714,1.5908442694235694
0.4008036631294559,1.5676721645877274
0.45017359557015313,1.496065208760657
0.22698184638883673,1.7595108945431177
0.5567107593805892,1.2562398380871935
0.5179523141349065,1.2928604836861584
0.37976350358693084,1.6307152031625467
0.33847976731656804,1.5786483757001075
0.5787167170093498,1.1832805662548367
0.48220701645819636,1.2579303896467564
0.5796638674415638,1.035290512790763
0.2917880048673754,1.5485021504472776
0.5199681728450157,1.2818460881297384
0.41318130217867677,1.5364274979728751
0.5760925324624729,1.2259442770024367
0.6220018506972222,1.2027159630675173
0.42774850893546695,1.4203153050569601
0.47785030135507917,1.3485037681442025
0.4799188227889799,1.3107213069084136
0.6745834258187686,1.1347205412296029
0.3159222418764182,1.6322531484630942
0.26422761703450304,1.6604078463366223
0.7652981260172582,0.8909828813415731
0.5688610707796472,1.278235984681571
0.5613571934473212,1.2681061278191246
0.5664816233958634,1.2488772954989225
0.7808887333540085,0.7922081219440686
0.3899490091534198,1.5931485235063985
0.7803614393769589,0.7905213409752359
0.3822993684252635,1.5703178736407746
0.38419520045585887,1.5943505571713514
0.45720572073431365,1.375859999280516
0.30231096875386687,1.7134636869629314
0.3628223739315768,1.6016531083832632
0.7432907665745165,0.8423810463601306
0.2945531467509858,1.6594722818393126
0.38308467603175084,1.606570070551425
0.3686690107283446,1.5685906722031586
0.5621365537227079,1.1479775924274838
0.7036580124698704,1.0237727437498076
0.32187757938531697,1.570111013372022
0.4411322807380244,1.5112072220250257
0.33757886430695877,1.5014732016685528
0.28995945868520767,1.6707739876351386
0.47564543205271326,1.4516018455254334
0.24722472522865935,1.743354750767005
0.46510278776381464,1.4446772920260669
0.37594662983097693,1.6300596631512139
0.26485217904616226,1.669223115020069
0.24371537269656043,1.736369089433105
0.3232841561305636,1.5810888946332846
0.5618772214099187,1.0999172572193576
0.5437054374053221,1.3689648324956074
0.4007524331897597,1.4662550585723704
0.4765814770415789,1.470119542893354
0.2418910811850932,1.674016883515746
0.419380038742377,1.530602513732782
0.5181891609088517,1.35824422434637
0.3060737184378794,1.6572860521210453
0.3699711734470385,1.6222727878724392
0.25558509168620774,1.7320523744569807
0.38865756814145536,1.3816758378011462
0.25941945356570395,1.6766969736229334
0.28831779590662315,1.6679525018632733
0.6336014050900722,0.9594059743563756
0.4561100326967012,1.3034843632742232
0.43206744071502745,1.4975291590313082
0.30656590409764906,1.4918870699230842
0.3062038009839627,1.6579936036564276
0.6872264191259879,1.0511898444250813
0.26097673412310113,1.6941576420886761
0.4823760516219659,1.4613015135260272
0.423610098766292,1.5255172736004174
0.5760962536754012,1.3048483055542304
0.5004745939235017,1.4315106963418007
0.5370115485045138,0.9711198706511401
0.31372044357460455,1.6525611593715746
0.5115825679634535,1.4506937606387889
0.5011509513513509,1.4569942265209053
0.37027890283317827,1.5687618608127243
0.3363254481447515,1.6604973276410624
0.31539129852188086,1.630063348472437
0.6061234607818482,1.1770956119107319
0.5843449008075444,1.2976360436073548
0.2583968722492632,1.7097831669896302
0.4617177352949304,1.4612848108485983
0.2330118799581576,1.7179606258166833
0.5630141647949172,1.1809770390273666
0.21989264958833887,1.7232996153421398
0.5145626394081206,1.340848202789263
0.7892650468676249,0.8085656296054399
0.3986561480949519,1.4440256187274048
0.2545776891450232,1.6659082255878932
0.3097461836445091,1.6044754246403965
0.3706655814166861,1.570534646028155
0.4329915209631725,1.5592661747340582
0.4430786294085933,1.5273948125032017
0.4505216800623745,1.5388001034599235
0.35952016362906786,1.533595298772603
0.4316727855540805,1.511049908247182
0.525742150994019,1.2850274276434048
0.32643280620882675,1.486532822429525
0.3171274705815011,1.6417536468360774
0.7720233990894703,0.8569913922626441
0.3995798305036932,1.5338622389209502
0.24521371438692113,1.6589451614720396
0.34625360772588915,1.5648740213072978
0.3922800601995568,1.3923236860831691
0.36745428726945556,1.4590585310476958
0.475693543373032,1.40026036368315
0.46342794145768607,1.5023293990840476
0.5626968868130109,1.3035527035821233
0.3050024856256376,1.697353514806477
0.30874076510363807,1.6332448260699448
0.4910001784070738,1.4467376736725306
0.23762879118199629,1.7383217172712069
0.519051951619599,1.1295349573657718
0.35849827234159165,1.6690305977516129
0.40741450096172627,1.5314919400258904
0.4262962244523877,1.4265795493374942
0.8153945333067042,0.7512968474462027
0.6209742314571597,1.0681283584678651
0.7329879062294941,0.9518318309420655
0.7529637905045014,0.871433541240242
0.25000494213466806,1.7433836002012653
0.48316699573262156,1.4187476551591016
0.4060726724696316,1.5410764160458794
0.2852003200432376,1.6026668821113188
0.27184881622341567,1.6454446065615413
0.43828566606560265,1.248140016457929
0.5452414211338283,1.3104800775802232
0.47628410799280063,1.5234665021015177
0.2725208426510591,1.6675287112106456
0.2663290706341789,1.6916197343428
0.39923321331833256,1.5352072141013668
0.6197337063737505,1.249942584637046
0.639952907258461,1.1090268724968246
0.21913200867975957,1.7257086210769153
0.46938204489945284,1.476311255641122
0.3189441860455393,1.6369007984846895
0.38241974085263697,1.613082242310095
0.39818179474970994,1.554306898895667
0.2396552201531157,1.6876460226125125
0.4464341375856295,1.3994289830008557
0.47751088890799803,1.500578801875545
0.2733291883948854,1.6949293413889452
0.5406040713006891,1.356314199948506
0.5741933561216507,1.2777933079792576
0.2831721643220983,1.5664647455323233
0.5507797702134075,1.2649059635654623
0.28595448124779027,1.6579626981066102
0.44404937011635975,1.5253735604397005
0.37804801561191487,1.5266567865466656
0.3351639228994211,1.6199735249586478
0.41995677391738756,1.5060921156848615
0.4759200153553078,1.4013967824477338
0.5555901880990815,1.1184519594582294
0.624893628866183,1.2233014580060004
0.3778426272888407,1.4486079940687264
0.7003619729260984,0.973087112728942
0.36800523063357393,1.6196822005968923
0.22737039643305473,1.7110392797886373
0.6322830179799466,1.1006740856021309
0.2821364002169505,1.6856930937705608
0.41779726910498355,1.3762014054767269
0.5205574944756632,1.034236539139144
0.6312479094410419,0.9681359176148412
0.3439661767766616,1.6679478040276599
0.457981744551998,1.425055476732746
0.46867101907305875,1.501046180210535
0.39850420773061207,1.5663337191667517
0.5528735135576326,1.3677002196579622
0.4190786382132907,1.53609340718733
0.351376015401937,1.5851167508494146
0.4492475802272212,1.3892062694415888
0.40582945982421137,1.532395338402083
0.28943536561105515,1.6305576885683748
0.30299740637989575,1.65130004393649
0.2945963035587934,1.6170047671652745
0.615548250418572,1.2598841106438705
0.31651465601488454,1.69457931327792
0.2387631504025445,1.741754734132734
0.6752163953064062,1.136136081140105
0.2805852207783502,1.6288129963263105
0.26454052732491445,1.636131385780085
0.3901744132508724,1.5537709708026477
0.6058582963582521,1.1632115034550152
0.31869222886327825,1.5815245312568917
0.3870823270002737,1.370135513873296
0.25239762715732333,1.6917560537821916
0.4437229370565899,1.302262451412659
0.37052521910372094,1.590020779963945
0.6011910799577377,1.1783480094552126
0.3599101755160145,1.5713916928495144
0.7748112052132403,0.8605869705861517
0.4300363347119567,1.556073604811603
0.2523760205964399,1.668600958318227
0.5379262694348231,1.1821818282790746
0.3150721641477447,1.5298291723904218
0.3519115584975726,1.5082874012350231
0.7713964533005226,0.8686782389957965
0.8114759535653814,0.7726369591432314
0.5060605554565069,1.4270637591236777
0.23573102020775602,1.6663333254437178
0.34183029781787905,1.6231439936561132
0.28254835310688503,1.6750706557787787
0.4286114973333191,1.4970027977937261
0.7868892277867388,0.8540404953973437
0.23080113680664524,1.7290273632951578
0.2631472716801313,1.6604542723200186
0.6153820595207903,1.2246393157921536
0.34425549591575105,1.5168379338778846
0.3203086520212798,1.6145019160654113
0.3193631779701618,1.6565973893773795
0.2778002179845293,1.6818552920247138
0.5086763382168833,1.3561702511432685
0.49348621074979754,1.1513336936570808
0.32423822676755326,1.6272838659578315
0.47111355958693907,1.5049701439692258
0.5348691081049918,1.224313664380488
0.28794975975417936,1.64562024240796
0.25562789420845194,1.7447180259166566
0.38140772452413624,1.4361185867381003
0.676717534683517,1.061954749468953
0.6144236431712844,1.1331773818418995
0.43181605504826814,1.5686255314818396
0.3914479012440925,1.5204602397431728
0.7003479640539534,0.9970103901944086
0.44534841220143906,1.3791222847022233
0.4101320323235789,1.473316863532657
0.7796870169969083,0.8324683532936531
0.4433391571780178,1.5266933404248768
0.2907828657814952,1.6701811196636984
0.2722777340324396,1.6968609206042267
0.7553002560901577,0.9241491970511155
0.37337132216969826,1.6464339216206774
0.5291344685057713,1.2507885270718742
0.5257300920485524,1.0948911036733564
0.2649671921952446,1.6502145092734435
0.2396539492699283,1.6991764646088814
0.399656689797938,1.6180559180737184
0.7026926828010586,1.0378357254096011
0.34592514125612533,1.5773749755935533
0.39597722388371676,1.5772974483945943
0.5214813248481651,1.369636936049638
0.6669716727702724,1.099098020010777
0.5800329199480142,1.1926245831036157
0.4454305014024295,1.4556821804945155
0.37432741261752045,1.5912616715647472
0.3261852959672354,1.4762877241233507
0.3061232664830015,1.6048354137664624
0.2814940444551866,1.6378374937550928
0.39219639115210886,1.4695934172850964
0.38984733403072275,1.5129100219973592
0.6841642864896154,1.1010243277815057
0.5577045279945659,1.3468956923073996
0.24679763122614312,1.6611025994766335
0.27854299811868805,1.7335091211608642
0.3233212755123121,1.5549904085205584
0.45910018959220317,1.4687481271453966
0.4154840840973411,1.5304990701307044
0.3712433002075545,1.633012900391495
0.42691985119284187,1.4978416824029581
0.8109846447699922,0.7700402263989685
0.31397954009671625,1.6466081475684087
0.2728214953130461,1.6209711994344975
0.4390668715133376,1.4369535785654401
0.5638566308897865,1.3433859097096164
0.501588331483434,1.1128517200117967
0.24969045109480442,1.6791169150727148
0.2923164689209815,1.648027047162214
0.38935557434465484,1.6028372177685126
0.42963504290612925,1.3665300990584996
0.551266821067879,1.2771949334253758
0.24142316895880167,1.667745922823129
0.29721404736858026,1.5104086772651564
0.36945316835267045,1.5617813121496371
0.40091281431495607,1.5893776891897362
0.2407286199022749,1.6660662643127742
0.37133607851038924,1.6135380857110482
0.7335054998597066,0.9495854267717799
0.55037273948753,1.3479973485675845
0.40538566459573394,1.5468142180770394
0.3572310152041869,1.59892937398947
0.5600484633991405,1.3332482538976664
0.6962705753913996,1.041184431108297
0.3718450346328713,1.4307785350526396
0.40494346585441415,1.3050093636616547
0.7585576245441141,0.9086443597183068
0.3235237795979928,1.6249702437905955
0.44969938858567826,1.4750306548588028
0.3186597129275784,1.6870324330317255
0.519464159496711,1.296351610503973
0.7505816127075389,0.8692497404712595
0.37271565633890275,1.4365850148205324
0.4383503180789388,1.3837482672080799
0.36681868618128255,1.6649308842766244
0.5780500579388828,1.3185967285762237
0.35745468853672907,1.628814578161781
0.6365467988387684,1.2306819662777142
0.7170450962912359,0.9732370420615505
0.496405058133835,1.3796035710969212
0.6069964661611997,1.0955417349328038
0.3813283662244193,1.5347799035649017
0.4675717166400887,1.0998331148895681
0.4551793701807598,1.4975761879769087
0.34472646300995297,1.44256284953171
0.5816677689443297,1.3088267782996512
0.2556456036777618,1.6704866425174925
0.3910236087475833,1.635811059343652
0.27175785168864475,1.6123275657875666
0.4568675984718504,1.4701847292538255
0.48202007483855697,1.4089113761076817
0.562016679504874,1.2389858839665182
0.3597086579724335,1.398657240552699
0.4174947443969907,1.2444809270834742
0.5757743428980205,1.3250472020153234
0.29884357684822416,1.6756549201879385
0.4348832418132114,1.4768377227896172
0.46550144467857074,1.4841001359412536
0.7326263066315135,0.8881505569489463
0.6685707537212147,1.130981261803302
0.570463982356641,1.296084433135701
0.28898175240096174,1.7019722236836268
0.8153141271738541,0.7515346534858247
0.5018870588299379,1.4757487342382425
0.37317147405731815,1.546104087022171
0.5765071293148762,1.013347067839753
0.35087597637645196,1.6346367450433197
0.5226603298528564,1.2056278098274174
0.27706979403340964,1.572704912651747
0.34912281297080844,1.56829810705572
0.4632961217123468,1.0166774841745843
0.6669733807064145,1.054586904609855
0.34498875830580045,1.5274625532812454
0.3423424369838902,1.500324858950267
0.6765487551935472,1.0926505042398322
0.4190816869626538,1.5254744889438947
0.7833512277264058,0.8332228978966197
0.5429858288773285,1.4129286692891572
0.6081655301423102,0.9868058631326179
0.2544626611298022,1.7119490645581894
0.49820120113617095,1.10595734495939
0.29205245746797165,1.6417884471504403
0.36284395983692597,1.4178074830660372
0.38770855835454837,1.503686307238406
0.37688393478194115,1.6042433714990845
0.306704524803979,1.6517782006606898
0.29796462336413987,1.7008975927996088
0.29227086099738653,1.628637033543221
0.2793773941290254,1.705946125585502
0.37810999711755,1.6034131827171934
0.5840288385669502,1.14817708538106
0.3211362678139075,1.6993268242348798
0.2864503143482436,1.6610720049565963
0.3531663789751377,1.5732364467967663
0.5676784837498432,1.2511915542630712
0.3944377842227872,1.555164299560519
0.503015539781446,1.1779246975415099
0.6098052028053113,1.164523101857632
0.5031929259445919,1.3929529824779245
0.27173650275791417,1.734700681680526
0.26834757494506684,1.6595853946142523
0.3049466027929584,1.6422668554795243
0.6613554295412156,1.1654410702117943
0.29094185619888957,1.7191657551874073
0.4320951485518552,1.5680405475759034
0.668425222927912,1.1479659888446838
0.654367752968587,1.1639087028416002
0.5623960661550111,1.2831013969586857
0.3959366775262207,1.5638109684349861
0.276599409563599,1.7199688726915867
0.42390375185950496,1.3496905916454298
0.38931431389446103,1.6150956960338412
0.7440889858523242,0.9166319877541373
0.2280188181827893,1.740310172797443
0.4542137618980429,1.5268662451281736
0.6438809163133311,1.200932627240709
0.4319279909139984,1.2888160181617228
0.46314414661760517,1.4736696997742462
0.3592258422154823,1.6373891857248728
0.26611026533585014,1.6703816261364925
0.5869950070811707,1.310644525906881
0.409262731807225,1.5649013454980827
0.3596815127094789,1.452116677702518
0.354483952348092,1.4778921568056576
0.5221378014124137,1.2707097638079534
0.2235434426000408,1.752928822146952
0.40264737808886003,1.547030414886323
0.3680326107254072,1.5895956226905135
0.5483173774173941,1.303834660618628
0.6147812143092733,1.1119150976383776
0.4587422157030708,1.0184101700114119
0.3993200119369023,1.5836294141045897
0.6012450378144589,1.2536755303506706
0.3406343826731924,1.4992845784500735
0.5346025716852704,1.213166402340057
0.3201442659067781,1.6136840761698181
0.3996066500830905,1.3015868540349371
0.5814776260574399,1.3091970428829685
0.7395080914542095,0.8804478391011243
0.2787385548489371,1.6507259632217743
0.2708167852041737,1.6600422400554873
0.5887893436659593,1.2720815814127049
0.2906300332566879,1.6729034239534233
0.4556537309538317,1.5088248594113525
0.6042597898284606,1.072043506936516
0.2971170699686986,1.6505323919576733
0.3183969132333153,1.5072357292988516
0.6744584186054062,0.9716817543012626
0.23672917752302675,1.7141924907714445
0.39059638777930905,1.4830925740330168
0.39100945265969306,1.5720181338772548
0.566517168189493,1.2694589829279048
0.443035344264714,1.4865194879573522
0.3113345093790662,1.6670469404786572
0.7823232125367455,0.82513457123676
0.3095667702971609,1.6038582474084047
0.3872636452476159,1.5927176959668103
0.27229194379490257,1.6884376742647922
0.7000200180238954,0.9977073323008985
0.5287454979153956,1.0088768370283967
0.36121177294411844,1.5808224836512836
0.636916805555022,1.1403617648014717
0.3948424197991395,1.5078961850209665
0.346310556993145,1.4665205827089625
0.24301094595152267,1.68054270417105
0.749189899281485,0.8679137378179869
0.5099531313572073,1.364191414340398
0.3765760985968585,1.534823269639348
0.5884955164924106,1.2687183922155802
0.3592060500994369,1.6288083345252933
0.37246861917306673,1.4853235406019758
0.2856337213752347,1.6317616182925185
0.48066254113717,1.4683626342665335
0.28882873076983945,1.6563580805749347
0.6378692537516766,1.194042244964265
0.4594924856195473,1.518315087185963
0.5041895054382161,1.3482920689880653
0.4187249341429955,1.5341486795269224
0.4837680784652862,1.3496351404300977
0.651213570810559,0.9930585586691772
0.3062366958496612,1.6366946526584416
0.29047015857126485,1.6569815266757582
0.5029194624629524,1.482184677625709
0.542862988763086,1.3538285161100374
0.5790147815084826,1.2350677614305896
0.28497842316643845,1.6302464069583245
0.4508330583821722,1.4419125697479782
0.39018122884588413,1.5836461573899747
0.4070131028880924,1.349795613396308
0.6584203004031153,1.1759247910058022
0.3616119118790173,1.551366687693543
0.5733321738198742,1.2952686841896646
0.4058408357572962,1.5837433095618716
0.23116808131065553,1.6948809244225225
0.35490165430540505,1.6171577178067928
0.3143722697333003,1.52057244583467
0.5944710463602223,1.1712264636200045
0.5142303943627058,1.072883729882944
0.2147776922198327,1.731616729695818
0.2671293036190335,1.5934965034614748
0.6451134627936833,1.0904664814222336
0.5413865468566256,1.3716949479906202
0.5866626449150594,1.1723621531488453
0.3211566408401264,1.6168097076782824
0.25779879546421064,1.7249819000232223
0.531580570239391,1.32411208416954
0.549222448065309,1.1836404016686481
0.3671218721539223,1.6351989035822663
0.4306286466170501,1.3094035818515313
0.5050398819258981,1.3696814347283819
0.6120770595926536,1.2320658093789656
0.421484067686848,1.5494296136318968
0.3855086759766508,1.6255261662359222
0.7273091243468411,0.8798040527077595
0.386136838599042,1.6133036492627748
0.48113587461942114,1.047680737135488
0.5747309941776283,1.240318443890568
0.29573589868093464,1.6647216882427611
0.6639751393888186,1.1308214575731932
0.4407371687129666,1.5476337846902821
0.4746413053728767,1.4491229086586124
0.32754471353825243,1.5538845039050906
0.6201322496183796,1.12615631894252
0.629328796667924,1.1872509171611454
0.6321807316418033,0.9622636481297946
0.6683203490569528,1.0796751155093491
0.7395191550352463,0.9748779321845377
0.5352076269971145,1.3470273043997505
0.6320308626542113,1.1070800875095284
0.3683559041347431,1.5381972930287762
0.4773368095074659,1.3183549434252546
0.48841652183755624,1.3540446294678912
0.6452942485265651,1.035397456884665
0.5639768462404952,1.1764767898533472
0.4500481897925028,1.3016325831860627
0.2761316270358263,1.6429207388751053
0.4463229963802414,1.3194235218179462
0.5568766039734752,1.2900649479260615
0.7513470769605315,0.9341107622667713
0.711666992171625,0.9613826394342069
0.5442320620949533,1.2591503140537936
0.2604588826133918,1.7153719724599528
0.48833899907953315,1.2566839421734441
0.389128419243017,1.5946109451612691
0.252605302759121,1.713623099099582
0.6520757628265007,1.1673462249948683
0.3604835953609545,1.5894458470643829
0.5301176291967318,1.1936899029666528
0.3444434380947894,1.5915425052005967
0.6229808611443909,0.9977039164314727
0.505694696645356,1.090206966036397
0.34860470509985125,1.4792027878355083
0.5678421807661664,1.2989703156452643
0.4992999305112758,1.3910819129141108
0.2787607323109285,1.6453772716948307
0.6276512340973067,1.2365405653029247
0.27053757879005214,1.6287230366802956
0.39003209211203144,1.4715791019772828
0.3184976684702107,1.6780457713073016
0.5274469872679672,1.3378943247993884
0.6179971314286591,1.1807305488566469
0.3749486530384623,1.6278567511382962
0.6219859983812658,1.114993192267656
0.44378627617183725,1.4137660609065719
0.3092533160641575,1.5918768398149679
0.25000419838879107,1.721789867407543
0.4411467880530562,1.3389041849127146
0.4456479122179751,1.5088308590872623
0.2507391241974502,1.6420722443563283
0.3109841844065874,1.6549430808877323
0.46889910687665237,1.4946282268736955
0.36772151591705826,1.4706448543422983
0.5995420337620271,1.0314903854891933
0.622329431254859,1.137010191309957
0.30053545696142847,1.6805808515606708
0.3436845389132083,1.5540285249840324
0.40749512591358833,1.5328688696157002
0.3527318635606563,1.500894433377287
0.4552955853753523,1.099322706835512
0.3805622674818233,1.486897702625225
0.7056390516223501,1.02471055167766
0.6229313710298284,1.142939784138439
0.28724557093655473,1.650005447301282
0.252639353194591,1.7266367801921902
0.43965146338219596,1.3183888159356192
0.7174867648680207,0.9912731588196383
0.5441355418062372,1.2265450616665456
0.33304096918465803,1.67501066857701
0.42621917131552567,1.5069838279180727
0.48407578918471383,1.4409026486373242
0.2721996320531952,1.7401103369476254
0.38851137335684566,1.5983856249199944
0.6337017591663142,1.191733422796051
0.23855736265972596,1.7399305134732193
0.4802109818925157,1.3062198645925658
0.5683914763234603,1.2410430897520692
0.37741581787949147,1.5129742220905835
0.6975089126863994,1.0105900746662368
0.24685001301866452,1.7280696900794474
0.39222247779726593,1.5823791567343015
0.4131122123126351,1.382139997643336
0.5361908333246307,1.2804780262597948
0.3123993021684154,1.612319899483081
0.3161044629239949,1.559437409702976
0.8035761206551234,0.7852424758472589
0.6087626885792958,1.161230990021553
0.5277847367960498,1.3899168734251028
0.273046967217119,1.6648080545066208
0.4276570900243479,1.548900112096284
0.5974221084138497,1.2754468141612074
0.3399396110115141,1.5912593826789023
0.29098959883845954,1.725107978653925
0.48746232120754246,1.3251456764243006
0.7892579147601988,0.8007513143281947
0.37397109444879617,1.5029869541205032
0.49468185708064455,1.4747070585298687
0.7350130344800921,0.9143485075913232
0.5792779199464502,1.3045964405702053
0.49313043723259287,1.4683052177928098
0.49482859759958786,1.468395775255349
0.34118793337716496,1.640810189574016
0.46734247408302626,1.4756440181719117
0.22953563189733545,1.6951575140727089
0.5135348568872957,1.3451645587379997
0.6582327019910211,1.1488278269084924
0.41547164706248485,1.5102163494640046
0.5469589529538436,1.278037499287233
0.7051912204201976,0.9587574589239405
0.3568066091655499,1.520015330370078
0.43694969051832977,1.5143321573469084
0.28877450295724144,1.6403831258589223
0.24296964023028977,1.7506399744680956
0.32604209363659103,1.5961329286358008
0.46425512883516346,1.4951920349691517
0.5988525105844017,0.9482258577422444
0.6602820219923683,1.0491564899465136
0.49736771707186844,1.3193830876514254
0.29843327625998234,1.4878787139571588
0.46263966398420264,1.4643412114401988
0.4813641615979081,1.4153763616110124
0.5319650552048216,1.321843892283284
0.2882211934003029,1.6572472361060968
0.33906221972436246,1.603357716170131
0.2364137030100895,1.7096455078775992
0.34171862393471486,1.5502410122406833
0.39594473369239863,1.6074564931162927
0.25066500036746703,1.7100304335677108
0.2771018350354163,1.630512063229311
0.35478681161521425,1.6243077752624122
0.26661684237188654,1.6019231571479793
0.5907462463859547,1.1868706976243508
0.5197811118428398,1.383902616710354
0.26613475421860716,1.7075950736971874
0.47581899542149514,1.3717645503275806
0.4426719709546738,1.3822259158794394
0.2368799551121169,1.6815178309780399
0.28774680860945673,1.5791383883449477
0.5488805397834533,1.3612544071690766
0.5314344143028589,1.1407257501783354
0.5110473374014161,1.341542704278873
0.5392821148303386,1.333196268297226
0.438622095695493,1.3193234436379733
0.7860334489232733,0.837565628681744
0.28326575172558377,1.6561145633905952
0.5800717252289144,1.2370382946862566
0.6002950320606588,1.218817742788135
0.5500168434539204,1.3738242260006386
0.5666122651781,1.2645084034356668
0.3808629604727262,1.5328050131971507
0.32643452685178304,1.609663498442997
0.6172493449194936,1.156460512763621
0.6115274373332091,1.1695383179465382
0.7002609949660037,0.980684786742211
0.3848198408629753,1.6113361334930274
0.49512570315423865,1.1494101117385673
0.316657604867534,1.6248941828371652
0.7259344745743898,0.9883980522952229
0.35877840177757336,1.4410448390180335
0.46315997863545494,1.513515998997253
0.34348280855170876,1.5619228353539814
0.29135682101095667,1.6459066048640203
0.4922693919170563,1.4380653917683601
0.32845872008277527,1.5837731729331013
0.8001894187302369,0.8000337643349178
0.32392116479298877,1.6697851782445792
0.3211891982042453,1.6225695037156547
0.551661980653229,1.2864042242920037
0.30199199672747157,1.6501954328955397
0.4872388570581982,1.2445794922268443
0.44935575836548386,1.440609152937081
0.23843433788431734,1.7391801255870933
0.34724211279404765,1.5529710081836985
0.3743250726708239,1.532786663495731
0.5750410956783899,1.174453342541706
0.5333529711943077,1.3776059599147215
0.3988364516584494,1.3878054632782197
0.21431128039691974,1.7476569109223594
0.45573236922145177,1.3355839093481103
0.3062649001800537,1.6273305003655865
0.5602412953883804,1.3037130089783013
0.34157101138849283,1.6483126559965915
0.7478519008887905,0.8707178585124831
0.4198473343428154,1.314758875323737
0.2924823430975092,1.6611534512290587
0.39790022621925336,1.4212004604043753
0.5593103405588948,1.3031791981012724
0.31797769000029036,1.5738324252912275
0.29796813560510893,1.6189955878780116
0.5450802469908508,1.3978688232261558
0.4164053645794716,1.5559498692057607
0.23884395805293007,1.7458236546341674
0.34933762477824254,1.6344995272304006
0.6501748554280601,1.1819385553635224
0.5891342452410175,1.224202359510922
0.4077052173815726,1.5114763977638475
0.5954664754168937,1.0585792622238523
0.24681944402300374,1.6652996176689001
0.6537752037307654,1.123780103390752
0.3096351674065238,1.6232857370214695
0.5290617125812951,1.3657119361319814
0.2885266438434545,1.6538754544327983
0.417961718234594,1.3769379159871333
0.32317670668497894,1.549957031502017
0.26127077401002924,1.7064766787022596
0.2884108753227709,1.5757290675630533
0.6399543953155132,1.0767271677775578
0.6111531127850548,1.0241014941876982
0.4107918935893089,1.5572172858539906
0.661669199812371,1.0659035006781135
0.4518799528309903,1.457147652928966
0.3017499258160447,1.6195858168585593
0.4593838810807105,1.0891776032554035
0.7691920242571403,0.8421065644318203
0.5203914397278949,1.3974968983574587
0.4583681195105805,1.387355787193271
0.5901250373867827,1.2684782577633047
0.35848067013230084,1.5655445270092458
0.4654917178821754,1.515232811676793
0.45683851960044636,1.5054811532326111
0.28700109731264384,1.5416609879768863
0.3012687149034321,1.610296793206821
0.3116820067334857,1.6461150418356856
0.6749026931500626,1.0911922157906597
0.25290168456815065,1.705823355765616
0.4832318405252149,1.3985742162776487
0.6099026849361617,1.1136391361072313
0.5040074540568623,1.3433991457640655
0.286829395755231,1.5229339066696315
0.3918067709414525,1.4938364754976223
0.5673677267167198,1.2124304656897096
0.42556166826539277,1.4848095005814912
0.6890803793586973,1.050011874326059
0.31377016504632105,1.6431489817573044
0.37566032688869044,1.5591871367827483
0.29401897863242615,1.6389884165970725
0.5827885726115307,1.2343838598331078
0.3846649507610746,1.4507641519609593
0.5914394448594189,1.049667694660312
0.25474396847617636,1.7106252915455589
0.29353894164623096,1.6318411780399453
0.485847101020572,1.454920601612593
0.5796898154422274,1.218250227589085
0.273639853324323,1.61943815047493
0.7313383485053837,0.9938480121358577
0.7699683527599696,0.879131609208655
0.5148309988123114,1.3710522285086442
0.6371190380435965,1.1343410412963273
0.28219284322589144,1.6989646438037385
0.40625362394253844,1.4850294295089141
0.4857346257596805,1.459908548655289
0.4238369842660909,1.5193356488566565
0.29144990890245603,1.599964247323394
0.250208285635217,1.7375822732013027
0.3319312982771182,1.687655486674516
0.5293958212954556,1.20157909513275
0.6524988290528654,1.1541260369534398
0.6641404603818268,1.1293082600209872
0.6671098847259744,1.013242641012569
0.4632480422610416,1.4785033006637822
0.36717658900230077,1.5742562244474305
0.30300996591007745,1.7037367263107575
0.36032251565090284,1.5563353013351362
0.37292600061417824,1.5881649423305833
0.4848897757574243,1.014725990415744
0.3174110070091706,1.6210132284584353
0.4496461975229588,1.5066986483909826
0.5437500206030871,1.3066786557631453
0.35384428279038177,1.5041675763871143
0.30952525429925015,1.6614945056702934
0.36915100007713203,1.6169363941289787
0.2839446207657918,1.6354783070305534
0.33738366911651,1.6298436527466458
0.31709131634030596,1.6141076416088351
0.43709690649590793,1.495421255653034
0.48894661093951614,1.1118815228261822
0.34081382487001344,1.56036082928249
0.6071646417860865,1.270457137571134
0.417982188359202,1.549998486425029
0.6082824975214549,1.2714202843671263
0.36559463850410473,1.5681679958799168
0.47705824704902816,1.1535698525604616
0.5565570187515912,1.2085621607474337
0.6067588622817718,1.0311782659139503
0.6114755012217656,1.0281791777070153
0.2790884390258605,1.6497299301559953
0.33342567348418956,1.5870022479885857
0.42905765146283914,1.332505929652472
0.22669559853112828,1.6989889980078963
0.2698743693601914,1.6794329751677868
0.5372760856855312,0.9324244098123432
0.6219678218723746,1.0213566974695185
0.2282097462689466,1.752102727364736
0.7532416977482745,0.890327160666474
0.7651223995179639,0.8755980263454559
0.610942111460126,1.219072749246037
0.42336782421923985,1.4842326938336852
0.7618086540909691,0.8987681702689666
0.5885526828683624,1.197229927015559
0.24133817439416283,1.6647817505583298
0.4067855491687445,1.5566425413668603
0.2847230918506648,1.6731552994059857
0.2637412367493381,1.7116038481719191
0.31486406515646415,1.604911841955625
0.2452245492901165,1.7153229504643945
0.43350583559945916,1.4729310331531265
0.8230397447281137,0.7271196668325495
0.7260466187732552,0.8927601950133309
0.23507400856181035,1.713717814858372
0.3625318334731205,1.6239003574762425
0.6225897308295074,1.2240396685335995
0.5445839218289933,1.3025069612598184
0.25456942761742246,1.7228535466529418
0.4313616368670138,1.3130077933765343
0.26635642776116636,1.6152821590076962
0.2795726965457051,1.669577293811052
0.6190865529764941,1.1231302468742033
0.3655279454267973,1.3702035730833213
0.496842391163728,1.285983826019764
0.39862859809645124,1.547562385520398
0.6533512022809896,1.160808618526012
0.31347671753009215,1.5229992242917376
0.3962355741837243,1.3580282585667913
0.511781815000174,1.167355522617958
0.4115407357902651,1.549172715296322
0.45542529287106304,1.2836718824050202
0.383280913756995,1.5269969757784894
0.3335816045949861,1.5399768733311394
0.5671655998863824,1.2943697332079163
0.35490953798623975,1.616834717867758
0.36601576420763177,1.5377266345491383
0.3289524069342771,1.676723120232528
0.38489867381297693,1.5310133222303703
0.6027531988059571,1.2477664815309564
0.6154652135815731,1.1554380007373322
0.5992281197404878,1.1218152076721868
0.42030323999879127,1.4470725490499377
0.36505694338347777,1.505469458737507
0.7247070486064832,0.9174631383796761
0.5820298431212905,1.2765534480723277
0.3185071774205759,1.643022700896679
0.2913768513934036,1.7131024906834689
0.3239914648161143,1.5221736030786066
0.37094682484653674,1.558239776115421
0.447378126050678,1.3958591420327722
0.4845715199679882,1.3291805575539437
0.4513739150660706,1.3863773651113973
0.27977158191958146,1.6454587333373443
0.6161005468276892,1.241703645004632
0.6053207014422782,1.0658362202155707
0.25127634050101344,1.65324041920447
0.2627747894430209,1.6387268785133264
0.4964939997332819,0.969481326426507
0.35265297998023454,1.6162822238939134
0.22526601616565378,1.7674658806324912
0.6037257302586,1.254016103656793
0.5106138469376567,1.2109379228547226
0.47501436991762913,1.433436887219477
0.31540500010803374,1.7003967597997074
0.652628112563533,1.1743338111935409
0.6496399026650076,1.1507834708880547
0.317538463099141,1.4780417427239185
0.28999982146713427,1.536716760051718
0.7121103632579981,0.9674943460920805
0.34826069813474453,1.6620852124229342
0.5675268558540371,1.3454243152479177
0.2858495580009726,1.6216535909942278
0.28928175801012396,1.5850232011370924
0.34155118628223025,1.5903912842703276
0.7651086796600552,0.8334377065519731
0.28636663740048957,1.6589010523293368
0.4538477495427047,1.4724308521855836
0.38128382963936863,1.6167902938345469
0.7095648832250903,0.9786019382390266
0.34603878366764007,1.5601889432140628
0.5567020049562466,1.3149172079021885
0.46411138163571936,1.3129746511376785
0.3035182389273398,1.6583825172614473
0.6052587278883711,1.2569683841116488
0.5926630805741352,1.2120295370928067
0.4010063133967225,1.61262175698598
0.5671776189786946,1.366433716866026
0.21746684542466926,1.7424229955926658
0.4677047533960395,1.4167342831230305
0.3110414460141033,1.5964678440394577
0.31325592191863544,1.6640230376602634
0.688735192493149,1.0958393299527374
0.3853332678903914,1.5330896092023876
0.3354809626565424,1.544187480204284
0.6018546184585697,1.0858421168795376
0.3314097570597324,1.6410356830135817
0.3425705749247624,1.6488888745382677
0.6965132714912322,0.9669191086734276
0.63501984953034,0.9852749660587052
0.2441827272620218,1.7524025195651458
0.3468538238339597,1.6382298992191608
0.24238757864676938,1.7250533834591322
0.648873359685231,1.1436262016315326
0.6760688474614915,1.103833165298318
0.5406069618687708,1.3228086195049895
0.3712776335658407,1.5321528355292526
0.7186505518101847,0.9805407961794687
0.24597977704560295,1.7021557640182674
0.4202630717483226,1.5554785646730975
0.6170605542467203,1.1485842377185889
0.3397749536957562,1.6324082572399967
0.3427512463676724,1.5120479313777824
0.30402231127875895,1.669839972119719
0.4188466463028081,1.2212652541568185
0.6428952100240608,1.1601683004882115
0.5959045899742025,1.2623685912631815
0.6087473284596183,1.1785019638632455
0.503670368232735,1.350543866577754
0.3166994744513639,1.570162855088852
0.6630234202488514,1.0950942606226581
0.4678752113058934,1.4502673443178868
0.5752318447848148,1.2406000387026939
0.23998274304047582,1.6970802296919898
0.6902207208009199,1.024841689543385
0.7305972779273214,0.9687986713528837
0.38940155714922553,1.5110323065546574
0.41375121283268335,1.6048147002975597
0.49679440913781975,1.356399611207544
0.3747506963920083,1.488682372272136
0.34241241953505586,1.5790491354334124
0.28504050562760136,1.653067998289874
0.3330133344900671,1.6292930907295735
0.3828337444449335,1.4883070945668029
0.6217975608874319,1.0744563742408857
0.703613716609967,0.9748097612924227
0.40352376202537155,1.465896948218516
0.6183398347374359,1.2164802821252205
0.5238342590014412,1.3371173422065745
0.27217869301163145,1.7405089495868817
0.5014223185298868,0.938240553858301
0.3041262996886374,1.678949773185869
0.32422913268917114,1.5767230717833831
0.5827963532747776,1.3217539188495222
0.5445023034419426,1.3554145905695434
0.5699226644203818,1.3319206301385562
0.8198987097360649,0.7414193564792846
0.42356960847161645,1.1725377933239054
0.24685400233812801,1.7308787936801875
0.6317511691850166,1.1987822104008548
0.5290629973831742,1.3851377915342382
0.2530643444180294,1.6132572952158108
0.3226685928802944,1.6010358176886887
0.2868797738575007,1.5562496506258436
0.3988523010198804,1.4707397766465364
0.2804538550906553,1.612628159161671
0.6329494131949746,1.1114555293639887
0.7627894923991383,0.9106120645263023
0.37005843283345674,1.6414466351731154
0.20813709325007299,1.7293042160401884
0.31094661583894423,1.6825746076131802
0.616961114904574,1.2503002358428423
0.6048053272393612,1.0269938350253187
0.22687911262669108,1.7399655650478196
0.6171455913402887,1.102141664136963
0.47175174741994774,1.2428921251248193
0.6184953273252858,1.2205108271720215
0.2527916263919626,1.7218236548425154
0.3206721374776842,1.5716755983381492
0.4796892510768634,1.5028822328741869
0.4714213636163119,1.3310288006134292
0.5292278602707328,1.2877950669688203
0.3056585008552095,1.6697556364670139
0.3452429658228561,1.6742801213059475
0.4628911275480055,1.3214417792460984
0.2697633444447909,1.6645157330758937
0.3648297873715965,1.5810061945474552
0.762886884688171,0.905407045064929
0.32699043439677766,1.5771363380909869
0.2792205586964145,1.7033192119428773
0.5182207379292888,1.3049725759976436
0.4617113349015005,1.480804982671889
0.47782794218375263,1.2230953750272309
0.4920412079352964,1.2490348006090315
0.3177132074957809,1.609362648125117
0.3342147879436761,1.6275509258465695
0.3735007343934301,1.5404074260503329
0.4004154625302787,1.5945747303478068
0.7490018294183586,0.9375234772623149
0.7235573171527793,0.9546987170596642
0.46885580533856386,1.418667993623467
0.3740714629153477,1.5381063788276732
0.282764509566463,1.6416587640370777
0.2869406685587112,1.6561696297968131
0.32285315749812377,1.59250229876268
0.606622621004352,1.2859516597522387
0.5939771908071995,1.289428353069242
0.3031664360734651,1.5984573596991398
0.6223047237014006,1.1734941752762724
0.3298450137504612,1.604163723350163
0.3429326735799867,1.615945647936
0.2594831276736013,1.6807730080333376
0.3973213933389235,1.3841330594633068
0.7071024839082367,1.031638567301568
0.4888852421441021,1.3697828321706698
0.8570264161601862,0.5772605949942134
0.5016924052179446,1.2925524876965362
0.8361899198134438,0.7002543127177681
0.5595868455984817,1.2706644820583843
0.3807478391016737,1.4756433821947357
0.44674649752313766,1.5571531883842504
0.4515010942219619,1.5176045734962043
0.5493294243603141,1.3479284253076786
0.37307346501460925,1.6366721989435968
0.29269678147427697,1.6229883499234337
0.29205459475288054,1.6721144315826475
0.41979135518265204,1.4546727304431704
0.5760106408794889,1.262231943065825
0.3379842194867983,1.679005207688705
0.37306142669705694,1.6551571637847782
0.31736957749201034,1.6113183339697819
0.6043746288872727,1.1850283690129535
0.2110334808218745,1.7513977912463357
0.2613586055822585,1.7557071470454033
0.3571870569911961,1.569912273881781
0.3728380883412014,1.4262849928163797
0.5746376113827749,1.3080339351694614
0.5825804412507644,1.2577827325588422
0.6123348319954394,1.1708121611409967
0.2464966068584139,1.732737706969891
0.6006339337166922,1.2592961585701465
0.34614949857662725,1.540826834653988
0.6609566251514796,1.1534148545906489
0.6823734196096458,1.029170381353353
0.3954640920548262,1.4808537395921848
0.6476948254351532,1.1721797064186108
0.31262754475744975,1.6369365859492686
0.4741669894836341,1.2993254286881895
0.45860652844812433,1.4306015629144617
0.4275837991359902,1.584886579260534
0.3626746581152191,1.5999559695149461
0.613175221313348,1.2095816974674813
0.29485132708079204,1.5964971249072006
0.41240151697711824,1.5608496972871293
0.2832286824434731,1.6346709509276032
0.31451657092843405,1.5256128283793542
0.6924989036445668,0.9976484890288009
0.3497529101180711,1.52303850686403
0.38500880084414263,1.512012174460671
0.32404339190025544,1.6886024415278935
0.373264741163958,1.5595796641120516
0.39740465690058835,1.5789654100493877
0.4785690532457798,1.2841226174519496
0.47037097552081103,1.2818279990853432
0.7294163530797237,0.9158147687072393
0.7569589663833167,0.881655633418092
0.3223887905882553,1.64345307477728
0.573944275604616,1.252660617096108
0.4545811022465425,1.3079651499638663
0.35825647436948926,1.5872402988630234
0.3417646861035561,1.5072297669326427
0.4937323327906133,1.2365653395767613
0.28956473771507046,1.6383757621731996
0.40620533323357233,1.5276131712835845
0.49040027649923434,0.980666971431206
0.7200383918494107,0.9649664584875564
0.4742541053848735,1.3331792075220235
0.2539220914864197,1.6990382854528612
0.6009839780070884,1.1718583550345065
0.5396567973010369,1.3442933955460774
0.28428295711918317,1.6791862530780945
0.26282288179782054,1.6610192521636358
0.5095209132861869,1.207146062171152
0.41261979227913664,1.572313372396433
0.30026223139926583,1.6203967812248055
0.4554937011185903,1.53187337463246
0.6168927106306401,1.122408259987059
0.24314500312543555,1.6726520510786953
0.3445008515300012,1.611645269328228
0.32044974878266513,1.6371053808014604
0.419245833455545,1.4282608967985442
0.6169156986090684,1.2126264721255815
0.43692647584612915,1.1671870557847535
0.2817264016863502,1.7263348681218165
0.6228025567699305,1.1334033029301898
0.25243220955984125,1.7228169905621933
0.2903484202913814,1.6478339689945882
0.3401653876735955,1.5173612709851247
0.6283490415119831,1.1540932504874948
0.6166877050667326,1.1620520488263866
0.4358098926986031,1.535380427097491
0.6309179733127313,1.2144270486062898
0.5354064640021312,1.3643895010909277
0.4520742753529227,1.4083020277957656
0.4910764331311632,1.4797313170717767
0.7380879782726246,0.975603185753666
0.39275439273452567,1.535104745381123
0.3236717862986179,1.5835122705583837
0.46002395132408375,1.4067815813484708
0.6321433432706438,1.2181384597551075
0.5109842514422319,1.3295016676931874
0.5564507860376119,1.257117112778737
0.3929092865154156,1.4206967786240483
0.2553419100939693,1.7165491157948125
0.5644664336005847,1.3800953411559997
0.2792928374762647,1.6742179492187088
0.2575432676491726,1.6868321349404325
0.6701397953754098,1.1340168980865868
0.5125548420965755,0.9371114019386061
0.3205764025579991,1.6651193726167084
0.4230460991453001,1.4732513868052126
0.4443174229993502,1.5282165040752358
0.5263944212814923,1.4122187018500605
0.4194128204205987,1.5340139783560334
0.6720950721337897,1.1088352186698496
0.25294880982605844,1.6581723883532888
0.39952353395947965,1.5874701004806393
0.4897524275407572,1.3782800385178897
0.27956447758585246,1.6264945559039397
0.5141545480883374,1.3132977940859187
0.46622948662101815,1.532354108608349
0.3482079308003755,1.497537758331936
0.3703360522119803,1.5930352808219985
0.2748624623823744,1.679074141549008
0.4709039915545618,1.1060196120385288
0.35125095599762596,1.6237083102487755
0.33812627834561665,1.6156841249972902
0.4803325658200373,1.4230075008401655
0.23212909954444244,1.722649421853004
0.4348625895938142,1.4201806545800857
0.5776066182614662,1.167077031270702
0.23522864713564412,1.757951512128853
0.325726307500603,1.4300495380618272
0.6096177284900578,1.0085638331543572
0.34017759311564844,1.6635144228085772
0.32478399215508125,1.6087248510976222
0.36850889178557655,1.6193245660793818
0.6635454065325112,1.0898532437249917
0.5305004827213224,1.281575021518191
0.5523958410202722,1.3594336321928828
0.5037543800951365,1.4071943073431874
0.6762293741546077,1.0551416252267352
0.6371663514330396,0.943397009901378
0.38835920911304894,1.5881041393509876
0.3090029015508809,1.6750950153623339
0.44916535528064844,1.4614161190850177
0.25305181243787017,1.6908741227175113
0.3713472950133887,1.4960259826665554
0.2774299507296959,1.7264948675060197
0.3822186775310352,1.424141643818853
0.3568719311885649,1.6460058540066453
0.2992146266122852,1.6927613394289467
0.4006823710965597,1.5088735573079264
0.6319406468330183,0.9657208805418003
0.6456799889563041,1.144444424601256
0.46108966657422945,1.4363880897515662
0.45899798333525993,1.338891443296741
0.45579611122325847,1.5214666311786824
0.3677551416741568,1.57697560379348
0.5627457113456532,1.2544356692412288
0.5676785716674536,1.2875764638611966
0.747179441583749,0.9269282172344505
0.28797522141328336,1.6932542652957554
0.576752117399325,1.1920069284385275
0.4119847413788429,1.2588032447625754
0.3008743524356447,1.601495965550159
0.6402596239800566,1.2077136949964
0.7583395392023623,0.9032109190914817
0.551310467161222,1.0787920757600324
0.6032318393558732,1.2573228497205189
0.5751494759047219,1.1030817493339637
0.3217888851702132,1.4997060472404113
0.4597746510110116,1.4745202826687227
0.3693513063226223,1.5520578225065278
0.3242824560074129,1.5599645550114751
0.2662618242566872,1.575899729072653
0.46592391676050426,1.4418931520037312
0.371552275133807,1.6266440920996916
0.2867879517071689,1.6626512974926029
0.43594559949609724,1.4421811433496137
0.5906683537073699,1.1456103568807152
0.6174308930248754,1.138202169545814
0.2720636980173187,1.7522931065141245
0.3348754041096969,1.6567970862819474
0.7657216482144956,0.8907371338894471
0.36540883868941226,1.5966970631519803
0.7392040160091733,0.9528720897580358
0.577358895783283,1.3211884344619431
0.3562703876327252,1.619925476376671
0.2581536110127634,1.6686572676628448
0.41868888270563587,1.540885543600051
0.2831747425319253,1.574912190089425
0.43855611488944524,1.5056376160144698
0.6043635667172296,1.233381397177897
0.3503976976454349,1.6158614038175245
0.5906527061933196,1.2251410171668404
0.46487730513610076,1.396191785666586
0.33601583242485145,1.561541250125896
0.4624648710018452,1.51645562866559
0.47148225787127485,1.4528546728370269
0.24060766707271733,1.7354885964318318
0.44097787976465747,1.543481148431533
0.5744736356122576,1.2424493123673246
0.2617260880849294,1.6889352613905917
0.3278805803387497,1.5553168984429369
0.23592905187935487,1.7446067862371146
0.44321061939346623,1.4202227099497653
0.43144702929984274,1.4060328500693702
0.2797933795587798,1.631491802915592
0.6051810320726302,1.2080423022394342
0.5474641296070896,1.3151053841337588
0.7292098462380366,0.9103535256999794
0.3390111501814437,1.6707168467185256
0.7745317888371526,0.8639481395210847
0.7051597119793718,1.004950154419711
0.3943573911377337,1.439369035696529
0.24886469990998214,1.688938397254406
0.5947327682198918,1.2639720734052429
0.24975645646053493,1.729432604931392
0.49874494224436966,1.3714699468687455
0.6255351926150825,1.2397368677617369
0.5702621126896616,1.3113623415536244
0.646178433310327,1.128996678205684
0.5597016398766572,1.3380008873481837
0.4496178646566838,1.5246865290724698
0.32710301387096447,1.5522727794760072
0.713560765445462,0.9902044526155467
0.6851238633164065,1.066055157040879
0.45169917190829323,1.4173706447372487
0.7505180401376816,0.9445663358538711
0.6412014929098413,0.9190622244754529
0.32722021012597113,1.6477466824876552
0.5617637665595557,1.0972286249396819
0.5222666336607555,1.3583160212399463
0.3467228388518791,1.479594672153696
0.5371086698460232,1.248232557695989
0.34754419685103427,1.6237402318355407
0.6268824083413531,1.1163257602642715
0.2759577519653956,1.667255319597056
0.39741949965437295,1.5551679666336902
0.367893757427106,1.4671875211581427
0.7334134149488949,0.9912627979091468
0.2680276047131099,1.71421139866521
0.24298500326866862,1.7400484933435627
0.332004976724168,1.6644730492261388
0.7785549425453338,0.781112186051836
0.3658754387158546,1.641995656812607
0.26571752645459507,1.6115578008753673
0.31360625076810245,1.629293963506647
0.38233187631513105,1.4915182476770117
0.7283335743784674,0.9091662568800662
0.5973520310493153,1.2728558233273142
0.23325164317615038,1.7246803970733433
0.5204547153946916,1.123322942832641
0.7883507135811957,0.7849977724118464
0.34346696063813514,1.6502081645745525
0.40072422062934143,1.330998754157931
0.5533079144077802,1.306791745092464
0.27677508018053515,1.6999849601931996
0.5704708609443293,1.2799594432149166
0.46281250517774514,1.3496122713143663
0.3914852728660304,1.545285037720271
0.2342711159495694,1.7185202067346215
0.38290377962594313,1.6095009016940387
0.47363947229038683,1.2843829795022863
0.4611659423429468,1.5119103321788294
0.3948265246275871,1.5111809915002885
0.6861709060474946,0.8349895062575892
0.5892549283527095,1.2093258067330643
0.26780815366981875,1.6973267744314882
0.37757506422611875,1.5936927532828087
0.490456995420035,0.990611350634159
0.42488308594943025,1.5526906450943
0.5630973188309067,1.3257266657399593
0.3254620174351223,1.6769663306787252
0.42038045646485406,1.4344421160115643
0.40236927208244905,1.4761117304877889
0.3478968848155027,1.6061251278986681
0.7008528134936587,1.0611813841186215
0.31995696859728084,1.5760217008571342
0.24676796172602175,1.7332649107034968
0.4045438322729704,1.36328113053128
0.3946020305024361,1.5559699828752045
0.42339928006234107,1.2421854897942155
0.429359466249403,1.5347173792317275
0.35247245980376357,1.6527840533351674
0.6571005158399496,1.0646707130116226
0.5188473400109624,1.374630750756376
0.34156969448666225,1.6105320262113434
0.2651146252506892,1.6155868654800059
0.7975369088786319,0.7907819967352042
0.4664125550486789,1.3406793159237091
0.34279401453430514,1.571560317167163
0.6524729585646337,1.0393422161753734
0.2892338003392027,1.6566752110789327
0.29851297917231756,1.616177049283032
0.523693322569913,1.1019653778599459
0.3489090923765707,1.6371716579172015
0.7459985269222505,0.8390238057517475
0.2859504932399213,1.6693603593247277
0.47367661221610635,1.5259327237244178
0.4962290347852683,0.9687274213363092
0.397187868101347,1.5281650945604621
0.2633972460909536,1.7188228946034192
0.5056920887230112,1.3714842527745463
0.8107722687643121,0.7710006796115203
0.31291012358346093,1.6064319447096007
0.34192649869800423,1.6063617348116992
0.3140938740548583,1.661022747780365
0.5076742972116584,1.358355627364756
0.5927255640829406,1.2742741054439497
0.6519537147149926,1.17001658505024
0.3586111486477334,1.6419436866419004
0.2967760570027236,1.5885291614870143
0.7031408488301336,0.9763562128749228
0.5449610924783375,1.3580200448340638
0.32005152461017045,1.6473856274796042
0.40309572575107605,1.6092956024370697
0.2592100723876758,1.6982482926670246
0.28597465629256114,1.5877210482831787
0.5025932965793982,1.29729447832817
0.4619666101904392,1.4466459424556013
0.761662270957473,0.883735013071534
0.2994137428644423,1.6454839432418116
0.5224159869297571,1.1287905756564909
0.6103875283271222,1.2223575625832734
0.6536712115576054,1.166963255344272
0.2864499843313375,1.591449577756104
0.5597711041449123,1.3607074141753546
0.3380608534771913,1.4931521018552651
0.461971021259405,1.5377522760416389
0.4097902843223741,1.478010119063903
0.3456208925953123,1.5513606652152232
0.8358025534923184,0.6338387116901292
0.35599940280172315,1.4959553557252745
0.24464416529734123,1.6698213932233446
0.22936000853095898,1.7539075433251785
0.36506830416432184,1.4979008495281119
0.3682347840281195,1.3871355765344513
0.28065386268500897,1.717505666670405
0.4310555424265064,1.3796454956846977
0.5088013992952806,1.284695305356626
0.4022864570105703,1.586903448882835
0.4832883493395094,1.0112433444265077
0.4703474634339623,1.225929503827491
0.22418815175518017,1.7287069675016962
0.5575745821326606,1.2745331694428146
0.6395099970502782,1.0940329177359585
0.6803710405320423,1.0365217288026192
0.5575093198223086,1.2699581402748663
0.4742984810096391,1.3812939311553016
0.5956978292046478,1.1136395176060347
0.3616428836935235,1.5765859728802483
0.31499422903252805,1.6224661682762682
0.32096399824688276,1.6935620608673716
0.4647235521473746,1.4628513995960732
0.3357742524090831,1.6525479926641193
0.5243796489994328,1.1702118780681405
0.3695596598625739,1.612958123261051
0.36710239724484006,1.6472428215448258
0.6504605110140517,1.1528018455350901
0.3645736863609301,1.581045692625238
0.36302631848631556,1.5435781186897288
0.42786825040014687,1.4534092662200593
0.40618372270108105,1.478908930081569
0.47084423302873607,1.4078172647647753
0.4225459498312362,1.5215753673308958
0.421211006797129,1.222561973878331
0.37736489071126966,1.3982811337815786
0.39543762967853513,1.3551421482848933
0.37023319803671684,1.4333289750206966
0.426592140979338,1.4886000429448099
0.29078986159384224,1.6172405167453185
0.5445943929995494,1.337114570696941
0.2740800008728757,1.648304060398448
0.32211133983790263,1.6336730763343021
0.29201368777080067,1.62937382039545
0.6780198433470779,1.0846768848352848
0.39787286455953397,1.3715655480227855
0.3191228962039056,1.616299718732336
0.4263557757868674,1.1897906193299064
0.33284512537325356,1.6212421694644634
0.3153957229661485,1.5950602890259027
0.5997020586988503,1.0433456902876461
0.34945187483858303,1.5878544998554387
0.5939188015333481,1.29245027069562
0.46235519189055424,1.4919677069416877
0.4603991904827944,1.4898520718639152
0.6206657165767469,1.105616429488324
0.42039517920884256,1.3647561809794977
0.4865149713835564,1.2887873071115934
0.1964774888809264,1.7633420188206241
0.26438025587470504,1.6526143516908465
0.5061622759391393,1.3359013871706145
0.25465382287138305,1.7406127514773624
0.5075027188874728,1.3869372628273715
0.29934384729761615,1.5875676432612758
0.6630341381502999,1.1250868934334952
0.8378750203530098,0.6837828188743531
0.404587815106246,1.4919494272715574
0.6544890303081233,1.0886222258268339
0.5959110946073315,1.207578135491324
0.5268564246256361,1.3260176162839956
0.4008097037788826,1.3064233824396214
0.5161435345473225,1.3138928726497157
0.2372363129282594,1.7028166434643386
0.5965791276926743,1.1487105976631726
0.35128873144784856,1.5690083628621763
0.35534668172880435,1.6585658509898917
0.36145782610529087,1.6396259991036093
0.44435526269732495,1.5147313426599216
0.6535148288943798,1.1410503590514651
0.36591913364375894,1.5981118867043305
0.2879059057676599,1.5297816778865354
0.25345351079773465,1.7400180460127597
0.35876446242415677,1.5992871417090866
0.4542235466353743,1.3077441570384836
0.5889757674782332,1.048609688980049
0.5951748025809755,1.2639299829086441
0.6890774544099121,1.0843563288603113
0.6000289954277046,1.1732511885011987
0.47196469276866476,1.2576583503052514
0.6310608476499072,1.210891511306175
0.5418625923109531,1.2343281715214305
0.23272200099921,1.7230416019841657
0.411219453859947,1.5711845990223148
0.4956882784252182,1.3963862253454928
0.5940796710816262,1.2030786345027493
0.3319762794130819,1.6050525504301882
0.43370886190381597,1.5197537714140767
0.3626177575734312,1.6496255345883515
0.5109953019797491,1.3836879359753018
0.6072538257336246,1.0920696654221291
0.458629557554367,1.428629310189985
0.3324363577094614,1.4956729689957722
0.5713016453380398,1.1602225383267653
0.34860772501304405,1.6360180494896759
0.5953270342710789,1.1984928204701373
0.5444667320974269,1.307518727737153
0.27893051926239054,1.5718240273012174
0.31947674090977346,1.6176895654931416
0.35582597442038677,1.5176438613704775
0.2762128667717289,1.749970336334492
0.38937736922370136,1.5003002545617443
0.6310553216286279,1.2228358402450474
0.3043818954520047,1.5151411697510508
0.3165739811629274,1.597448995123698
0.4513472920277282,1.421083757615822
0.4417868736686493,1.3892207631963638
0.2951085700222915,1.6830960787667004
0.32605888076017864,1.6360206476790293
0.2654273440707176,1.6080666104445065
0.44649597503880556,1.5135660045119763
0.2600509056505273,1.7204844154716017
0.7713348439456351,0.8691993222208383
0.2617725160293645,1.6578167998255031
0.4449962763657086,1.3998538686844766
0.6034174951512363,1.2516903178691934
0.36421077916998323,1.5856074702913772
0.6550351805963474,1.1065677600626245
0.5103851716761147,1.4157243229407843
0.26733201655389566,1.6979350814268963
0.4073814952331047,1.6011648739164843
0.27391628260362794,1.632666823799416
0.3477624968292062,1.4847352563063825
0.4300198274368247,1.5298186105091043
0.23666881732714184,1.7519991362965324
0.4696464044192126,1.4660426509052076
0.695518433252381,1.0467329045615794
0.544036052468944,1.2478693789650728
0.38577380929123173,1.6172936446615747
0.37894860534959784,1.5458419302820707
0.6153250411390041,1.166975810389812
0.5706928042073748,1.289805457032629
0.5162214016906613,1.3877286798780684
0.6131836891474549,1.1691247593624312
0.5545602999403406,1.2978822871669675
0.4716181594643273,1.5162972318591006
0.2615446732873592,1.70665499183266
0.5141662230204175,1.340212936623617
0.6736492070057536,1.1102060281220616
0.5609003057220737,1.2711624017094005
0.3154298822364903,1.6386608060400634
0.40341631288974855,1.5792641891890502
0.5747383269161677,1.2994107181760883
0.514542738115785,1.2826842318794087
0.3315408115987572,1.66465715591153
0.3141253657145699,1.6565612935731502
0.3767873521103331,1.4513792712638207
0.23526226130022262,1.7329350989040682
0.4687577596686667,1.4660935686111283
0.35953550187883154,1.6287727296003691
0.6176123570408285,1.201365968054963
0.6665117843142312,1.0572403779447521
0.5714125117891244,1.2578347849369207
0.3453836035944241,1.6742427430708895
0.2801318033748008,1.635832649626528
0.7914049697398408,0.7927091441515505
0.7697862147215847,0.8438484685228168
0.32640126691218013,1.682967918884951
0.2656532724845701,1.7339109925611178
0.5448539340545115,1.2709167017045027
0.3279691601057673,1.5728629242602705
0.34409740310397935,1.5316318547946164
0.4277990669283342,1.2340654702023766
0.36921548059532294,1.6294309298062994
0.6735798780775708,1.1092801986842198
0.4837288174664623,1.4761092358776462
0.5893016202124169,1.2454472167679413
0.5403963716680407,1.3136335168046265
0.265509769650656,1.646663091594603
0.3565144422142805,1.638318941691431
0.6105736902443745,1.044608039857371
0.4541603113201689,1.238440759203792
0.2076719258678523,1.7578451637474766
0.2837904101396171,1.6165861072604444
0.7261640385027425,0.9871488416983133
0.5078378014003141,1.3294026491441335
0.6488201283596774,1.1717350941738278
0.32909415073619624,1.5855568923707508
0.4469336961774391,1.5345329500308038
0.5548529599198783,1.2913572016593742
0.5218342751288003,1.3063320918517207
0.5318915083880585,1.4253517609587465
0.589462719499334,1.2319059634071117
0.3411341156599814,1.5184594240667424
0.47303239875315545,1.3536792085355076
0.42814244146225444,1.4901083646086475
0.30598121471433737,1.6240845326769022
0.4315455638831623,1.4914749936171323
0.2675789452839365,1.6906753525426579
0.37189062606747614,1.5327602940145837
0.33804120264597504,1.4834973079210934
0.7223841024199547,0.9868106163251564
0.3376637297333268,1.5652413571952395
0.30239534423975706,1.7099231858849904
0.5020057126363489,1.339709145413658
0.37062691639846984,1.5433593669483416
0.5023742112182391,1.1963089950866996
0.32704422847077386,1.5925023991179428
0.6270308479945845,0.9863305273361249
0.5835893719901584,1.2065660324559722
0.4442742941204059,1.2655660523118186
0.28417140051859097,1.6819349255583997
0.7581531060626303,0.9038318995913213
0.30368198769738836,1.6733275778262038
0.2578589209393023,1.6943784806722255
0.6453187375789238,1.1747641936158575
0.4820574296628373,1.2270911532930047
0.4366046891657744,1.4839046007725505
0.31657051034933825,1.646545945458152
0.41315927275421255,1.4962946631013112
0.4324786786407356,1.3995813248411828
0.7833432631863758,0.8283632574835105
0.47850204542661445,1.380720990809398
0.6914450507005756,1.0029211374157514
0.5399406043117004,1.3825445427889702
0.5478528407815288,1.3284173370252748
0.4867490381430815,1.2433609440965927
0.38871340246221764,1.3981006002522482
0.6730901922409988,1.06251974211556
0.2596937034706961,1.7324549874495914
0.3243131540030396,1.596416299309425
0.4368228874790316,1.422343649731869
0.2371585781763005,1.7314572140108928
0.24743816794002166,1.7386546335165927
0.3237041274234706,1.6683270907563144
0.39805389752957154,1.50486440960788
0.5411675199149858,1.31944062420925
0.41924743512310636,1.1945785212462139
0.6376705115068357,1.1861914889708478
0.2652037865182231,1.6643492638162867
0.5882799067718223,1.2487236020450188
0.36092128223580056,1.6203355508485147
0.6032032754469294,1.2660004033157257
0.494027602029277,1.428608054890331
0.6081999309512169,1.2341069337470687
0.31968424723152866,1.6583272045254385
0.34667465466820413,1.64776180690089
0.36950415729408037,1.5575425359508386
0.33725667285260347,1.6187053243786882
0.3304769568406569,1.5607421398120882
0.40005379578528094,1.4712754420663945
0.24730425694865077,1.6905013580986632
0.5793390953828618,1.3081066415702733
0.42102286608135814,1.521343984468475
0.4743259994993177,1.516516060662029
0.3934400395055183,1.3976769083130067
0.2578531331398226,1.6619293261581243
0.6373020135815881,1.0504872836779875
0.671033547192689,1.0767663540100527
0.28090708809707354,1.6433359709360813
0.486830508055532,1.3999442225712224
0.6073119288130535,1.174166185541848
0.27494532980467473,1.700462817867393
0.27603156088678926,1.6708007085092627
0.5633811855749733,1.2757782353990827
0.6865579657133795,1.0722933414790963
0.5104586708459682,1.2114895349830475
0.25584812304877147,1.7141275317137006
0.26290252948454623,1.6669805910056148
0.45488090782376467,1.4796939801483968
0.4413948915383551,1.5261185602858842
0.65045911818153,1.04564716638184
0.48459699958069374,1.2064165380188694
0.6299673122167341,1.080964309157124
0.6981401228454992,1.0518776973107709
0.41179500684727494,1.5642889349487445
0.7844794749099072,0.8617177159483276
0.3094908395308542,1.646902629082767
0.3576117832540477,1.5949586117225691
0.37064014903411346,1.6115045988422474
0.35901458630959565,1.6387039599861792
0.3290004959719844,1.5199871890168637
0.397701349099469,1.560981128446362
0.3371361389309366,1.6670110324784408
0.3789089276021082,1.5173081841343063
0.3960704186282794,1.5540466294730295
0.34246487647949764,1.5072200014992048
0.2497225229176671,1.6681131143073666
0.7200730772814518,0.9147885337634608
0.4088520736246645,1.4616304004596727
0.49878304799867396,1.3885807959212002
0.4948390707692479,1.210473510643149
0.2925951302428788,1.6161473688577166
0.6004590360629176,1.2670420553845467
0.5662059479482308,1.3183731156584058
0.29620538093024745,1.6844504336119237
0.3602707177142208,1.4354941497240925
0.4581171583918753,1.3293215642442413
0.39490089811243917,1.5445813507459456
0.5641588675192944,1.2896757070474232
0.5595837966210826,1.360275757946888
0.7374871979660288,0.9378234342942363
0.6562125422227725,1.0748711805529898
0.3867481503130361,1.5662433852457578
0.3253170270496836,1.594256844303956
0.6601624871507219,1.1318154928196007
0.5214257581989176,1.0367222197421144
0.6671478620790997,1.1015719465932596
0.6358882502754083,1.127450209752054
0.638658589270084,1.2109542417076693
0.6671693187189103,1.0816357983714504
0.3080927880567217,1.7050522703025515
0.2731374170119612,1.6160395736021291
0.7735451550614032,0.8671116841573121
0.26004267566675404,1.6544757349587338
0.7056544359682688,1.0340583471997589
0.20999540339611303,1.7504571484260838
0.3287653097626156,1.5694781806271747
0.2969417556630167,1.6476945347795073
0.38886553017899117,1.5762393461429167
0.8084787870491082,0.7573687918761022
0.7289797096375865,0.9095928830206453
0.5817185604572498,1.2350998875072083
0.4790535729280694,1.0570711814365812
0.5006851172626757,1.364161976825168
0.42719208964714317,1.407570093608119
0.44934996223435614,1.4984168745775364
0.3923842961438321,1.2984282088845496
0.25578754090933625,1.7201428604618518
0.4878757570676241,1.3748055002735742
0.6740364861264977,1.0822486782518546
0.34652955206545105,1.4517724880990175
0.5218258010213316,1.3830721048028758
0.25582724288955955,1.6953404484850527
0.6121072416616162,1.2299904796823948
0.638151567880898,1.2132434804309515
0.4532161334094289,1.2426197865850923
0.38309167779136233,1.412698763019497
0.23088431214453078,1.758936098709943
0.4654146481759463,1.306331582801827
0.46389977616706535,1.295904609184282
0.749351611880175,0.9506831131773689
0.5046747763649279,0.9174411289104971
0.41057950044922864,1.4021516230046622
0.29814370628324877,1.5973678604211772
0.28587015795904624,1.64503060166437
0.48123208767745645,1.4744475671529256
0.4276802242520964,1.5386303252170546
0.3127851993224533,1.609381272357491
0.2552910578205906,1.7251038629522626
0.5936498760892468,1.043044296275947
0.3697037620867173,1.583162107060056
0.3663798360067772,1.3531520287728858
0.37110049012179275,1.6215792878189956
0.454111678026181,1.1414241752659793
0.3234651895904289,1.6738248533335143
0.6872269752495294,1.0175881948226027
0.5484693190499546,1.3559216475777647
0.22734712402722665,1.7615855390393276
0.6370931805674035,1.1615825163097917
0.7487966457719075,0.9210398966558293
0.26137789814367207,1.6466044277017013
0.438308982787201,1.487215189697054
0.30985433773043664,1.55970646077015
0.24672152130149924,1.7126488495001864
0.5421692884519906,1.3655216400366315
0.49189585539407227,1.332072242637808
0.41525749399656864,1.572584213142345
0.34014645957174416,1.6807329322976412
0.3898804968988069,1.508373061056974
0.40700817804809036,1.5555869829835498
0.26458451411460526,1.6676133677091327
0.7022186346375322,0.9736373404067853
0.4112265527032323,1.4731156033162494
0.7656684586924212,0.8364947383209667
0.5629168664340496,1.3347687835359583
0.2559243030181695,1.6836329538518808
0.5213742479092196,1.3913255166873415
0.2590653778322745,1.7084054303599998
0.4852264500782555,1.4417280553521732
0.5972244384839644,1.0389533357839154
0.35305742337603374,1.645638217698536
0.786423167909753,0.8314437781661052
0.43650984851358826,1.3232478914560228
0.7417695061312735,0.8437761004540407
0.33592480639099637,1.5013074774184512
0.5371228653853742,1.3348267883222387
0.5986686996782911,1.1697208276846114
0.4020117768155798,1.4883428293311585
0.3779494932054102,1.5327992120663891
0.6197780052594816,1.2412655531478383
0.3701892914444847,1.423596534964478
0.37544273090120406,1.5439915780981317
0.42371087438359695,1.5122295242246144
0.2515501990814279,1.6473768965247724
0.5478627745767981,1.3281423618722534
0.5484769904027702,1.3624906741901892
0.3943884042425694,1.6120305967301372
0.5034735646184212,1.225793894413748
0.48819773551484713,1.4803649085514161
0.3088244783323348,1.587857411526191
0.5932809173517392,1.2210617558613326
0.2828909584555756,1.655346916204623
0.4421278663299843,1.4840108620758377
0.35588488849257727,1.593839039868921
0.2587737942232536,1.6555104569277017
0.7194553328894254,0.8898182307589257
0.5055442353855933,1.443689336657932
0.5421682506082528,1.1974433828448163
0.3147289676909729,1.6960334414655622
0.2516607403842041,1.6334434124744976
0.416948008003659,1.541483999923702
0.24805180385997577,1.722017149632295
0.2616297276907447,1.6525224250528523
0.3885475460369616,1.6057286807484987
0.24820025879694899,1.688222878350643
0.43444519979562246,1.175918585417337
0.644693643499675,1.0161364470746634
0.5440426576610273,1.3413803576378571
0.25840617275128974,1.673778349557111
0.3024318400829387,1.5474050357705171
0.32835709398765844,1.563527746241575
0.4685241687014672,1.082360395293506
0.3415497201420366,1.4167844675170633
0.5467780404314638,1.3145547967415143
0.47655789852855535,1.056607711294221
0.4283134195591985,1.524084738281855
0.24460040614100687,1.6789024749666301
0.2897022014349439,1.692059813139545
0.31845713013792626,1.6166153961957024
0.6435125169199412,1.1773713669922559
0.5350099406353745,1.3071171249824638
0.589576091258867,1.3057823279268193
0.2913180275432211,1.575584557281104
0.5872881505947583,1.2308280596914831
0.30714624327778406,1.6499072758964606
0.2590223968558902,1.7244964602863542
0.7553902601307544,0.902779453430563
0.3308244121379431,1.5835183423960515
0.3994075312651847,1.3500791579936118
0.3410646025103137,1.5812652101715585
0.3990802714987861,1.271754062653625
0.2857146280358223,1.7291145029664055
0.5829141585409849,1.2335688167481083
0.37864762831692617,1.6051833419471715
0.6210307992056876,1.040506902042593
0.4335397581987214,1.4313770532309753
0.46695609209633143,1.4132532900199637
0.5405582453021592,1.3379360530817992
0.6922585470552,1.0857234091016905
0.6191860681567681,1.1999155329923281
0.4780135958537839,1.3851515173298898
0.46751169228304057,1.5280227330621603
0.31068411383443145,1.6286700327764814
0.5949065235047949,1.278084542295808
0.41640477373780044,1.391460277460727
0.3794715844518328,1.4992381453127195
0.3227384752880619,1.5364511720740617
0.47533297023432414,1.4355157591669714
0.3103242075233633,1.6899183306810082
0.674970082925865,1.053952865088411
0.33895977404958766,1.6373127365886053
0.3567684637124703,1.5481022818634786
0.3498156170002429,1.6070956187473684
0.38983482506409045,1.4478979762972786
0.5554775668865226,1.3341724293019372
0.277213153746786,1.670690353506082
0.3238589545813763,1.5686752671273865
0.6020467824300049,1.2599075393928771
0.6705837022219062,1.10001943088742
0.35650569486436684,1.5425582652080791
0.46823768998977083,1.4092260872866365
0.609856695672075,1.27510973162157
0.32929822391651786,1.6356179526463959
0.759843640786835,0.9009012183735469
0.44310050222818304,1.5059610034009938
0.28190068863664697,1.6951920369674751
0.2499574181387349,1.6521064208393945
0.5972093909391136,1.2934925722542172
0.27828210496758665,1.6124339771475198
0.5798868423845751,1.2266427179233435
0.5762946382636738,1.2481063746632912
0.7492446522300464,0.9222850874915218
0.5959884003945929,1.2560877993869775
0.5863909879696461,1.3007631501044479
0.37237450526782073,1.5061111597965726
0.23172909548899445,1.6984698548854162
0.3530247124105357,1.5188622598999917
0.5557610137756289,1.2383620625485885
0.4192630823609974,1.5616366973794362
0.6749114233505249,1.135572629511739
0.35615183724871324,1.575441328356956
0.255070572291787,1.7052202596432569
0.6493619212273353,1.1757674190512302
0.5043213907953158,1.3722920374699012
0.3557390195768556,1.5912550510202024
0.578663718168052,1.2599046806945213
0.6625934397828179,1.127574785615848
0.4128604070762642,1.5658366136316013
0.7748692682033995,0.8881449713135914
0.46638731734034006,1.3099044931447612
0.424705327326217,1.4000326713087974
0.4128086237431828,1.5620866068459853
0.6528306773025795,1.103486810740873
0.5295868495305932,1.3753000478377624
0.5917087004981981,1.2215208205655614
0.42675517154398335,1.4794061621576868
0.37900918391793326,1.52753262982046
0.5469341928952418,1.3031306840499561
0.5880039275348702,1.2892977017782752
0.6192413906824423,1.1239822352182158
0.23160165722729792,1.7349506770895076
0.2971971174582801,1.6647881695287476
0.40644738266838826,1.4643857031091487
0.36444456791418883,1.5869077063653545
0.7400511689430856,0.9603966406192627
0.737726893003423,0.9343546792234967
0.5461917805906479,1.2837027708786903
0.7029905588610726,1.0254289812367823
0.3400894855379446,1.6244736115157246
0.677601293905749,1.0998223881806632
0.25291222800548224,1.679475586617932
0.33490077667719936,1.4164634391754496
0.46019383461826857,1.39695878931156
0.3801471675669972,1.4071871696063194
0.3378243070419912,1.5615892500342532
0.683452913379206,1.0898597136830428
0.22147530287905498,1.7558310292100836
0.604323206120839,1.2167213120323384
0.40449022881888824,1.571664045810496
0.7309273285913129,0.9371519518186904
0.5939434499217225,1.1840659337470731
0.5121849041524956,1.2112088490121176
0.3653740501756913,1.5182453239607023
0.3040530328352654,1.5403758847490687
0.42946629905549577,1.4868096175623537
0.23589882609119453,1.6883052877749773
0.32217507032049686,1.680036162282643
0.2485769914828848,1.7342172370857465
0.5663710803951775,1.1810336243196784
0.5807737791478187,1.2932981032000774
0.44930618483982343,1.5371592802816165
0.521714363901468,1.3596163691826546
0.592488209519034,1.2980177716172618
0.34064734925511,1.6494864238363507
0.2276361836823717,1.703778814758597
0.6786395068717896,0.9886331380577361
0.34734409638257824,1.5755875422850871
0.3421878442062302,1.5478310389306253
0.33293470521036667,1.580840483755416
0.23537565794484347,1.6847500402604043
0.28874365290961834,1.630726766207347
0.5698329777161822,1.1809161447913894
0.3332865981329464,1.6288820204922168
0.3248321898197535,1.606755375846471
0.48990051303133453,1.4845965560420518
0.6341240232510786,1.0592471356248143
0.5489202758256977,1.3486426346076617
0.4129505384429836,1.5577233408616384
0.6261939718512904,1.1552525845706736
0.6727362973407052,1.1151066723452878
0.2491964061848045,1.7092851350883511
0.503433664743006,1.2297444195680725
0.3443435982724279,1.6052062030457035
0.47337469338230037,1.2245881415206565
0.5940474193556674,1.2025708225728318
0.706221070073836,0.9668255541712485
0.46228990674586573,1.2869057762826512
0.8534467343391451,0.5962633099705885
0.49723448907471823,1.3045615313072985
0.4808305279333692,1.3108987647582162
0.4871896929470349,1.405082318701647
0.4926982841544441,1.4434909979260917
0.24091509335460476,1.716385750844568
0.5865851940180603,1.1922066251295047
0.7082061367142581,1.0594870735341697
0.25113858206765644,1.6692554274706266
0.2295270250968287,1.7393274513884767
0.6816376272157991,1.1134360938362986
0.5726050267752215,1.1170872691922682
0.6207989205458805,1.1144980253066203
0.3356091736944702,1.568060261702137
0.27523256079229713,1.664853688360725
0.8010443257639837,0.7641026408421551
0.7519470199993855,0.9291284773882648
0.47336844657010824,1.3586094170216614
0.2890070694414923,1.6761129065077236
0.3767654546287135,1.5975292780526185
0.7226409025578078,1.003947839780455
0.23077355087064239,1.7082999023840313
0.6206827792399519,1.1923519944322933
0.5883704131800834,1.2339262742902357
0.4176521813995561,1.5443831693135388
0.26348289430733673,1.7032748521629315
0.2850160753138134,1.669446494776939
0.4194057339936664,1.364424205594611
0.2776439285337232,1.6317247295104673
0.5474176014669643,1.3244692947353318
0.32342532817699876,1.4425774969588323
0.26339890490478957,1.6251903346689944
0.571942682443003,1.251787682320749
0.3782818135369449,1.6090504434470558
0.26020900222705395,1.7337519516964153
0.6486276393827605,1.0377919529044835
0.4182769203412963,1.5482233575706432
0.44548925315624277,1.3323578649862204
0.37374132037162994,1.4159662209762425
0.2651764318732447,1.7107655399683956
0.297171242465094,1.6600247417271325
0.3503488496409286,1.5496303998625565
0.23199430545986832,1.747023043617003
0.23339026546352248,1.7155670371668
0.2728627826914853,1.6704044015260218
0.2142023366506244,1.7585713775240501
0.3525227457212889,1.6348997378235177
0.5834142287208318,1.2624842573419635
0.35493590679567194,1.5350129833567556
0.32560349723167387,1.5551098596128474
0.3022669429184099,1.6020119860450805
0.2540536847413504,1.694033937276055
0.36908186928547915,1.5529479492247273
0.389301775983872,1.53299784298984
0.4226902498065848,1.5676748704985297
0.5797635471822802,1.2289851199818755
0.31693716246071846,1.5466218613420497
0.26411876141656043,1.6678661169395248
0.3262785625375058,1.6052945438069255
0.27485375039172816,1.698110826347278
0.5774446301566306,1.2088237487611377
0.6531803864716688,1.1239562688839642
0.6894933273373887,1.0109022540356323
0.4830628873166335,1.348408360068116
0.475537613476897,1.3210243103767603
0.661178880006022,1.0796047894957845
0.6434294301306508,0.9505012351923405
0.5141806924371024,1.4320040127637446
0.27569392200256587,1.6657237192264707
0.5420164293841322,1.3704058737620546
0.4925848049505398,1.4502050464782106
0.37232752206438,1.513059623861039
0.2964267363821427,1.6645853654370157
0.6585988640074443,1.1360720435327532
0.4050654082661118,1.573173804274328
0.7260782925011238,0.8445085374366175
0.44868759978447464,1.5034257756473774
0.3269089285149751,1.6996155319206891
0.5086517022850924,1.4117946833625064
0.6381614044953612,1.0874475801472858
0.24870972506089067,1.7104886711801204
0.41445349674906307,1.5322143794184417
0.23083855223012062,1.6721896578729525
0.5107205259016837,1.4251281822283217
0.36987244291612886,1.6127863787160155
0.3596234774411927,1.6069921605337407
0.21612696322138947,1.7297839007192501
0.3351369724095643,1.6204202440012836
0.5652898667214672,1.290430911965728
0.32233872561730004,1.591867679071782
0.3055054548164241,1.5999122141344329
0.36328941697299544,1.5096487238151977
0.2452642137290671,1.7168639431947967
0.59500494243321,1.1546040731265104
0.5278705686199087,1.2730886538819086
0.36339359497436907,1.608340597902088
0.6062684363571688,1.16971152071374
0.46633820899127154,1.117513432303591
0.32761756614451426,1.6808296881495335
0.46087532763163447,1.4572272325462705
0.8078929033277368,0.7788206537032258
0.3242310733904136,1.6055240182792256
0.2540662987467435,1.697890843419158
0.6661895241749158,1.1459845845086905
0.8041010516097852,0.768900018477948
0.5828865502292331,1.2859495150026372
0.567923581680187,1.2556086388370356
0.4968671651675888,1.2157358194699253
0.40646944533332047,1.549745599762292
0.6546840465080465,1.1051089857627425
0.5916966874033986,1.2036320880284535
0.5159721292575152,1.1775700043618882
0.34573969714028463,1.4542937454196652
0.31000570524506377,1.5981444498208295
0.2857575323367449,1.6746953476942876
0.7171680380788239,0.992824223736428
0.6540255517595456,1.1617655187823894
0.2709193385066145,1.6709529921744732
0.6103424478743095,1.028877548980574
0.35687968195635716,1.6694543016131707
0.5801836879365078,1.2964340358555313
0.5075780236063299,1.176590913016895
0.3893995387146038,1.4397415245255527
0.5306178356402345,1.1004595414648826
0.3859766382379116,1.5480192192314441
0.4607821340683563,1.4710662748630794
0.3110324593541515,1.6506320280931397
0.456783302826693,1.5035692922269954
0.8082486683420442,0.7699565764688802
0.6841553890780288,1.0645945590149364
0.42408616962831996,1.4156085009394825
0.7403324688163267,0.8525077489316597
0.24987610734102458,1.675927018779142
0.6438861781477329,1.2090570716468876
0.29259904198704617,1.6766350574961584
0.3176428340004273,1.6202875564423003
0.39266624354412255,1.4765842622870202
0.329378709588287,1.637223735264378
0.5313334975531622,1.3983167052476368
0.2703029992982313,1.6862051550327457
0.2887522984691763,1.637455909608434
0.28197171612397876,1.646389532776444
0.5157450659157553,1.3358601175606428
0.409499913273654,1.5691754441873984
0.3272142180386238,1.6067932135494059
0.5661640850480745,1.0240816986607204
0.3966878570545968,1.6100023073682597
0.24553806941307774,1.7208299433703687
0.4916081663675869,1.3793949373414391
0.356432261491269,1.5710299084751074
0.39961091320289105,1.5615608584052336
0.7846674153283343,0.8260244194843326
0.620378404365637,1.2512917705691082
0.5160077214287453,1.2396808524978342
0.6208238102554285,1.118345499519019
0.288722025665637,1.6727374400266237
0.2979552087098577,1.657848809304113
0.5369649596440056,1.0999556364120444
0.4290640034461297,1.5299691376286777
0.2509991254881983,1.7468300425210552
0.5969109623053924,1.15911136525937
0.6083821988220808,1.1854613037196053
0.5952778134479048,1.0374906413207987
0.6227239264427126,1.1768839483958935
0.3748814235608859,1.4279773165306775
0.42829538168668685,1.4791774839487393
0.30292241249956653,1.66659132263901
0.26041046242614757,1.635764109778242
0.6552244405506346,1.1708635236331841
0.5499302014834506,1.3011260691656041
0.5111979790576103,1.43064655161743
0.2835434460265131,1.6032591864380823
0.31763385663985944,1.670754856820007
0.37608387621210915,1.5614193763622994
0.346193453957026,1.5259439437007272
0.5573418991387868,1.273075283502027
0.627712890007913,1.2327032343667543
0.28479685227643026,1.6121557989534543
0.2831998352775562,1.575391951684138
0.25042944645360504,1.6652105775088306
0.3528069851969316,1.6730569799959147
0.49003894353754174,1.1776925543568462
0.3675648117582336,1.5028813357935875
0.4011384431622873,1.547524037242389
0.3436893984497566,1.6603854846444523
0.4387427843531072,1.5555562719206775
0.4851508825790562,1.4386264255435532
0.38365354315635447,1.5351341346933927
0.275200276199135,1.7058740684157925
0.3287681472149037,1.5815448427698486
0.35443325411191867,1.575799220645131
0.35040160629993966,1.5634028162943059
0.3762225569776704,1.5374739979758245
0.5058941041364398,1.198477467997472
0.4522165669579854,1.4725546108613456
0.3159098134186349,1.6352965258562562
0.6597974335502705,1.134500875501405
0.293673640801742,1.6559299602023019
0.6456039451217173,1.170951925173205
0.25220671826883584,1.6791231342061084
0.4848177133320317,1.4898174362251213
0.6215987238142514,0.9873995703967884
0.4749932832953726,1.4864208819417364
0.6468372452014773,1.1214979532277105
0.7738212782785906,0.8256595368476473
0.36313002681627843,1.6005250294010938
0.2568234390891979,1.6867189136400846
0.3777546537605777,1.5432439876579331
0.5468639030325342,1.3129979505101153
0.672086912103414,1.1143921368773302
0.61615501319365,0.9690007391150053
0.723991229748401,0.8897481234490155
0.4439142114404903,1.4488813984245215
0.36531675597944857,1.5374972861552454
0.5052937460880048,1.158688243696331
0.4196528832665033,1.5381275289186982
0.38960404564702694,1.5213506714593201
0.47541473156353853,1.229375690558383
0.25430063509525025,1.6557448330155367
0.6207231166757604,1.1213230289715335
0.31927092762473,1.5671679251344766
0.4908265353966144,1.120059464181042
0.3372901275931656,1.6374051294146916
0.42775514924070834,1.4877614362317009
0.5925066479249572,1.1749393159356094
0.39843388735281177,1.4140688314568526
0.2485756835474553,1.7116632519267732
0.3530545992891202,1.614204944106733
0.41958000844101206,1.5619939365094415
0.28042677553826284,1.624797487565991
0.2520734366196635,1.6985193732944956
0.6696614853048583,1.1267407127456315
0.7485813399821145,0.920058679977412
0.6145698816670871,1.2178497877369479
0.547482023587828,0.8916409391546016
0.485187410861043,1.0462022574934047
0.6314977788505634,1.1418092399897048
0.42108473304968763,1.5796055187850484
0.4722954586202023,1.5326755168626898
0.48784683457769973,1.4447560318341977
0.351671974851129,1.6092593551977954
0.32391132710100545,1.582218308188594
0.3728549313972783,1.5873103518081007
0.3481326484816086,1.54183627944982
0.23617629451997604,1.7296988805600826
0.5208075370094486,1.2561012697445224
0.31708827434029263,1.6018077692886177
0.5828284058495474,1.2333357720137308
0.27213376898633407,1.6902514310665613
0.4363384845563142,1.291886319644771
0.22053410706926654,1.7499369716946427
0.2897236786231211,1.6427408980675886
0.2914888946184071,1.6736362231369137
0.33679910564603927,1.6044526754497401
0.47687701015226597,1.3999078566105634
0.43470619239711633,1.5425052331645603
0.48710412215061244,1.4537530337368976
0.3377951164017485,1.603845884496753
0.5421472804382664,1.306850462886912
0.350397388611658,1.529387253267171
0.6244894450487665,1.2037224288346204
0.36044761931393643,1.4897043022018894
0.6116483862168894,1.1529002847910168
0.3294055486491903,1.571830673509388
0.287604738800001,1.6353675443204856
0.5130771710406344,1.4078409343967857
0.315098739415247,1.5641811972610267
0.6519276347433463,1.1035156965593085
0.4347741495642269,1.5020364287318595
0.44645800255496443,1.4974946028780152
0.6960416007595216,0.9791099392630771
0.2996078947100043,1.5497089261150143
0.6099238827201332,1.1761504713551378
0.4039115974327605,1.5456577853676583
0.27687974479291333,1.6640493388962951
0.5914980811807672,1.2503410500610883
0.4562092062104429,1.2559217514918608
0.5181803908215434,1.4122082793158584
0.560685651164496,1.2637764383797012
0.3785897815443423,1.5927715206312418
0.43104380264744585,1.490636484953368
0.40555319335011697,1.5195985554484384
0.3497969716962907,1.6394130313492887
0.4488496448292309,1.449108870810639
0.6012013131753791,1.2541710613262607
0.6301828003657975,1.1370992637832162
0.4269882651440068,1.5156741854060114
0.5464002901532936,1.3828977010616923
0.4406453674082719,1.3724363386000693
0.4354319434358962,1.466528843539865
0.35348900108028736,1.4876914663303134
0.4901684766171492,1.3183316836358703
0.334145818496455,1.6105006752278985
0.28244435331834566,1.6558617048640742
0.3378004942306977,1.6267885377302864
0.3480061771691149,1.609998237301284
0.306284634545952,1.6097161655084937
0.26327108694012685,1.645681833621249
0.3184581866180524,1.5981742060234274
0.37983787703775385,1.6171174394095469
0.5869862405930434,1.2207321813368956
0.5200563565800989,1.1353480640691933
0.32056219599787783,1.6172216073884087
0.47826018032026285,1.279018632510047
0.44822628303918627,1.4497793002244377
0.3368285465141948,1.6491756648510776
0.40545677567083016,1.5602332384553523
0.5742826070447675,1.009944214451473
0.2626815699327717,1.6979768210649158
0.39107530769568194,1.4656241372719776
0.36885831920278234,1.5605390062800644
0.6053326692130063,1.2554612666972524
0.4011939245595488,1.4338978482608893
0.48657822329902833,1.4300122825989854
0.3855994789574658,1.425451360089024
0.4732464431434499,1.3370847862174913
0.5723093595397061,1.267321883761479
0.618868158654076,1.2165730015796883
0.468312953712011,1.2119441656563255
0.5392570513721814,1.2875957203558106
0.27268108408357516,1.7021861187554717
0.4843195720141238,1.406325190655354
0.8015268297042174,0.7606420559046877
0.731527787552683,0.9334983198662294
0.5381821073586852,1.331275231492553
0.29735881981416223,1.611599674254262
0.28329829234767595,1.6317578301482645
0.2984748623498328,1.6530611348830124
0.2649294871463525,1.63158122991134
0.34545748584772024,1.5874072180146848
0.40218025447272804,1.3359269006812613
0.6300175709208891,1.083826987632543
0.47272203992606193,1.4307712294042574
0.4045645255079136,1.369068082888633
0.39917302363447255,1.507098751261752
0.4122776297050859,1.6006872884705152
0.7337839937859072,0.8901984899594826
0.4587499173947492,1.5307783824068064
0.3046465671129232,1.6613935388248449
0.3169474932428185,1.6553529259736077
0.536389998308424,1.3943459900906308
0.7066866519158349,0.978654440160607
0.6125064694576704,1.0460222552864418
0.6587500972225012,1.1799182597232107
0.5582627541188644,1.2908823452558598
0.6173725866099599,1.1480436529536908
0.5485462985770837,1.3292801508596723
0.4353186453932756,1.5047053635119705
0.43746620615709186,1.4233521290905249
0.353611350549385,1.559006741883071
0.4372522626588489,1.3806219444933778
0.5561261280877124,1.3061533101476548
0.31208224614406405,1.577146642500011
0.5642740374196274,1.3375780869677507
0.5786914755336847,1.2836403646791414
0.5054691818089031,1.4331413702636968
0.32989144897250067,1.6381972826909479
0.6716073403113938,1.0769288435048916
0.3648710458889595,1.5055212002008749
0.5739010366270582,1.3181198092665587
0.37806454381788646,1.472307392739879
0.516945923144757,1.1027081197025974
0.3713162265165025,1.4610370415033727
0.5635482519176498,1.2754494427421765
0.37375190112354434,1.5325594668340319
0.3700271446799508,1.6310883759292056
0.457637750681881,1.45853021818996
0.545281443055734,1.2270503240438297
0.3404209632134156,1.5400561497252523
0.27563270619142816,1.6000013851040724
0.6679354403698591,1.0356177081056954
0.40616994023363473,1.5489076397908526
0.40684604030402405,1.5597075570353571
0.5222094796506402,1.4076200731548059
0.5474315827378161,1.178603584468812
0.3038349800330643,1.6044309576322113
0.6610327436341177,1.127005756483702
0.5933183918635426,1.19138634111609
0.36266469440552546,1.661007146832226
0.37031306728487073,1.6397881816269348
0.3461214092380759,1.5932523851842466
0.6430805962419496,1.1873780248564552
0.3094213114187428,1.7067428344814304
0.5310675464126017,1.4015093771447966
0.5374300595382384,1.382914974418158
0.33228812739747177,1.5973345474687732
0.2904444983511889,1.6414427538565075
0.3910960377170612,1.5434405493558336
0.5113769491540304,1.37276527611922
0.8031617941853433,0.748579066199085
0.37806517663840666,1.5411374280469428
0.40130165807307666,1.54227829555581
0.28224238113356975,1.6051429166450872
0.4355587051250459,1.5318248780447408
0.4879308229460716,1.3553714369629264
0.3861165901157279,1.4879717707015958
0.3136688155862788,1.6196169622796508
0.4828270921497957,1.389322693081426
0.49865978802627325,1.44772350429501
0.2976255114228683,1.5763708010014064
0.5723831047927325,1.052471420244253
0.24384289172710005,1.7051833601973239
0.31802251306653,1.6388692320944875
0.5386606996018789,1.3835372012564309
0.5927351062909599,1.2877280351651406
0.7463310004621359,0.8771957126277898
0.3941283277828985,1.4811879636561445
0.6362085868703401,1.2155508586540789
0.5240736241261821,1.3363033981824624
0.8219414918837497,0.7379395224681404
0.6319841127077067,1.2376974556891613
0.24706708387839701,1.6855173178932348
0.6261632470575942,1.1673303727900368
0.4527128913938376,1.2585785365430557
0.2105802422247947,1.768443372471319
0.346428960243666,1.6098284849252433
0.5165885318877043,1.4421020943521459
0.3410288490185344,1.5238408761324398
0.4388109905669261,1.5652715224746652
0.3523379340828213,1.5146774933012006
0.500665672174347,1.447326133660755
0.31469917666558006,1.6094015762370275
0.437477030932344,1.4456184032623078
0.3535213930310962,1.4815614761903348
0.5345097565829461,1.3162577327443048
0.4965609507380624,1.1085587638384944
0.6526289238062836,0.9174872209381573
0.3270938652471202,1.6564063742056612
0.21579189866058682,1.7553055897229572
0.4039533941658272,1.4743649312999305
0.7772432881671546,0.7733055410066367
0.3134751440663984,1.5982404702177795
0.44242228763527097,1.3685733065361296
0.5371432780905655,1.38740562908882
0.3347037365178511,1.5747794838313784
0.7578421230432127,0.9188587112258567
0.4531643463861378,1.473218474760799
0.25206117026391034,1.7232732278659975
0.669596152252887,1.069585005412175
0.5067177696214955,1.1065885208715156
0.25680652523542447,1.6873649373692265
0.7317630536191098,0.8536782174944377
0.39877884071823355,1.4033088165140934
0.574371476068151,1.246293715615485
0.37774760850934297,1.5929604684390168
0.5028277994915954,1.3542068081950807
0.5999154094105823,0.9254888361481153
0.2629215730427487,1.6641530323674867
0.7471114451896357,0.8928047576499599
0.39451226655621374,1.5400042791964001
0.5494809527520321,1.0681175993954128
0.3372204294361563,1.5131951208422563
0.3938515199874572,1.5724518213583336
0.5529801341826949,1.3420668252234733
0.3374714008881393,1.571399741524839
0.4183434748743326,1.4329658054465952
0.6675936720754139,0.9579934316955826
0.36641120683889505,1.5998165673491005
0.4881083321179099,1.3783714208757691
0.3713397864753469,1.6178754344062876
0.28042766839527544,1.6675388432847795
0.6490585722956219,1.1613046574708896
0.31517823456167704,1.5704848536538967
0.3354148296173509,1.68011641289483
0.7415301756185526,0.946171359211772
0.3325554955444628,1.5371739700505782
0.6340567360721063,1.190181162481097
0.3951397589097098,1.4732648053328485
0.3297870371475261,1.6139639391582392
0.3078663314132156,1.6218421353787786
0.5593642342583826,1.2875175233263816
0.5859216254344487,1.3106564397720186
0.673534227111518,1.0513840083560697
0.2793905942090678,1.6723868862627165
0.5896681286306605,1.2218548307566595
0.40061076900594716,1.5984005032757373
0.37884342444728825,1.4609587934860502
0.4473160615526992,1.4139699294061316
0.25567912302305845,1.6388270810063856
0.6402637283123138,1.1756095883385604
0.43450266080408817,1.4478537229783637
0.738280284516141,0.9824219373878068
0.7063482875757224,0.978451488972568
0.6049803570777303,1.2862216486394265
0.2233772586308443,1.734929847252982
0.5675520030856034,1.3375217535535466
0.6165363009406821,1.2458851809965537
0.6120914999726745,1.2007945102241508
0.48492413860592437,1.3786670276737965
0.662855656907788,1.1186551683323938
0.4801361117911276,1.2617838752598616
0.3190892408696295,1.6405907774235549
0.2880346232895809,1.6308391833951292
0.6320949706661814,1.2311865106485915
0.34649352438693704,1.6288985866770944
0.4675225370972449,1.408598987793978
0.27312758353719313,1.692846404737256
0.36012282209641827,1.5889787658001882
0.43585092494020716,1.5391547179895801
0.3582591977404807,1.5826292896850411
0.516567838801509,1.1468787380428505
0.2849837840796671,1.7049310516815122
0.2533593595087555,1.6899790745237624
0.3886587872309336,1.4882790282153755
0.3603417980112458,1.4549891937559507
0.34227633089506704,1.6292280957877925
0.4887348458435789,1.4896609791124469
0.2670347470498306,1.6912426907236784
0.3010405646228866,1.681146043672902
0.31904278524836827,1.6297198002217603
0.3500848406977555,1.5905173305843672
0.22600817466090667,1.7323611624294348
0.6750543076086566,1.0417483141162025
0.4867805160068508,1.4129913331119126
0.4845537121569491,1.3685262867941148
0.7372487442951129,0.8444292172326766
0.6203436242548679,1.20067776981363
0.2527838767982863,1.752049440670254
0.42230198178704,1.5692157520079817
0.4135166999976983,1.5573678612964426
0.23222109610584726,1.6807862463963974
0.3463638884361001,1.597199089058021
0.7053074726720066,0.9919078583904923
0.42529479016499316,1.4345850542698693
0.5044558223850472,1.4357165761235735
0.25783256613688466,1.6834024582549856
0.3605029213996102,1.5047794784837374
0.39562841015726785,1.5576148964643934
0.4989284084243954,1.362526226693939
0.29079471112475846,1.6284622510792688
0.5145135795677647,1.3439173352966054
0.5801327608468867,1.1083255236282663
0.31604881876677327,1.524885789409685
0.3088778906758294,1.587318613513129
0.2545122440760761,1.693843361615548
0.36010696504984224,1.538941452104569
0.39891007591715016,1.3652850898137991
0.5671708307477311,1.2808241279557617
0.3018732043705097,1.6750852695514933
0.4280850123018454,1.5692852494041245
0.7043188469772445,1.0584764795966313
0.649833779091706,1.1757963899788235
0.6205507339058566,1.2101881985493401
0.6635187414852232,1.119443296355281
0.7249203557529421,0.9704878220771985
0.3904230848772456,1.5148474875538818
0.44986155381013937,1.3981164209623937
0.28109144727835067,1.6213518437368653
0.250808555850684,1.690609405584523
0.611542386532141,1.001451940234929
0.43740323658747665,1.4866419956513888
0.5412695653154511,1.0389385262457043
0.27000558310870354,1.701386967507883
0.38846827317309635,1.4057903431438288
0.388238898754783,1.4268237504220092
0.4571655003732239,1.4776915546463498
0.42944926431122366,1.5651105269262273
0.39078333344657723,1.2018614020603722
0.3366249320311826,1.6510984313524535
0.7451775326397605,0.9551045238022249
0.33374829375293946,1.5898173931760469
0.5537473748047085,1.2650529585165569
0.4718546608828266,1.4474743725187325
0.3695195510100835,1.556666742525437
0.5265032081566478,1.2081482819729286
0.27010940677269807,1.6774546922706604
0.3921194053487979,1.6041034934351868
0.5728391199032878,1.3283308270455008
0.2504657647092907,1.7108677082600023
0.6677534137525293,1.1146255446744389
0.2780112722513949,1.6783478886574676
0.6062703862248071,1.2544530097394544
0.6879111302870681,1.0451999410099184
0.3296608522466336,1.6711961427657538
0.6400476490956847,1.110601838462082
0.36767658004255016,1.4485096887329334
0.23660614218044904,1.6948404440088742
0.6240331913497643,1.214509736499473
0.6699152706564825,1.1128846012420652
0.2410741473098517,1.6918898883170053
0.2626165535791225,1.7312240638019345
0.3261258603635561,1.5992202842979306
0.4005468036309885,1.4332734202406279
0.5879575653138727,1.2194033134350433
0.6191837688524704,1.1565785048086654
0.6022189127070623,1.2040856463707403
0.6108363437270147,1.1994798566062244
0.3981448145461223,1.4172737068346188
0.23980303828610172,1.7191912682826405
0.4954309157929621,1.4297629772717693
0.5380158143093838,1.282047953137079
0.24152050394662794,1.7039744848463507
0.4127103610844655,1.5595880380878884
0.271505032294243,1.6483657571203374
0.4021758124351938,1.582320532129724
0.39586346003889644,1.5884216289267084
0.5447244271551582,1.3284976965199928
0.4456705092104996,1.5090496445377146
0.41770814442465204,1.5545165003901507
0.6611804456648197,1.141752520415976
0.7210316882474667,1.021368786227689
0.3448832247028935,1.612895607598286
0.3214337324133742,1.5840014956609891
0.4327233130236002,1.395463712509812
0.5156705904447603,1.0629282238656546
0.3044067879719628,1.61505844592708
0.6132746078676592,1.221734061297644
0.5813524526866609,1.1043898932888068
0.2573465289886523,1.6961036234477462
0.6388167552851035,0.9339197286886219
0.2840171526541964,1.678985867920134
0.6355112590328041,1.1340673653882904
0.3136979297571949,1.6481633908256133
0.49209851185170933,1.07737355665003
0.4197911701261734,1.3457239700917245
0.391912148494824,1.480655578025506
0.5132268629366202,1.4169013783740418
0.3499563170644512,1.6229446918162311
0.2670185011643322,1.6952892761685203
0.3044716386772819,1.65107079429453
0.31764730823514375,1.5739671256826788
0.32646763460859546,1.6123971214697939
0.3382521634840782,1.6383566400456093
0.7024047544153859,0.9650769900318968
0.3677462355776038,1.4477104000654502
0.4749868812429964,1.4712881923459424
0.3321675536907908,1.5574364860163687
0.5301337056732182,1.3469120022860017
0.34971117723649503,1.6282941532999802
0.5574959849701697,1.321190192508781
0.5574962752002328,1.3063514253584905
0.5984232399634755,1.2462053417170624
0.4822147416807664,1.3165675733089761
0.43890908842628734,1.5166045172153007
0.23521736171371183,1.7595307365537727
0.6255966540879038,1.22295361154132
0.7539195739866323,0.8833307097039329
0.5296656220552325,1.4280029169760553
0.2535619501404791,1.6607032578451273
0.5024313756423638,1.4347379733411965
0.3448560878361784,1.54439136785478
0.4980522640023788,1.1348402290007804
0.4947457561520085,1.098531927894959
0.660781723083666,1.1356500184699123
0.4290408822739046,1.2821000114319516
0.3518479960321939,1.647532530685306
0.35451614015918775,1.5996955445991634
0.37758915499007994,1.5743203987097902
0.5516710268041546,1.303221853395956
0.4077796158176587,1.3944967347672876
0.6025970078192411,1.1202057165916468
0.5419949615827824,1.3171694387079023
0.40213190013833466,1.5202733110617497
0.4065520377508156,1.4778152765380113
0.6573959057044293,1.067679289091842
0.3689403505050403,1.6307345861664773
0.29667558619711876,1.6033080583408472
0.7443690493524576,0.9113453305460334
0.5426368194682619,1.3647411723456366
0.36759913424469476,1.5344087871245506
0.2976203379673256,1.5778663025003015
0.400880792728931,1.5909505231831949
0.2713633531929741,1.6890981487655563
0.33688717556043885,1.5561250804978863
0.5266085169194897,1.3041885091164334
0.5150430969415144,1.4073373788680348
0.4476119448019202,1.0775713623982044
0.4764758220799,1.45370655517685
0.3075586004168932,1.573656379835345
0.39196614929904605,1.570260287951953
0.5121074211849204,1.3167948800980316
0.3200856965814845,1.611597635251226
0.7492012421425708,0.9322344716781228
0.4632963820709013,1.420901494062522
0.39334085758287834,1.5208410097115799
0.2597524260003278,1.6669886853833544
0.3601647539312302,1.4741967279033559
0.578349915514228,1.2446642801977115
0.6388365122025293,0.9334159099340075
0.32782845805062216,1.527375456375317
0.3936323705336959,1.451901972333252
0.2867024895980084,1.6272058129859053
0.5059961571692767,1.1128708975868387
0.46257653653816777,1.3633897742319319
0.398538422886619,1.4844711463512312
0.31972508558034995,1.6699194037900105
0.2914292731157085,1.6446687002931042
0.22938601223203267,1.7277877227162852
0.2953670452347386,1.6424807122170582
0.6846051437354953,1.057880999068125
0.5664666572707157,1.1612150902464333
0.4226778647729557,1.376263914578215
0.285620979040966,1.604254354952935
0.5042999265039961,1.3129388746348338
0.4967754371066086,1.1252908633364027
0.3468981484012905,1.655491540349963
0.3710408526760942,1.526353787435114
0.5083098817621494,1.1288112028043245
0.4113682487143849,1.4356070717729308
0.33051219478146193,1.6607802555771622
0.5745028854410386,1.313170377848998
0.2383914983290598,1.7153936108704368
0.5495331120519759,1.2765924139027471
0.24762439666527275,1.6777098633593588
0.7388227316184856,0.9227917466197093
0.6274273346493837,1.21323821797908
0.2535624301420748,1.6860409897141926
0.7827901338304247,0.8189107544727102
0.37903022030956635,1.4368272109768927
0.35812880324520646,1.5264014385024316
0.33379909593740936,1.529326188370176
0.5221610580757539,1.119436238317182
0.37538629822910613,1.5346234970774257
0.6183417684694936,1.2232486010520742
0.45926949078505164,1.4873445098590496
0.6247422395771097,1.0094379780909164
0.34441884052519783,1.5691644026056584
0.3408877331409222,1.5765063142098688
0.5723609187378519,1.189716097143776
0.2660435023830617,1.6880694882061078
0.5663456872783779,1.3267861760671247
0.4205653955445333,1.429765966233239
0.3961958495583104,1.5939750514336457
0.2585536766827744,1.6917644750185916
0.42746089612955546,1.5404262107690871
0.6860076301788575,1.0307965161218688
0.3579396433338915,1.519094337067655
0.28351228577642607,1.6896844151160073
0.5840214705500285,1.2422432309855815
0.445276293054487,1.4304428024006475
0.25954113667892575,1.703793597943089
0.27707787151052615,1.7261972230431306
0.6816593428250287,1.0302749195938026
0.644367949223309,1.100328508131136
0.5317953788087443,1.4075068956435879
0.25139603697413876,1.6960549696021117
0.7759285115263661,0.8578116299865814
0.2710028825746518,1.7149137383441404
0.521023362158186,1.3437712596337787
0.2417616711783923,1.6988964953623693
0.27464864782692955,1.6242807603227174
0.28018091295385,1.6531894676627072
0.23637807427750746,1.682800108864751
0.7455040053366715,0.9223251773543588
0.29309887475444235,1.5920049237416825
0.7080406831225228,0.9998810851067954
0.23075461170394418,1.76263215834595
0.6106146674962668,1.1721035205029076
0.39105362589485476,1.4710337671823135
0.498885276632378,1.4872580711652377
0.7582939654030958,0.9171541005697315
0.5592972831437182,1.2229490341294813
0.7849843947175038,0.8274552999506344
0.5418890131857558,1.3109782659287408
0.31398734604093254,1.5941303845297932
0.6224863032827851,1.0614922574477685
0.6082776632189971,1.1473436864389932
0.32500044391526445,1.548144961542436
0.3064384281804568,1.64787067800315
0.4263970595042439,1.5260186488309786
0.36825093673614623,1.529737838017585
0.24637925837729013,1.6962319810583424
0.4889456059790389,1.1409973033839773
0.2573012844013381,1.7000967916688168
0.6544003208427028,1.0471053710823652
0.5546442749514482,1.2293304978809916
0.38602619783673026,1.3216902432623963
0.6732012211556159,1.128873199555085
0.5531771889594539,1.3805197204805326
0.2583074967903518,1.680910929475222
0.22832074327435367,1.7531467534989864
0.281908600562796,1.7120324002897869
0.601729357145698,1.0381561708158922
0.3960089704034144,1.4964241318983558
0.594757821233977,1.1172666438437753
0.3420276693079918,1.6496144408281512
0.40482185671544363,1.6140947985428076
0.2736479398958757,1.6509540067539457
0.3075273967650393,1.609055823210833
0.5769807040392876,0.9791143604433307
0.2897061981311958,1.6107044554440084
0.27058199520517934,1.6111165829291136
0.5524658185131651,1.3682255670948396
0.4657780790564907,1.36968551151172
0.3580431950193873,1.3966753233549947
0.5395585693272646,1.332488989977127
0.5915164159744207,1.2729258579742189
0.34520840572857375,1.6291584532473882
0.3970764986998537,1.3740180664348511
0.7105422351248727,0.995076537653765
0.3993049640714489,1.5090652982606516
0.32067376245371565,1.5905327326311591
0.46126409552269715,1.2484580054280068
0.5549091631979347,1.2294499918948225
0.28545988548956336,1.6324237667733659
0.27580712780027977,1.675566107106265
0.6176521685782239,1.1672696780786915
0.3920944343907791,1.3209540286759047
0.761550475603551,0.895267974195043
0.43952471517603425,1.3753009338725426
0.4323581440553631,1.4135071462854507
0.4906810021182053,1.2439603283178406
0.5723607143387054,1.3235526997315465
0.31776420750830187,1.6288433877855466
0.4342427916827587,1.5304693964997136
0.8343077355683173,0.7071184546562519
0.6256532113353576,1.2167177075573996
0.2687141847686076,1.6791522890998423
0.2774708742630101,1.6933418010313315
0.23729941997290005,1.755254137877479
0.2230190216897752,1.7282918622714043
0.5862565818863994,1.2737348930137093
0.35714364566684953,1.616086391386291
0.45925955255501055,1.457255906294177
0.2965446810280175,1.6857279345317022
0.36157296488263824,1.489965609352172
0.4322532073462847,1.5113248882715626
0.5968918892074294,1.2797139425491664
0.561297447152881,1.31973172084313
0.40903910611246824,1.580775111949902
0.3469158012911138,1.6389744088400708
0.31109653628539347,1.673409802408371
0.3257340272534337,1.5762219115762037
0.49921153641517746,1.0071888514617475
0.3733765536111403,1.6137630414731774
0.24849334029137798,1.7425646139373812
0.36254906273743726,1.568248669414766
0.35186616911746227,1.5817264653248388
0.348773905618057,1.4934779028955498
0.48357760521512855,1.3858709501032507
0.6333284603473027,1.0754132238087408
0.39500030737363395,1.5376578090946214
0.4904547972883634,1.4124495394028378
0.34281913082717685,1.5720922574544063
0.29220570815064956,1.6909871227981907
0.2537931150910988,1.7245550024832077
0.4110975628372417,1.2565491328116858
0.4283859386216196,1.5092379555186501
0.28310767724057906,1.629622580793599
0.47355978389856274,1.359905582047932
0.23343811176123438,1.7654211913757853
0.7123649049509041,1.022038927214607
0.721891711537323,0.9231971227850355
0.7068352529695519,0.9535632533882935
0.28878152606526464,1.7170630423267856
0.34671105771238236,1.5715063067319255
0.31076176954526613,1.649647834761248
0.2919434025109536,1.655360011092701
0.32520073509195935,1.6119915816214434
0.6771218464319001,1.0824969686325923
0.41426108314436877,1.5474789596068348
0.33727668450503606,1.550202794458666
0.36216173271537844,1.4626790031668913
0.5685084484326508,1.242754763651092
0.37854134001945405,1.5468600654765836
0.5372558299235403,1.3452148213266766
0.25433376887777265,1.6990919581014108
0.26269732778255067,1.620266824415901
0.29747680900312284,1.6605810276540687
0.6655622349624843,1.1241157484671684
0.25260080503181964,1.7248425918330739
0.2666678346715689,1.6895317490465793
0.39912724597450805,1.486119192461905
0.29625648549586014,1.719270332560917
0.26748112389247447,1.6968319668250569
0.49497865866402446,1.4408522105180679
0.5362595439248564,1.3533954060604365
0.2856964723297314,1.6470290566515984
0.7359604627246178,0.9130612395837023
0.2830096572657983,1.6449485129963768
0.7800927475266242,0.8175015350901313
0.4923491198409999,1.3424595921305444
0.37020509713086885,1.5524885096854617
0.4959685860348911,1.4338465245054215
0.2249538606882312,1.714651004211821
0.43070048942948264,1.3709069772530798
0.3156781087020134,1.6536844963250719
0.6387849751942482,1.2125452383514466
0.38396680738239625,1.5345800499482922
0.4243810211252454,1.5762373412384583
0.31583818106901473,1.6177577703758947
0.5825545662346886,1.2535137910591783
0.6883184340630215,1.0830501879952301
0.3607351217865774,1.5507987092568594
0.23628274732284937,1.688844540933392
0.2644818194295892,1.596717427515469
0.4136724824884807,1.5205954608298236
0.4094432351439208,1.5321212361893004
0.7045808102273722,1.0045620080946074
0.6177196046786576,1.2684154294628363
0.45968801877226056,1.4958221872851418
0.3789318241187194,1.5155802284512516
0.5994285121934579,1.267702426244389
0.6023964785695396,1.0068179060385245
0.2671365233590878,1.5886335059346972
0.4066005837787684,1.5859161287926562
0.4503365721399364,1.3843698466779348
0.5805079854206576,1.176444677091332
0.4173435569009078,1.5388307894527493
0.6188652152406416,1.0196651134230135
0.45230552087338505,1.5129619525275975
0.6551413317403797,1.142336304052376
0.6793126211928936,1.113393864224383
0.3436487322545894,1.6497334330533906
0.2992027871026213,1.646403732938805
0.5715251892666865,1.3337859550477622
0.5798456566778958,1.2768621249459053
0.5184413053001392,1.3069503218361807
0.37386085919909035,1.4879705694770642
0.2771421297481457,1.6652819890691883
0.6140747647182532,1.2149385457854165
0.6140454251912504,1.1418487952724214
0.2996055215135081,1.6342467855778962
0.32932688498294993,1.6206765130318403
0.6222021598777425,1.2573973908214997
0.3910145046780378,1.5866418694974778
0.25665238783974187,1.7225506782589344
0.47912020603892524,1.2217627078913305
0.6509978106339062,1.1528159679461645
0.39364291907723203,1.5954943585072914
0.4113207791943587,1.552905720470105
0.23528274891485015,1.7273959483259693
0.3472804546736919,1.4904028168242953
0.6951633194726635,1.0766776746320288
0.2873471281704582,1.6614046581457218
0.6147204734797334,1.1549276955615904
0.4361649067994906,1.4979219793551917
0.6930128052610491,1.026852375852897
0.6677311337505928,1.0937011932842924
0.5836486612888152,1.1757677178258577
0.4972359429299815,1.4811768337504232
0.34582992248894107,1.6146753449911815
0.7142307769391376,1.030818202343303
0.34305702755616835,1.5523154713794196
0.3082560013411778,1.4920100923493071
0.39783856442954696,1.558496458476187
0.5609552110779509,1.3257744747502207
0.7100238670979162,0.9956773964993267
0.3444522996425933,1.616990809135358
0.3751188492172866,1.4781456968630273
0.2757189623118929,1.6837687994932884
0.600265007792395,1.1900301019185262
0.6541118344881314,1.1016488530567865
0.492677848495628,1.4900377948217676
0.5000178801218268,1.4084076616171148
0.6328337115819016,1.1776565333191444
0.4230902823654314,1.457678619400009
0.7355649859499939,0.9789841348040605
0.273898811749418,1.5582344247319095
0.28198376099977934,1.611000449295982
0.46923987538556455,1.4910511669826336
0.5783110710631779,1.2440892292433103
0.2626701753085709,1.6886624831956922
0.3757270056723129,1.5270832934736196
0.6925052199204303,1.0752364411113362
0.6934240083688097,1.0251337612918325
0.6206788325251354,1.2099279298235541
0.31336701741430495,1.5613142578208485
0.40482046613614264,1.3463395954504698
0.24468959200625937,1.7166160653574336
0.38555743340812765,1.5850774853191107
0.5104392223530685,1.0793579478987103
0.39689247500437225,1.48842852687809
0.46168153548240215,1.3714357493959821
0.4517642106623562,1.3908894720236904
0.4163366837262001,1.4941051283760396
0.40968392206473975,1.510957623829352
0.5965803312380522,1.1821447758790065
0.2888419574763863,1.6893666297590175
0.5332556603704051,1.2694730196451847
0.2633120920620557,1.6333506109707059
0.6034521555831199,1.0938861026044338
0.47484669706537963,1.4237002026558216
0.2761024096870196,1.7028244480889771
0.554989611023299,1.31043783102093
0.8092178909843945,0.7542108934242082
0.3215274283542329,1.6506675863967113
0.33067801633412036,1.526151720139397
0.5076265517041464,1.0912406049799857
0.7120163861677528,0.9739161633225137
0.6935270865260506,1.050514901187992
0.4198490396020492,1.5360512070973382
0.32379471036333146,1.5785252163406
0.354166049012137,1.52227699471656
0.5764227541257998,1.1857770990795489
0.44641988262400745,1.4841720530777622
0.27124804458474494,1.7139311761854472
0.5925879994497425,1.3013982838577265
0.3338615246014747,1.6679934162685988
0.25586237129564476,1.7447037170822122
0.3649838679169042,1.3289032794633473
0.7780156890481039,0.8604360663934665
0.2797669253789524,1.6737089193788872
0.33676846899047325,1.6121242850698403
0.38580355077958495,1.4661721787466964
0.21452050532520592,1.7515893713130217
0.7650115912578384,0.8851841731542369
0.48146586768057836,1.3190920855042945
0.37820429746276574,1.6180525818344345
0.5287522448806037,1.3362892778858482
0.3610973402536588,1.4691288274214982
0.4499023331718909,1.504306631501085
0.4154552875423287,1.3007043624194177
0.2916623529576195,1.6747213478725387
0.3212207444179657,1.6381016409664024
0.7162119290964686,0.9486602124809618
0.26762012809097885,1.6887922552955619
0.42651002444062724,1.428260841993122
0.7176139496368323,0.9015662476394143
0.3464471416231913,1.510121349121713
0.3132819624822613,1.696345784465968
0.3280226354024118,1.585539379469875
0.35310611157560157,1.6700227628574063
0.35888125179159497,1.4781446326836722
0.40383976580613395,1.540616976262418
0.2638919040435766,1.654000690327471
0.5464791771258684,1.3847948022791892
0.4484926553642469,1.531986660707752
0.7561921640367145,0.9100884542279727
0.334137110681676,1.6137779168521278
0.36218269172432993,1.4876007615405549
0.2714368071117266,1.6589335452974299
0.5262614785106785,1.4137860388204093
0.3581877062968725,1.5690165044214301
0.5568404082469735,0.9524023423964249
0.42283628753110336,1.5166664601314137
0.5109261100772229,1.4606125147672602
0.32168310417847923,1.6688698520800866
0.2622143345875866,1.6845308131833172
0.5446443826602877,1.3759987792814128
0.508040212023296,0.9525712146880971
0.6609733289244655,1.168846946339014
0.7334356231431665,0.9046467402555494
0.5134142800071457,1.4281095568237503
0.3223745755489845,1.5327328294606524
0.5679296161008949,1.3220283859419997
0.6250970536209102,1.2286617122812635
0.3801208887964359,1.4375814870565338
0.5694085974660148,1.2374057187032634
0.3989108493154346,1.4585619563796446
0.6386572477292434,1.1048769355368935
0.300723321926369,1.601653421993596
0.23533099943024616,1.7321965356904743
0.25173355685043897,1.664647761761236
0.4077916490950506,1.5737629217168552
0.48582238435838215,1.47109496342099
0.4837319076605819,1.3943853142225944
0.39246549197241803,1.4062536028307016
0.7092011731413905,0.928918129049437
0.6615906664526714,1.1596819462290844
0.3031108741241504,1.6084889420640325
0.38478953560859536,1.3912119291465177
0.45823148857140683,1.5276897209372022
0.6139808443517936,1.265093157290702
0.5911987837806988,1.2058308892836989
0.531831743324046,1.3616935297729489
0.23683518468382836,1.6804037186953895
0.6325946856629523,1.2145293463576514
0.29717763333417424,1.642181014864112
0.6123907818254998,1.2452563362540028
0.47187566948173265,1.3831533630540362
0.542165111626186,1.377898699596335
0.6812389215676339,0.9729196880405362
0.7419613645707739,0.9669299650838421
0.7502045193537248,0.9097567288731787
0.4927054489930614,1.4702547247526814
0.47851832524551796,1.2238255094486155
0.23034373896816068,1.7174127480807273
0.8084496829110625,0.7843987199612676
0.30032002678602393,1.6568218713134408
0.3380337679345085,1.5564961612041355
0.399721031280232,1.588138260892565
0.24016681285165198,1.7341621215296108
0.36962708530913485,1.517556673065171
0.22551059667515452,1.740583136589113
0.365656334794258,1.5717469128168113
0.3090721218318867,1.6474165978133037
0.6550853465619042,1.0900352854088466
0.5090483204401203,1.0964440938954714
0.29142869553042977,1.6462833669483918
0.27894888180123,1.7105080408727913
0.25131562952659553,1.7044356901008584
0.5370561892392585,1.1879450277743757
0.2942837982023231,1.6115154017210649
0.3559472495484812,1.596250382765924
0.2684158520914093,1.629331942153775
0.368248555559097,1.4250520751556786
0.576939383851615,1.2550390771284816
0.5692715152693292,1.2603427858725211
0.42004808781312697,1.517534905341502
0.34782657782122567,1.6175970662393113
0.3625765857429849,1.5664785987955732
0.2792496666314978,1.6801570220068103
0.44181869831942,1.3865023980597266
0.5587643515955166,1.357399678646488
0.5517713860082586,1.3573958190666098
0.6066800064528365,1.2505011580872474
0.3459649979119757,1.5692809066297615
0.3569959048013728,1.565392341658741
0.30262833095591396,1.6602089483709432
0.4094839582973693,1.2527636231891401
0.698714114104789,1.0786755054572386
0.5820297136533629,1.3413687027588066
0.4093440203266465,1.4660670892240824
0.4539129196557905,1.5338380444756072
0.6460781814444231,1.0520475878037172
0.5143407436038592,1.2630924071131697
0.495995277345429,1.137350843434658
0.31669222504829575,1.5890497364158735
0.5041176018039891,0.9873164196047346
0.49795402880815487,1.349859659005305
0.572536565143254,1.1237529997426525
0.39434419162737655,1.5937419355207272
0.5458217176975838,1.3892998010273576
0.25571563477587056,1.7040823342409201
0.4376825651020525,1.4444654508475931
0.35380530039463765,1.5879821548879625
0.5445648477108744,1.3019892578439383
0.40411768235024714,1.5940764015658524
0.25928682908606554,1.7031102511767353
0.3295418557380227,1.5974661021614822
0.4744714432992797,1.4380758987616404
0.24696710205856917,1.6708575478755947
0.48608871317038577,1.3612429337304195
0.5324520856815238,1.2564171460286178
0.5683871891708809,1.2941128669853406
0.4647128645964842,1.4677667691423526
0.2292767631842626,1.7285039282014474
0.46164454616507095,1.4917812097699445
0.6069760725756791,1.23383186315964
0.3591692025019778,1.536673334702486
0.6498534830010819,1.14555180934703
0.2781353178631771,1.6397280874066338
0.49720183963531006,1.3901389582243509
0.3095242428043195,1.6638277056841866
0.7610803859731406,0.8490343409927756
0.27006753549985196,1.616762071774497
0.6634046344677259,1.159060827574157
0.7760532684976067,0.8656433404328447
0.2898098913778424,1.5558239437754708
0.37925700867786194,1.6274787291720259
0.5275936167012153,1.3357151390769721
0.24104009680645488,1.741713362751823
0.5827191751365863,1.2757540236278397
0.4072724204261041,1.5695288086662345
0.4817721395858277,1.2926063662293978
0.4236898539509666,1.5079294318841594
0.590435547638341,1.2548284881950738
0.2956379494456229,1.5834328610604693
0.4228826278140276,1.5363206244989702
0.5994477595454049,1.2595739785047297
0.34916411913592427,1.5699942500414403
0.585982997720679,1.2795889122984998
0.6623172238905299,1.0859456663129128
0.368580185647233,1.638502392125493
0.3172628424624209,1.6448403832848497
0.421795557648744,1.5098633074334957
0.2962253097668779,1.6268120054112483
0.2977392368677205,1.5854755496586743
0.43219550828382186,1.5131710863589218
0.27853921965805684,1.6767503778890012
0.5277452601696867,1.1102880756740925
0.26790695621801647,1.7135212474593826
0.5427271890643904,1.3704716566069473
0.525887369021646,1.4377903704982369
0.2852345668954072,1.6516075760736755
0.48100006657022487,1.479846492149366
0.6783109434685212,1.0896692892864612
0.7571182817980135,0.9101505227757654
0.5542757373086546,1.1355708870167487
0.5008325296107083,1.331909973711997
0.4230380032698497,1.3451625198785873
0.46721950609700436,1.2312829489922965
0.5230045547122949,1.3416084393776069
0.43789730000339,1.4707686343762945
0.5927107805536725,1.215791369711955
0.32233102222705484,1.6048382594850938
0.4464325650008887,1.4826636861030151
0.47744955385479443,1.2401210628791473
0.5876693508791123,1.0788497912870063
0.5630681157183499,1.1805521033801014
0.6418363236136203,1.1854232409713181
0.6574512151804126,1.1822397003081322
0.5899304722215486,1.20634549130663
0.5573365608176355,1.1529594024406467
0.7914663696767271,0.791410521408748
0.6058871758334333,1.2032880669432078
0.48737123378051256,1.3356084706005311
0.42429326398996553,1.4384907937032503
0.590400172347214,1.2139197565252826
0.26254106113411224,1.6816495355358896
0.3417000689470478,1.5499848148683235
0.4221133473948478,1.3124167712761141
0.5016179679919522,1.4749221652753914
0.6257938577649428,1.2236263297965302
0.35891903325606017,1.5315253398229727
0.574174892985591,1.2168292459253442
0.7040316906037972,1.0558273456858038
0.5611487482960704,1.1990877916798444
0.6706665848428977,1.0741239527695126
0.2833748766235574,1.6305520115270196
0.3171678222287132,1.6171810026857194
0.4840531062424879,1.5178922314470695
0.3230601023406071,1.614218845873904
0.3318238385008742,1.5831805014242935
0.3159877987267712,1.626927739032666
0.3215862722760024,1.6593860168227714
0.4816782593063444,1.40376437001136
0.29784953803915365,1.670879086369886
0.43637805590692375,1.5185818791001298
0.35213565093649457,1.6229972538575432
0.4332895934257962,1.4848572552375179
0.3215859247164327,1.6271764550372743
0.4897901175916521,1.4921749668687625
0.48825623383668754,1.3396955824203909
0.6932552656699628,1.0819674215345352
0.5870461466805357,1.173448872467111
0.2149351270490321,1.7248469328562797
0.4241826943862235,1.5449133494515983
0.4213556139028011,1.522467548014014
0.29539111907878696,1.6585635414683577
0.6546215295523851,1.1571004083978023
0.826971395019272,0.7251349799776186
0.7451882311617096,0.9399237152653758
0.5730080366444922,1.2864895900846103
0.5033163728346027,1.4426218577644077
0.47473644228069983,1.4931269211471414
0.42444853351099887,1.4961244243890395
0.4857976276151945,1.3131703413295632
0.7164350396875167,0.9282276789704358
0.6478159108494835,1.1631210955585018
0.5543579924141315,1.3449672206738288
0.48997592618047453,1.4194333049678487
0.2938840493773233,1.640763841027289
0.6780417203775901,1.071962263304979
0.7390159343294248,0.940760481774157
0.5823930523207967,1.2822093887750028
0.4457649053448216,1.572514352852044
0.40859940855443616,1.5306807407546614
0.6067764768995388,1.116877830202148
0.4347457762988978,1.4220820244338108
0.2889561054384181,1.6881437684520704
0.3154812664848798,1.569695347585502
0.2500472471361753,1.6922859492958386
0.6928443168435019,1.0518444741876949
0.4157422487671521,1.5472158462577248
0.5191697723012262,1.2125577258372902
0.31954248626057763,1.6491926809812945
0.5943520792361136,1.2326809415423285
0.3987888427713665,1.446487965253173
0.2938999176140381,1.681510262600728
0.570315126877698,1.2344765203936716
0.4431519329324532,1.2752604701354873
0.4086602075689028,1.5837054186261237
0.4772394128410126,1.0396289167537172
0.45042561541148823,1.4052380836982974
0.4776352949074681,1.039662453033198
0.44446198098878265,1.2817508417414258
0.2500823230172834,1.6825461242087238
0.5020382562193324,1.2034281065685422
0.3463723277552596,1.615540085518743
0.5285718183926505,1.3109210109414833
0.7152434089578534,0.9389025742361204
0.32154536928960725,1.6560604846250375
0.26021434035782015,1.623666062818607
0.36984745966534627,1.535106567153294
0.3030227828751793,1.6564696680841753
0.26685586720996124,1.7065364103351675
0.3860700568529962,1.4495837572146861
0.5545402183258208,1.3240160866237733
0.331682977000814,1.573474269871659
0.24510095937532325,1.6851111783381634
0.33140456147473846,1.5972267763645926
0.570693055139834,1.2610891093137695
0.41441510925131725,1.280231531674087
0.4376623718881565,1.5090394857991836
0.4201937559043843,1.456247075196689
0.3114355632818927,1.7140094657003124
0.37963083900295247,1.5892668581302418
0.24222844534959015,1.689373877593369
0.2691395806157101,1.6827115742436085
0.5026234475707484,1.390258579142355
0.31304682000834805,1.5950898784546883
0.5782187705374836,1.3366930432532613
0.3446521985280227,1.5355621562534352
0.6943446896363509,1.0617488070229695
0.5204532749311553,1.2357429848793282
0.2930746108906989,1.6717755466442303
0.5754581747727573,1.328495114072052
0.7805992711364022,0.843376586289743
0.5205409218575303,1.1265678529540597
0.5253059729874463,1.1633914145045627
0.7464692006344635,0.8413366165115633
0.5371490963595432,1.2406473752000504
0.5099120044512152,1.4163395624954274
0.3602860039016089,1.6183585842640853
0.29516181046582285,1.6680704854633621
0.5236257306389858,1.0314598937220656
0.47076830720200874,1.4294416939982288
0.4562658930612904,1.4679392253353378
0.8239098369025084,0.7241449328551258
0.31009304696847756,1.6956645018359737
0.3259894655534653,1.641366847562094
0.582880502669673,1.2608600525041636
0.3366061256415779,1.540622575270461
0.283737952056814,1.726842478314452
0.22311859613649312,1.7444111925303272
0.46271120244675296,1.5434750878641785
0.5421023778929975,1.3141715399862446
0.2922205855623697,1.6080741070866185
0.2809882904024672,1.633518231381323
0.6154424173596014,1.1856187117294206
0.705354929481639,1.0225237170472066
0.421230032696235,1.40143457130093
0.8122401779005864,0.7517330451720966
0.4623946986390327,1.2768788022731998
0.4616040485537021,1.4886371293762397
0.3540145274811693,1.4968912984031058
0.44715061076171125,1.4290232373878873
0.44127943385621193,1.4748221427740704
0.38611529372669323,1.4177132236769765
0.29709953555265295,1.587696864514724
0.4811218660658493,1.3812388335963046
0.4356751215110136,1.3685676123305204
0.7242518728932585,0.976726687462636
0.5977799079486577,1.0487166270719175
0.3183016491445033,1.6307080635160374
0.36796219763407584,1.558250041255797
0.47176826700853963,1.3092174686951898
0.5193579254308393,1.1339398520065138
0.7117689010424559,0.9784339612529103
0.5163228879663624,1.334626163795443
0.33469316158977885,1.626352684843026
0.270682113223535,1.689872641687198
0.4936984827310837,1.1242715385910929
0.6000626875753402,1.1646291680123855
0.28041795249534884,1.663170123296291
0.5717778661622144,1.2615715341877125
0.5006988863527201,1.3192600282311229
0.574553054410546,1.3440449774860987
0.6887815024848891,1.0821498023882106
0.36840813335113326,1.5747605898378096
0.43359516540557663,1.3448978559854265
0.37719379061967356,1.4020636873633177
0.36467252392813015,1.540098272715983
0.7699519663374992,0.8675629667239351
0.48966838111792693,1.3855569963252659
0.31874855026268123,1.7106776533536994
0.5973516494666753,1.2915427790953857
0.37769772240030897,1.5303784120850745
0.28115606384202807,1.6575233063152695
0.6504575478019841,1.1733121461423306
0.7872473312153,0.8085414118558281
0.2791013783856024,1.7136302752523536
0.3271561317522359,1.6732086127204953
0.6153743220031668,1.1438448348721804
0.4901831467094148,1.2178363591277264
0.37461577838748733,1.598417875923562
0.3259252860836932,1.63339096901696
0.578817641288307,1.2955662408561686
0.6313514241160738,0.962307511447471
0.4806314710565843,1.4597162841951796
0.2521363796841051,1.7124297461614497
0.25531106464967884,1.7268478805678042
0.4284851579861611,1.4576736702915236
0.4962663740379464,1.4444429748753915
0.38917749259238704,1.6085349270018472
0.5345237955682879,1.2997112287560642
0.3092582188693394,1.5717159066586872
0.5021018902398802,1.3450539889406745
0.6340463165222612,1.2187287147571633
0.4960719508794126,0.961447071637567
0.46521078474104943,1.4087736449074848
0.6008525342382404,1.2445741928533711
0.35731284522527434,1.5951678804000546
0.42031409457117985,1.4978564523053939
0.2748790979998467,1.6851939595549346
0.7002586720730208,0.9796687828656143
0.28096166147804924,1.5617607287699171
0.3874150621570028,1.5436114854059007
0.23820951826972783,1.7478156299697507
0.4558138201595407,1.5321509797539092
0.34772581942633163,1.4846691643788097
0.6045107160536866,1.2310106988310823
0.47193892693372164,1.481320188185866
0.5036662463886804,1.4595765814069472
0.4218374350190195,1.509444836415438
0.28990158644352293,1.6749129552995718
0.2692724093442036,1.68798757771729
0.5231895086683704,1.342289240142807
0.6294250926097105,0.9692691048466886
0.6197014107966237,1.1134602674909126
0.6183058111867389,1.0819086041897858
0.5662947909304298,1.2656975822417693
0.2331698055831083,1.675861916023663
0.2881222693060984,1.6956537243248238
0.43855775722522505,1.4245956784651854
0.4074073993557482,1.4867589534904628
0.6403886708483262,1.2115433362098682
0.6858075387433462,1.0479970851443863
0.398533129250533,1.4815526617250252
0.3970620397214745,1.5237904461389933
0.6382872965513291,0.9374573972710727
0.3274852976315122,1.6242487880937386
0.4800697123260638,1.4477028658057451
0.6057569108059814,1.1595067941164192
0.552981580955076,1.3280842466849299
0.2524768447023617,1.7307395388644486
0.32332796526815294,1.602954731649174
0.4386733783002843,1.5054930282681362
0.7325215424607713,0.8822129908746699
0.44733883654987316,1.4724361419016143
0.26145866207504054,1.653064555740727
0.21394669560576493,1.7484291873970705
0.29292346764487437,1.6157976549811863
0.3035409371926531,1.687692772914029
0.31896042168210037,1.6359372410430926
0.6603491801604838,1.1362844047060823
0.35293573714897425,1.471773475629788
0.29003791345529795,1.6304933455395252
0.4924603287145947,1.4629652886196243
0.5427350824716753,1.3938281121327294
0.6807831237367412,1.0553393742326311
0.5065457406144791,1.168369132026112
0.32695477448560767,1.6534228972293261
0.25076697465955006,1.6694335464297703
0.32517556893042954,1.6714385679970993
0.24680139460143793,1.6832918080609969
0.6293178186843235,1.0046357448168122
0.445348167694213,1.4422286350056024
0.4721312154113377,1.3553835402521268
0.5858663756730936,1.195097884441913
0.5419023457778847,1.3678361471496545
0.5293154395636314,1.4154740103043406
0.3981467580380264,1.5318986712677094
0.37117181210682926,1.5487945547229214
0.2694540327671124,1.6432513803778017
0.6219411168372946,1.1150820022799637
0.39436299669288316,1.4882245402128444
0.24907691119238415,1.7089388562868244
0.30006734772032945,1.6877110199772374
0.3371402914413227,1.5765908765057828
0.31856630168357475,1.570954701547052
0.2733231097999276,1.7174974727371064
0.29796480540956694,1.6461393588719548
0.5766599360060082,1.2439731741355204
0.39177592631205455,1.62024244082459
0.6293859457003106,1.2030429549816946
0.524870673632831,1.4076356373229002
0.4480255724345872,1.4377185254723068
0.5624537184464685,1.2049291694718078
0.3904922400953688,1.5633042543120674
0.32245517411615354,1.6889053945631138
0.34405153319736265,1.6548367358069853
0.6178375359373907,1.2359991549862743
0.24888753417597648,1.7408450154346138
0.6236070863197185,1.217834477137913
0.2128998127296397,1.7533995767647008
0.31337407207789436,1.6276096147201704
0.3726975338544746,1.6535610346876826
0.3141276257093631,1.6076765203454122
0.25723799506744227,1.6705218875949648
0.2885041458184735,1.6536780333417
0.597252741728481,1.2105273600812871
0.2835649561703238,1.6617547071412535
0.2807743092777546,1.550963662439755
0.6664589106524859,1.1144962187644358
0.6530680228589066,0.9930360199687285
0.29085573242310353,1.6903601145553866
0.31920775457360256,1.564090598663094
0.3575878626695202,1.621379073221271
0.235663695730016,1.714026455924961
0.30106562756134314,1.6783459531303455
0.37118570405797896,1.5776464142239197
0.2616794629706205,1.6734306630052398
0.5115739082110333,1.3188552598518761
0.46575129654800945,1.4517831722613257
0.38163049193767684,1.4236179282859747
0.3159168973394168,1.6562216430762497
0.4551651932802922,1.487343753233827
0.5337219826471016,1.2453670662426835
0.2555143703971126,1.6479340379440968
0.2507794834346935,1.6969367913527102
0.44341829201727,1.5174700829482117
0.41728645954809784,1.4800625271044887
0.2548566259108593,1.683090308606492
0.6029397733262696,1.2419164899295838
0.41047193621822414,1.3160448826514628
0.25782642674779094,1.6853325120142835
0.7508778260284913,0.9171444974547993
0.4995324734812156,1.2269711368513332
0.6330791664828205,1.1836978914583576
0.35712281993709716,1.5666167469255927
0.2654626822493884,1.6083991241915905
0.5885363068633535,1.3096919132067293
0.4082342100841362,1.450859433185871
0.25227549431901,1.719675343856668
0.6681477700235442,1.1284884802762316
0.5205244863485973,1.375857612846854
0.2569241060105492,1.6967168065788192
0.4590386542205893,1.4903878598598788
0.7122480328474747,0.9904835368649612
0.5117805603677122,1.229369579497821
0.3666431449808968,1.5474835095256192
0.2501188622516646,1.7451244062809619
0.5309168858638841,1.3624664474889179
0.6015044312823926,1.1113135701088304
0.2398624912213499,1.692360889742641
0.25586166851221603,1.7030667009340685
0.4457765236610875,1.3166323069498156
0.2982142229387296,1.557871476822954
0.5990003015604127,1.2074086891246505
0.47353994850033887,1.489853487359916
0.5571103377099076,1.3680026235709084
0.44148571127684255,1.5677286251275868
0.7144117724696031,1.0165894388741568
0.36432523383333143,1.505258243584291
0.6843213222906103,1.0436635064270496
0.5791659232813986,1.0922396286787703
0.262877566368584,1.6679623875788046
0.4725741923578458,1.4854103318131713
0.3993190655146986,1.5662242971209792
0.37759087049254636,1.5407782612582042
0.3176299645066014,1.6683093639911286
0.3333718019075615,1.6538168252222678
0.3094687321062382,1.6668216951848658
0.6245756360576735,1.2265404392446801
0.5440146492921182,1.3880779398294119
0.7680586941700426,0.829908085494392
0.6430209594166362,1.1389007475475799
0.5810337133198327,1.2798631319362763
0.35932790186131064,1.6220158638154851
0.6673716178896407,0.9106176381932292
0.47872346638215274,1.041489983771636
0.5560582666751441,1.172576881620197
0.5154137574539329,1.306463877610517
0.3314478057482028,1.6629227903347155
0.3738111608044794,1.5850342949465945
0.579222635519197,1.2031674205571485
0.411607180413425,1.4816723676873143
0.24119347626491666,1.690696590885319
0.6489337803170264,1.1549703486005038
0.3093747356994724,1.6854494339981596
0.22213434571737078,1.6988692096468592
0.2805004688573402,1.6923802009752351
0.6571142719506927,1.143265909687817
0.47038499041122966,1.3282600309013153
0.7063510298976723,0.9817307585199802
0.6921401258752785,1.0659273952609163
0.5172059781901547,1.4167954022908698
0.5562287536664465,1.3335280476699516
0.6683293535463105,1.0567156007005352
0.5916788708535881,1.273971506498678
0.5912200100474907,0.9695596759617879
0.31817764654347463,1.6680045092624776
0.3481543747450036,1.5963259561350291
0.5361749770092293,1.2634523174090342
0.702621521232237,1.023841269962689
0.6616948842129659,1.1509737156632285
0.41364666479997664,1.2912588983301312
0.2629287046423632,1.71204719294466
0.31151435170810954,1.667861503493537
0.8810725032219259,0.5439228582948639
0.5775425092485318,1.319153860839294
0.6582629383022335,1.1267676658110417
0.2686381112572219,1.7025852098149956
0.2953451439891008,1.6675550716303027
0.24646182978180625,1.666973274896521
0.5016526661878651,1.3018904821070705
0.35745059448145394,1.5988172738688076
0.4592173130870958,1.4528455688309005
0.3419129272397625,1.6270318908963899
0.3584722702360545,1.5957555063506983
0.25410175831321813,1.7091298798364158
0.2710548042694585,1.690484881313617
0.38361357602549057,1.4665582623332276
0.3455110932572101,1.6143346456924954
0.24347760137685745,1.7045561906787048
0.6930946359836153,0.9997628914519596
0.457515612200761,1.1428212187384874
0.5783147617456358,1.23524744956049
0.4152747928292039,1.341586259415204
0.40631590813393725,1.5406042788086562
0.5064398301604379,1.3467200054626995
0.533378678028642,1.3079999272143683
0.5988821284744471,1.2500025036296503
0.4197253371664767,1.5108509845510891
0.7959172916406082,0.7667706833315685
0.2151198589478928,1.759519536688488
0.40071551394884747,1.588381360878755
0.3147054169261588,1.5869227731319246
0.6475110843572678,0.9926405803643072
0.4510994599733718,1.4277060343784824
0.341111422177535,1.5820682297658646
0.5704930690366147,1.3030663135396865
0.5781902671588426,1.2362610801304081
0.6730597729093488,1.1222732679667047
0.4740651508645117,1.2951845521894665
0.6224041800700786,1.141742301573214
0.7239467820520182,0.9789717491333239
0.30938675672985244,1.7045602184488358
0.2714393890736596,1.6789928698173622
0.5710180097093274,1.248186425750096
0.4133686772949801,1.5754588299271002
0.36075635297787184,1.461624902966586
0.432419297427745,1.4865929367143988
0.49620523504156544,1.3471091071690084
0.5128066145760676,1.232849470394929
0.311528689544813,1.6594187215581873
0.39006972677136037,1.3357104274848906
0.6919513880032049,1.0015165822795762
0.5742645639465603,1.2478190370418951
0.3434347048066948,1.5662154632461205
0.6280735558337691,1.209773830424034
0.5719221324852767,1.3151123449000535
0.7054617387887887,1.0241413038748681
0.4208147035940286,1.543790650873687
0.44748015089139004,1.3468839891596591
0.5840652406245596,1.2673621832643411
0.46454306600415196,1.452786246018995
0.3199181575716071,1.6255072488440234
0.625143294488438,0.979645375145084
0.3576581939826193,1.580851604335644
0.7246254795899393,0.9022522618079888
0.42798092706997565,1.3907098414083798
0.5748264633879743,1.185367713181401
0.686828077455691,0.9874876525592253
0.6374620199304136,1.169064642547476
0.39201640427805723,1.512548454098692
0.37226064529165687,1.5825401670789596
0.6031388698424744,1.17359762041358
0.4366483176656989,1.4912889566473932
0.43312475361798475,1.3763399640014897
0.31813166861049486,1.6403988738730246
0.49250042327531945,1.4894004369167497
0.5864453426346469,1.071859849742019
0.7811274047737645,0.789144288187519
0.3400841126567712,1.6437936412238874
0.28976249659126063,1.6819201985283754
0.412532454423315,1.4925986659455779
0.3324517211268446,1.5746162089675868
0.33698014234721246,1.585135213909308
0.28504205216974265,1.6795888800056016
0.549605494271332,1.1776906787752544
0.3778734359477105,1.4877784892362724
0.5987272671684251,1.058815377673251
0.4775780205630807,1.263049383724375
0.6537363553561437,1.1731484436897888
0.2431796724857943,1.7218289949731442
0.4636816529543639,1.4358496477400378
0.2962483751382508,1.7019144396333636
0.5978583728904494,1.189394457437527
0.4322129079279647,1.5214583119738632
0.2632003847199664,1.6232366031837229
0.5224126555758621,1.2528490292922938
0.5313325920213336,1.3313173817447785
0.5496783797111242,1.1637262312720282
0.3990044468844052,1.5622413031661746
0.5944363141598553,1.2914882079154408
0.23697134625143648,1.6809955253015427
0.3176841641227121,1.6479952690218722
0.727001824456261,0.9488858860571827
0.39240961115654377,1.5895304538675883
0.2734314932453182,1.6908492210932493
0.7040821788007772,1.0193500459519986
0.2769535796456982,1.6726149592724537
0.5239452949682382,1.247403258321648
0.6835989558940359,1.0673969428596584
0.2712794626248934,1.726226984589005
0.40033075901388016,1.5116476491534394
0.3516797581280495,1.582590468465889
0.3770647279980196,1.4240927244589572
0.6451832310277484,1.1901048623244816
0.7890255733278848,0.8036638652921552
0.3150481057121038,1.6363802812543844
0.4164898117833222,1.5561035887632226
0.37232348022333933,1.5552194138208255
0.2463454608811285,1.7148428106018079
0.5202979164070511,1.332625492386547
0.3774457405135725,1.5875987709298465
0.575815747098005,1.1308220014750363
0.6156022679578919,1.128330862387556
0.38872863140912284,1.5606623014808423
0.4442637681420028,1.3485124417203702
0.6258033483617061,1.0841711275557442
0.33099208130877633,1.5768747583299927
0.6956334633275932,0.9635047386072333
0.2284208294100815,1.7318834595946555
0.7107478719705349,1.0350735398527973
0.5288984724512874,1.2589734318680137
0.25608520328810314,1.7018570215817923
0.5517504288753554,1.3654122632742813
0.2257699772125194,1.699452530405832
0.6172321265359281,1.2144630962158538
0.7029487682313336,1.0244673996994174
0.6342995772269503,0.9814873582845862
0.24256938740654907,1.7066109485996537
0.2525635659282502,1.6545265387611678
0.2950152925486174,1.6932110459509315
0.699123660247561,1.0434974517938274
0.48735452610730373,1.203054183017993
0.4935394504678715,1.2060796595474357
0.2831063802987729,1.6654110085309675
0.37630592776063876,1.6374182194681746
0.48685611916399807,1.41471335711343
0.45193381451332093,1.4023820839849912
0.6253783136381288,1.2431888949561085
0.5071623519741633,1.101603391754375
0.46791691755834003,1.4068458890827675
0.7269924444561526,0.9184048705880892
0.5893139043304008,1.2272228505548446
0.3730987236243913,1.6011719471433565
0.2918806386153761,1.5887364445977332
0.3073249511884627,1.6552848051170228
0.4167875463128916,1.5556813961673317
0.36882624234060435,1.4506958309483633
0.3213219398026647,1.5810772801692163
0.467939926080926,1.4876731886685948
0.2382027063089124,1.69707472188982
0.6345319030578569,1.2091128069138641
0.4877162715198952,1.4473709506536765
0.5230754788901579,1.2915822918626534
0.7339297060700868,0.9449149558246218
0.2959386359011105,1.663212719541614
0.6031451455637337,1.1606549482859658
0.7175593621417746,0.9208098466522023
0.33950838976969555,1.6227623430757907
0.5311252658849195,1.3870579849806468
0.5997711153127094,1.1824763847776545
0.31604355667863293,1.5852482038703513
0.38788760411153245,1.4671211543236573
0.47681375213384875,1.239746575650059
0.25867534437428275,1.7254850548937544
0.5800462072903557,1.335285808306974
0.6512710120038819,1.1533453411533072
0.42041334468940844,1.4427562070623763
0.2395156379090031,1.727921123604578
0.48470447571271896,1.1659497603861873
0.3077442816127171,1.6192233407484404
0.5999224552950054,1.0491650507012849
0.3157013086519769,1.6627395137637482
0.7444047918812132,0.8799147625540991
0.4918394603645466,1.3418056921076527
0.2628044989594254,1.6871277611957578
0.3488064187427816,1.60511170680149
0.5472724169620714,1.2823480036328725
0.4587120545560997,1.5069414597942352
0.28717430209050326,1.6677415426629514
0.5030980373019251,1.4641145791101668
0.6726699028728127,0.9865496688427972
0.4455696954564306,1.4424989031918338
0.326782035692492,1.6403997042243423
0.4230251247514602,1.5575311377371923
0.5051878942070692,1.393081814143081
0.6008686950340373,1.1243144666862188
0.30090561111687075,1.5470188739577753
0.3816978275192289,1.6098287797062416
0.29602094404999973,1.6399109410268944
0.42478870869438085,1.419169965025156
0.5003593970570869,1.4481570919227793
0.7295460827906565,0.9438226381350123
0.5764585689253787,1.3391922626852704
0.299785809120864,1.5995057411950653
0.254397463737509,1.7485956613560358
0.6246657469080242,1.0917318066721449
0.6905621064873949,0.9787456259619005
0.32803128810550847,1.5311258456760939
0.5975007071371987,1.2832374677484006
0.2496174270907387,1.7214419435829202
0.4369361598618014,1.358233446536638
0.2510711698377195,1.6798564540568408
0.4393168400459199,1.5603986021899654
0.3090106296345535,1.6542862915255494
0.3551919712420642,1.344858568536706
0.47142846079567746,1.3774538469395758
0.3514785155638164,1.62399353818791
0.36982869996529727,1.5003502808970355
0.5258972000654935,1.3823794575132136
0.4335174414958395,1.4452665062011874
0.5952487592359365,1.2582617564811924
0.2530904758168516,1.7495795590133008
0.29442378427886556,1.5928587813666804
0.42425994606878964,1.5019556176830955
0.3423013152959904,1.3925326670570033
0.6159379569994533,0.9455076902371149
0.3457376509498314,1.6791843852896475
0.5136065976752172,1.4617668003993414
0.39113859075210394,1.5958768811397444
0.6917605435317263,0.9945252855117108
0.30030241954318276,1.6207256098633458
0.4032308404090311,1.447075536623861
0.5781084590274203,1.156368957686895
0.3503613628449146,1.649427744449577
0.29616930893830684,1.605847287431004
0.6877387874861917,1.0886583346455678
0.47565625773529135,1.4640062490728807
0.2481277138751773,1.668949825540385
0.3747702110922803,1.5450984131414627
0.29964364413667627,1.6268882264887485
0.3545047351491488,1.6010539021939625
0.7281361073695263,0.9837213023145835
0.306119285491164,1.6842217130780892
0.3454723459357384,1.5967157757295207
0.6474262257738832,1.075791287957874
0.3359553502491962,1.5618781752342412
0.7274192001413166,0.9125153191203803
0.2901052711273674,1.5747932259364712
0.25525676747283726,1.6344928960102034
0.3501605309851195,1.5739145466068205
0.50272803772956,0.9603478940334365
0.367948679766207,1.4607394447808277
0.4490586136423634,1.459878800760692
0.3390517441625003,1.500816859293375
0.45054932387759034,1.553263224050559
0.4833196392684792,1.0545283261998961
0.7648810605065316,0.8931753629803084
0.6419721360066322,0.9765908307422251
0.46729908700280154,1.3205152650847878
0.32320963595122426,1.6081100759303284
0.5334459256493217,1.376680413018489
0.2509527168744922,1.710774994181159
0.5758685272318385,1.2215674930310996
0.46949720608504725,1.267605868317463
0.31996991059265206,1.6276971064738661
0.46202993323446906,1.2188929664140862
0.8082143640854764,0.779400328455319
0.3274385790660395,1.5874942660459943
0.5371878263024705,1.2928133615065143
0.47779329154824257,1.413373043418606
0.31290756678492454,1.6655597477749788
0.3560278298768448,1.633228359062097
0.3413386505040044,1.5898050673883044
0.41380860201336045,1.584806808071848
0.35632913038428454,1.516251048868928
0.5175726660390155,1.3010137878707926
0.6219157409873529,1.2418843357528775
0.5445348689757896,1.3325884811499005
0.4272617412352728,1.561356464629337
0.5534635250095238,1.2838400039288225
0.4771338521040903,1.3701976151098443
0.6199175960766037,1.0373513871459608
0.332922001998402,1.6154618283499786
0.5986790151415093,1.2005802650816044
0.22740426317212775,1.730525815570323
0.3802950908729342,1.5975465167059972
0.291923849297407,1.548309512629158
0.29300949934499,1.6761098009858901
0.35862959071738704,1.5847810263717375
0.48652189438689974,1.4586898290952535
0.7014119536422488,1.0305393147795272
0.3553733094392078,1.5301836648130576
0.2898440142316834,1.5966649880794086
0.24805631667190706,1.6969346978075315
0.26063667216818004,1.7037574430546067
0.4732962181522127,1.4239255082994784
0.3494420235552956,1.589487748792948
0.7409810372949241,0.9031251974504276
0.5890487787627183,1.1414029939996853
0.3399833798497986,1.5462458984015963
0.4501168392535388,1.4993202496667906
0.5533981677356818,1.1102546729235785
0.6931478428725215,1.068918226753399
0.6566346799949596,1.1488756717510786
0.49560211937358556,1.4234512208499424
0.668652692924511,1.0655374528608803
0.387737194948936,1.5745212421581942
0.29204772889685376,1.6241295126668067
0.6136461018114387,1.1509496821923153
0.2923374860264732,1.6727728175280192
0.6116251196425239,1.158186284551481
0.4652311488743771,1.3439182636482307
0.42758905754917526,1.5263880989112906
0.4365807424850527,1.366774754357991
0.7238662482733504,0.9619029922536454
0.25406378621577086,1.681170814220059
0.5466689776523815,1.3927548628357014
0.35245515456185006,1.6440822803399475
0.6345690838069857,1.1637163431601683
0.2674893003515942,1.6624919452247633
0.5332248529276582,1.3912694533520635
0.3867388673831221,1.5680302107685764
0.26596201594500013,1.717866109239616
0.6286541635834102,1.1047490539166507
0.5793778623057092,1.1829280844972043
0.6176738812607028,1.1166896371005404
0.2803932182414486,1.6680854345398772
0.38937713810566893,1.5237457627076472
0.583689180761311,1.2840614075068015
0.5951330130765211,1.1905456854060112
0.5596858248384486,1.0364760696431499
0.2673506534204149,1.6944160391607626
0.5736439455457184,1.277249135453866
0.4952885042911292,1.4005023499573195
0.7800014008920348,0.8440207428980356
0.23295749892994977,1.6897731718046827
0.3372515719071193,1.4608020977425134
0.4195985810212485,1.5917632780874125
0.5216039284142194,1.3140833810577075
0.6062226348727251,1.1918620210599258
0.39331250364724746,1.5790080128226713
0.29538401374539425,1.6492710276090503
0.3957643238305867,1.5397117428202078
0.4345643482902448,1.3902537734716942
0.3558230908814152,1.584177412466475
0.3527518017523703,1.4033409991284707
0.5119316194330967,1.0947615111300166
0.4001240031642937,1.559362890434432
0.36874433431033204,1.5233565863439165
0.322166824741945,1.6902026334022429
0.6387940031387944,1.032829646386956
0.302539281080934,1.6857647527164756
0.5562468428699153,1.3509714835391515
0.30073133861594215,1.6518274413132803
0.5894724859131023,1.2042524490063051
0.4990066162576232,1.129184138315298
0.4701014500197277,1.4145668802375826
0.38104620117621735,1.5931317058423127
0.6166065516910697,1.2394907020634902
0.5628689856928133,1.2649882390256828
0.7182400462102833,0.9841702112083317
0.3691391767098443,1.6004928314182834
0.23400001281983346,1.7396790112077207
0.30335519913191095,1.5509193341541536
0.3327390089315721,1.468037511124256
0.3435257875335631,1.6331024585733527
0.4650592979919789,1.5050771350232477
0.4184739835532501,1.5642969860314917
0.34672773499627607,1.543474177467528
0.2630407561211206,1.728660146356038
0.6162400963614639,1.143136019377092
0.32567945610899574,1.645729225538899
0.3857880884383827,1.5960626642043898
0.5919009189814782,1.2875018032132435
0.4513994757205082,1.1261666336190876
0.35941281201500297,1.5581914139008286
0.3713245484866907,1.5652089519362749
0.41164301790552,1.565994765195946
0.36001995626273897,1.3233675064469275
0.6262388066003196,1.2272227182594067
0.4679364225103923,1.1819075585694658
0.4704041928189941,1.267990938425776
0.29235058584043105,1.6714764014123709
0.3208640357713397,1.6585134085675453
0.42849530528882446,1.3077990753486317
0.22383957291849493,1.7594686088876939
0.350993929355646,1.6029328544899148
0.5765069598612712,1.1214407410098897
0.44909756576734783,1.4569310336090442
0.34702876214067246,1.6650581655672592
0.23670466340237745,1.6987932959664978
0.2457719933783638,1.7451365305989253
0.47745329589766844,1.5121579810175014
0.21653736198500179,1.7208175582168939
0.6569092550956316,1.0814329758789343
0.5751902177990784,1.2982013865226016
0.4900696310951058,1.433262520009852
0.5256536558902566,1.0950545992780865
0.297141923061079,1.6154845584409887
0.5367244126364534,1.3356487190335935
0.2683236823187261,1.6406083084692082
0.42371756271996375,1.5469575466169414
0.36108840674535164,1.4792023630336752
0.3238884147420219,1.619767183100792
0.33331529289579725,1.6306381777571202
0.32331046804918395,1.6319421087193018
0.3620310719853224,1.6142048806951257
0.5760977787581838,1.1161547292826524
0.26018738846370243,1.635475086465064
0.318623861299874,1.6868299072144466
0.26614094336128835,1.6654919012213465
0.6645286377704187,1.104371058807061
0.3279270168508428,1.658061787434518
0.7576578659823795,0.8838738864284795
0.3031785490990964,1.7126135140886714
0.33958130610435505,1.6291228683648336
0.3610926827347851,1.4224171519695303
0.3913654044188041,1.5294804811809875
0.4134170468205351,1.2977512135055982
0.2414720297832869,1.6724935957776141
0.3984949082227962,1.3874991737193956
0.4647680189625452,1.1903357875885399
0.33709671871529007,1.5373347515082085
0.658929703569831,1.1263973928003084
0.3106382862666416,1.6817248319541174
0.6218241234787277,1.1388129161293996
0.41759486733890194,1.458547931236898
0.5825100835715066,1.3183843458833977
0.47033588665048,1.4406293619801693
0.4464223244684567,1.4453612161071525
0.6900841106467432,0.9413552398326044
0.44818798602628923,1.2928481453985203
0.44409536093215213,1.5263164123096713
0.45426448471257314,1.305367089157344
0.5429920411902661,1.3818016527431463
0.6765678090654206,1.0237170723614366
0.36603131884053064,1.5973386186811518
0.627149879989348,1.2299270080962628
0.5170343237139629,0.9196881844852915
0.5686275490194708,1.34045500663098
0.586683331877965,1.1758609983324366
0.3215728380222502,1.6191659771783018
0.5910370556706368,1.3094381807758817
0.467129899726169,1.1209254776508524
0.48755713462974054,1.430142880164123
0.6851031351066257,1.0253230396417115
0.3321242285175244,1.5216537784559654
0.5183562516058265,1.1387455206833823
0.37919387572676094,1.5132125239387353
0.4592059375005087,1.4067501762667438
0.35331262951652664,1.5909708078103755
0.48921271774242325,1.1597029066043392
0.5396822800918933,1.3301258068608832
0.45503728329382637,1.3442737542840186
0.44122790843089715,1.3286748040648935
0.36499845285990745,1.4693993258102194
0.5389950541821024,1.3468653655388914
0.28877316649346635,1.595674550965497
0.28260447668144656,1.6546979630556709
0.714638783441531,0.9602235762944848
0.6194289159829797,1.2299512645242563
0.26526599980641596,1.6237097139539627
0.2914720933983463,1.6264716298293638
0.2706030522955248,1.5839343043759309
0.6244808962370877,1.231279503095168
0.281998555409468,1.7191732750181767
0.32190912027259344,1.6274830897466601
0.6145913433736964,1.233479202176256
0.36554243220511967,1.580347847843779
0.4962492696473169,1.4095832651756273
0.34134216738856343,1.6595026320296777
0.48008097374041914,1.36619184649198
0.34825656202262584,1.469372701035478
0.40799739264532264,1.5361422155118791
0.3196006726577697,1.585676382614753
0.29478083158594987,1.6483398789123744
0.45681073648901305,1.3864189343069813
0.2537694610150792,1.6468757605263076
0.6581261308288476,1.0710447289432767
0.23432933923587607,1.7560496387607667
0.3625794510529069,1.562817757941767
0.30026458375630527,1.5777343154957566
0.3805570939062952,1.596704680464292
0.3606633693184562,1.5382016343290008
0.6935057697352817,1.0458303658637138
0.23596873814093816,1.7302886718480335
0.38668550104858396,1.5761922258248804
0.2739762347961026,1.6665664072379585
0.34898962986408183,1.5739227390038937
0.39484482535934246,1.4756273826826904
0.4395346668349769,1.5192415644560051
0.4410542980278112,1.5458506875076943
0.6895384328209109,1.0055736960093464
0.5957352616157471,1.1725069742449108
0.4873404105612204,1.3319814831829593
0.2215256223620558,1.7603168025317253
0.5052926940213955,1.1363604756525092
0.5804686084132263,1.3249997495882024
0.6322412785403346,1.1420500061090004
0.45816312371580165,1.5264855377480882
0.4762223176602293,1.04806859036218
0.26286803610286547,1.7455765399089205
0.29565855679906133,1.5833394353932078
0.371754438638684,1.5763245964044663
0.32787207487549586,1.6714954694567814
0.6374193333295212,1.0539299673519842
0.5831331395763423,1.2643823969169405
0.7353189844232368,0.9660255598881613
0.6442488863288734,1.1892950471034964
0.5606851211377929,1.296610187309216
0.49405762109942186,1.441874501424084
0.26655727435531806,1.7086334523703344
0.32434807573164537,1.6580314583452354
0.3892686387234458,1.5911352346803906
0.5640105947164273,1.299721796541831
0.5355721432316827,1.4013655721915435
0.2569586491041961,1.7401420609905267
0.6625633425577627,1.1386469423972432
0.5146812844021248,1.3842092683414644
0.44997660214090807,1.493409956355252
0.6447277194735002,1.1787273738822843
0.3889306220085998,1.508639935786235
0.40691696269812516,1.411547043481872
0.673583065834399,1.0994072058129478
0.4905439769605132,1.3659278896053766
0.3157195043701092,1.5772187474050416
0.41212580440125807,1.546564254220757
0.32689812440332827,1.664294301551096
0.3002537941240369,1.6067717452247146
0.3890284894213067,1.56581412056022
0.3748753985219174,1.5942198624689246
0.36526595816091423,1.3759820827706597
0.763395733169616,0.8225924731611249
0.47832163859128723,1.3887812652422493
0.3570416192243226,1.5882189718605744
0.32306117137637913,1.5782590656455342
0.5159588730897319,1.3812400670841685
0.2724658618062549,1.6752257088076585
0.36221544503532316,1.5935254903334541
0.3528524467001075,1.6110153535795932
0.3563674131616874,1.5322209010486125
0.29589341253420315,1.699288995197846
0.316009560809244,1.5876477671679792
0.2807405979477085,1.6707327436657837
0.5034892573631548,1.4708150182655235
0.4146292337234159,1.5248842207667175
0.49505994153365046,1.421602904885626
0.296692892749879,1.652648095877348
0.4059438065524299,1.498642389519084
0.3310156006761256,1.6222554125525483
0.6175390040641788,1.1348066114324913
0.3573783098376823,1.5223631605619432
0.31034755971434597,1.5660815995748516
0.5452853792729828,0.9619532786077886
0.45157474281803817,1.442594626615247
0.6416355757031974,1.1098402300375207
0.733158561435613,0.9344133572727178
0.4513971456286064,1.4405894629240472
0.34842975323966463,1.6128879957242432
0.507034327382005,1.4064381656345835
0.3017349814772254,1.603523343960471
0.6190409308743979,1.2568997751072937
0.24199415485647657,1.7087699650928851
0.49313988030348194,1.23033298968787
0.4478638277997699,1.4412856421872209
0.25054465680315174,1.697058717709058
0.5920108911326593,1.2089734655003068
0.4603641607318211,1.4047994562362354
0.7297420123212467,0.9426361339677476
0.23361261974778066,1.729410678212141
0.46736022504772456,1.52799071180061
0.3286268784281916,1.614795996972824
0.5239288598276245,1.2991438076433934
0.47611170691859855,1.2935950672044028
0.508908747681099,1.3974153395641835
0.3407796528292222,1.6755201420801287
0.33238128700393715,1.6775056680444635
0.445482442354694,1.4624756700719161
0.49507058880854277,1.198613097446384
0.40229148964325584,1.5139238932544645
0.39908383588081486,1.5139689976172033
0.7442979489907605,0.8881339209255583
0.35041665447787007,1.567445347645425
0.6685147548982008,1.1293647961732864
0.40093208643772854,1.5767089274717372
0.4166660734465217,1.5440125202790318
0.4137046874329585,1.3615243586543262
0.3449113617377219,1.59241661454761
0.676211636143057,1.0925614366766427
0.5979337216157212,1.2604114936596635
0.7236025747739985,0.95314259630852
0.6666594314724428,1.1179282914788848
0.3815002424187523,1.4076242596917596
0.2814520753078026,1.6683092482784487
0.5667212994493778,1.3347445316067164
0.5242397597148616,1.203059790676835
0.5534948955230864,1.3271260839285783
0.3624582925441517,1.559123381817246
0.37182952798397695,1.4945397919562065
0.42100646537688624,1.5656654183499672
0.6100943517019894,1.2276944956633407
0.37506482772727384,1.5798708360141729
0.30240746549027314,1.6457307403387063
0.7541724649035879,0.9221175757383955
0.36497582838190396,1.6165806760284194
0.558955416009602,1.2411673253969666
0.3541406504783097,1.6311427239691851
0.562253116478882,1.352371362474333
0.21435254324263978,1.7726043962304494
0.5968731572119692,1.1988508098793094
0.3984377034112124,1.5267794338074263
0.3351631925703897,1.6233566072635663
0.606314331039506,1.2354389116389621
0.3735042394577973,1.5593028625399732
0.2907627227731685,1.5613143645150283
0.2330589044526593,1.7393432504580304
0.44864006827841546,1.424682016578486
0.3030121950903881,1.630504231575317
0.6299625346220227,1.1138086567216996
0.27358872907857085,1.6998750820738864
0.6795046038225243,1.1234762652193508
0.6837531829879521,1.1251493028600414
0.6071495775429362,1.2089439313950436
0.5830234949410456,1.1805783848875957
0.29657672286103526,1.6973180003352353
0.37095033308037034,1.5844392903417073
0.4383908767713859,1.4935230260066792
0.5779613917862544,1.2638300878676485
0.513190350267427,1.4244498090783422
0.5329962920127055,1.3421095545006745
0.32624049770240093,1.6416928484875482
0.5903198383077277,1.0777996097329954
0.27325650447824457,1.6660711528874526
0.41499286780473854,1.500267802855667
0.34941178684097807,1.6416770787170583
0.46448284372352194,1.4785864710050693
0.6207252034511397,1.2120642855762394
0.3343831490342265,1.5789462403436416
0.40271091206004145,1.5735282606866445
0.2766414233943177,1.7164069399775626
0.31817983561578933,1.609166035734719
0.6173290229320585,1.2173609261620015
0.5778355648224877,1.3089679092975441
0.31120142908626364,1.5879203247282188
0.41124926787661,1.5628836627528297
0.3759688676809901,1.4946872631148316
0.5510462143757743,1.3441688375482583
0.4512663141047564,1.3653343877207256
0.30878541938618786,1.6130658615204698
0.541211794272035,1.3105744015251009
0.38639066623711177,1.5886130651262578
0.6506765062911537,1.1395553461231624
0.43228938964567326,1.493268740658956
0.44594394196300047,1.4726937792977313
0.5273040997722278,1.4128122805226688
0.43992581674603576,1.5313065836992112
0.524238781241802,1.3366434333837236
0.4231862714200138,1.539187444979641
0.3867112732302157,1.5128502084946303
0.3442560312306125,1.6125651151583582
0.46830026345518116,1.2638666665937577
0.3934481974629598,1.447803104087495
0.41248061118191953,1.5235426149347642
0.5217286626318144,1.127466549680535
0.281356555107253,1.6597535239140995
0.490451905171124,1.2488180202176888
0.309039983341097,1.6568681438542194
0.4012412999494793,1.5773819925304584
0.408520902784612,1.2093851773581834
0.45972592094468473,1.4248412668221893
0.7795523859604095,0.8650107531112374
0.5790144425825432,1.2352964904246828
0.4922836991657226,1.415248335123837
0.542504720943074,1.2283844866637572
0.6136069257993509,1.0882374895167555
0.31437218164860103,1.5772927762254325
0.430263527831697,1.5213366477552557
0.24505519943969578,1.6966919872280597
0.5083984355868588,1.425182636444179
0.5614164149498069,1.2558897734870138
0.2727375626549976,1.6707840364384714
0.6059959019953688,1.2620272304155586
0.7721985081158462,0.8699181124405616
0.3651866356763462,1.5483417851587367
0.4437815402527428,1.3762718094129363
0.4192819790516833,1.2248297040480587
0.6699891387366134,1.077296138755625
0.6761036307816273,1.0929960644711934
0.4898595197676258,1.325791516689693
0.4951612365354967,1.1221334217313335
0.35719307086789603,1.5500434663796678
0.7722555651062325,0.8672320356757457
0.7048776240161057,0.9866929498447785
0.7688489925190933,0.8281772381097946
0.24301301135391298,1.6810581254045824
0.4068173125828721,1.5731883867295626
0.3022642520397072,1.609770122351791
0.270532719092086,1.675026334674093
0.3847360735755489,1.4436387437052005
0.3219344378171775,1.5934628484300437
0.26667179651183137,1.679909170836864
0.6830755818725966,1.0670872101034896
0.2781604308750619,1.6799443078996834
0.26337134980136173,1.6683111635328867
0.30426476384345247,1.6686994337814995
0.28196756756789154,1.6644029786732202
0.5119690471298259,1.4087390933381148
0.2888533322192047,1.6699346611897519
0.7481552121773011,0.935388998213875
0.6510476108362582,1.063970641746995
0.29623529955800165,1.687620825026971
0.31317829350055887,1.537705302639154
0.5791300517934178,1.3119540194002184
0.2903314586857206,1.6050404523082409
0.5440164806839268,1.3874788551377129
0.3047651855166948,1.6195159820165195
0.5641606565356356,1.3129421472587746
0.2928938940219519,1.6502554655526878
0.38660197948794794,1.5045749498462022
0.2630298306280624,1.6383840668557204
0.3817366247909809,1.3978366215866442
0.5099941804112762,1.4102843301219063
0.3311821438736135,1.6649506654573956
0.314756805335394,1.6191287312436566
0.5285564621420117,1.4066117852284057
0.2631921930932794,1.6445449745538978
0.575350709370529,1.2401388645908542
0.3829844256555448,1.518390201968816
0.5815031141511379,1.2233169678793059
0.6440025812248453,1.198284684402859
0.35645703538297324,1.581819698382551
0.46364984572767176,1.4396646566362488
0.216392557727725,1.758866997189989
0.4417560159761491,1.569746310785697
0.6479835845262288,1.0718908946115113
0.24119943579524633,1.6922862637471423
0.29962221641945924,1.61331014044575
0.6559918634803719,1.161707760470936
0.295393499102743,1.5927035342765419
0.3875497121604137,1.4665357526956975
0.6657042811877478,1.1197220710498925
0.5504888534131289,1.2825219602032036
0.6227664585619751,1.1243355677001738
0.5794439649158591,1.252932598349348
0.7149445307244419,1.014166821779452
0.3187000385854963,1.6850381510316863
0.3219509081460209,1.688384744801422
0.7550131378762409,0.8892119216533979
0.4864019140929242,1.1887113277830348
0.7314794387628025,0.8904997981517737
0.21157228418286675,1.752713880803654
0.2816523797674528,1.6656714411529367
0.3161440949791236,1.5445946614618458
0.7364425796280814,0.8698245489477651
0.5575160997340076,1.359490561543472
0.6891551506909634,1.0396149514533533
0.40175176001599167,1.3417469787159262
0.3530505123597195,1.5609060108767923
0.5739860716495613,1.1388392257535234
0.2638629291196951,1.675489136092509
0.26548421864812616,1.7248166090160795
0.415948247994256,1.3036806065398656
0.2780134663811767,1.705553837588864
0.27717090879786666,1.6512039614622
0.44241248385573395,1.5354228379232362
0.4277896318806247,1.472756850187719
0.5937401059543772,1.2165230893241952
0.6895771295806771,1.0186575617855596
0.43735742893946183,1.346703216500487
0.34264836564148915,1.5080512124207315
0.46623792978175715,1.4855167056387184
0.6500711827550624,1.0913843360309787
0.3354665534668862,1.663299541075508
0.7237425143123825,0.9259999776054024
0.25323703143208065,1.7552975150672645
0.2934641627398432,1.6491793077656702
0.5817423750998971,1.314759732415415
0.35672553880594005,1.5246176458148466
0.3702856547146426,1.6143255839961945
0.48851775907688066,1.3599175273041986
0.3356144346171484,1.6867949309613963
0.5585033411069745,1.3074380197664661
0.6001281910924385,1.219025370702425
0.23988201432127715,1.6967403270032921
0.4439462616524794,1.3317614204290598
0.45530569043082597,1.2775640817031282
0.43521238896751835,1.524294414142338
0.5061558348590295,1.3463370272674464
0.36289318676494875,1.5930917949595476
0.5265413190276608,1.272262409741571
0.3815906586915673,1.575644582051298
0.48284433167517593,1.420205138932714
0.6384643175105384,1.1798475404231363
0.6211360622840767,1.250505688051623
0.3237246640976997,1.6173019085432534
0.3095282826744757,1.4680334643210695
0.40801831816255796,1.5665885637244994
0.3665688349173888,1.5349342786711015
0.3024501885879979,1.6746839467630306
0.6468118624925938,1.0486083926933412
0.3974645343362553,1.4838084860181446
0.4954099729222139,1.2827385581477915
0.5815123292103005,1.3107092343008948
0.7843540257593743,0.7838060970627025
0.4059386091616002,1.5712037175043099
0.26660135198823737,1.597539127531532
0.28922501909709925,1.6422693303062066
0.6234401370244561,1.2043887464082885
0.27571201709807514,1.6977969864014442
0.7217618641096006,0.9782459217958588
0.6125480644875727,1.161727711296976
0.7060975497976801,1.0298462418594345
0.49465975018231406,1.4646863463083815
0.6857189235019268,1.049282975804579
0.7388314004001941,0.867560194962711
0.6348456858422488,1.0312343123451746
0.265563365450199,1.6996622656292808
0.696851909754029,1.0505342978768748
0.41373874313219106,1.5701985601357311
0.22094829964670318,1.7575215396482968
0.45847366232594533,1.3282220762526753
0.4116668634851593,1.5718308748027818
0.26939042146467235,1.6767661576296382
0.44335973090558045,1.5341541298919188
0.49319224753132623,1.3201388041910362
0.3519262645343131,1.651832678828282
0.41709610582696444,1.4601883222493925
0.6594738203943448,1.07654332271321
0.4136046640911406,1.4810513911596883
0.6181398137053206,1.1379203341335011
0.32599929494967583,1.5875532233998646
0.28549612187881923,1.6452612061887213
0.5746777273981738,1.1209109342348211
0.6560547226829004,1.0735183665083603
0.5362414924824056,1.2334964294803845
0.3903582860811529,1.4878132219758295
0.5628756247757492,1.2822742258588062
0.6147478378934291,1.2578314929762775
0.6972220180646844,1.0593393417377723
0.7418017579413052,0.9546805982429694
0.4263131406400342,1.5079116113867452
0.32589486158966047,1.6374071191023238
0.6079581077433566,1.2419696036215369
0.364380511931491,1.6044025351851898
0.6091182929799459,1.1575720772714666
0.480695660991271,1.361652924363293
0.36190042089188923,1.5958513160375019
0.4778007759309698,1.4677402417626366
0.6279887293094568,1.1936634558073962
0.5845072139326426,1.2096978318982878
0.2247069541103239,1.6717136425415662
0.29146083897853964,1.5588241352176775
0.7776271150086781,0.8263456227146699
0.48618430790938916,1.4454583909880507
0.6281761812897018,0.9749924233446485
0.4856945748851952,1.3660205623561132
0.5698872416518391,1.3507526688683542
0.4252494306753856,1.5424105835750044
0.38288228270138946,1.6240818498337242
0.3220069142530976,1.6102344427759916
0.34007916470181826,1.6168727379012717
0.43430146410092957,1.2838276820819206
0.31364380760791916,1.5771782453858392
0.47616651936850046,1.4161799653699456
0.26692928612445654,1.738990865244745
0.5714509821069383,1.2638898893432546
0.5433564194491294,1.3039517471751931
0.40228634873417946,1.552512002136257
0.4837588412880446,1.2592382049086923
0.6246357851560814,0.9400325864847526
0.46932638780525066,0.9535039188515937
0.3127008264370653,1.5890489323769548
0.544917262801588,1.328112622413387
0.29905719341311715,1.622563403657487
0.467203821132106,1.272362392443656
0.37531162568313764,1.6427709241701507
0.3309310736020373,1.5227362804979128
0.5743919744740461,1.03907033039592
0.3617990172787555,1.6124397869487506
0.43009518640657307,1.5165073482072875
0.3371263672099503,1.5503265211891624
0.6395654654115431,1.1946488801576913
0.4535305547912084,1.330214709231139
0.4548978216726326,1.3273726182143237
0.6738801236363952,1.0086114069882914
0.3852135693140639,1.4340436252059092
0.4222805141822939,1.453963148970329
0.2788156424768831,1.6890693457920667
0.43384181965532237,1.4728986448984482
0.2806466523627346,1.6542445289269665
0.36194260145101914,1.5964984760161736
0.3370544015751691,1.557903002160949
0.42300261037931874,1.511322053210273
0.7437046792931703,0.9367467005024295
0.44371894788250715,1.354548111098799
0.3999123011076863,1.3494263919390324
0.4658965781295944,1.435154938982949
0.29165591780393924,1.7006904022791476
0.31243082227130303,1.5863005839283628
0.6203943864716597,1.1158220985385474
0.4770471607446906,1.3091587009033976
0.29217431307679476,1.6627949114992528
0.43922054352088474,1.3065741426240285
0.3124759325356042,1.6395058058489447
0.26930785404727264,1.6475827813570696
0.3200237986865693,1.6595219186768349
0.485919922850374,1.4900048578581118
0.5834941022770067,1.2584116731740518
0.4457434510471916,1.517959810938485
0.4933227050156085,1.2250970657542406
0.37691789754730015,1.5851792105620808
0.3192860725523563,1.5900394008264034
0.5885224834134261,1.2456446323904684
0.6627298192317485,1.1394319320009627
0.3976085664477483,1.6385037922995083
0.3647961216010123,1.573576903921456
0.38577939584245374,1.5246526772577633
0.2605997445055828,1.7290230322526399
0.4669480882495571,1.3184822444660662
0.720920598191424,0.971373745911267
0.38298750837536477,1.5829081732298877
0.41498461494777955,1.5192348601455499
0.6246147172938727,1.1003440271988056
0.5407586096002744,1.3399428640589923
0.32674077244002564,1.7033979254345226
0.7925175652080375,0.8391708774360935
0.2827069658184451,1.5849612004441875
0.2569820835377665,1.724141328874215
0.625873701457681,1.1119154434559357
0.27308928630498003,1.6521988605187063
0.4376496421442217,1.4500388505922142
0.6257377017885903,1.1034558723797614
0.4142668279924945,1.5344645860435273
0.3957299549708804,1.3867054980989495
0.48594442093945095,1.3823695902760698
0.5034608448125527,1.1046818653106878
0.3300754849693461,1.6548870258448627
0.2355395095894523,1.734158754542706
0.36514749534945223,1.544891438691239
0.6181604173484487,1.0528617379584084
0.3762920092106788,1.613675899970763
0.40529951925512914,1.56085575010624
0.6235407457452821,1.1728713092220509
0.34694505077740834,1.6296500859781777
0.5924513577018553,0.9269173835617941
0.23117023180393917,1.7377905227664991
0.3647708870796199,1.4464591244981029
0.3282366667887745,1.5289461026882756
0.23883769502513416,1.710985402533295
0.34237237171459683,1.669174257863008
0.5560305520087799,1.2489081642922306
0.5878221506829446,1.2743057057512475
0.7024429948620896,1.0460502773603473
0.38446912705851455,1.4283197242023733
0.79305509730454,0.7826509196820786
0.2663693907871021,1.6125161602134392
0.3754298364114465,1.4850352232835609
0.3617025482287805,1.5940675187238185
0.5975352110826888,1.1938871431867917
0.38174470776527203,1.4751571790482436
0.3233682677700682,1.529600846627951
0.2421729277253531,1.7005502461151876
0.29499443963487143,1.6472438025295002
0.42295925963547326,1.5371114487370605
0.41800430357656415,1.4312822547737158
0.7845667057105771,0.8206046493286411
0.2810795282294318,1.633014516296632
0.6623548444888251,1.166921436157031
0.2667878947554419,1.652846076561719
0.7472801207431153,0.8305317973924459
0.789019010471605,0.8011780830396471
0.30471205879924074,1.559393722530051
0.20733975531996415,1.7694713027383084
0.43518264657012834,1.551060042915365
0.6349777075584767,0.9867617720990163
0.44620440374614284,1.496165030418056
0.39828740312930117,1.4632407549762463
0.6327275265030331,1.2340476405329064
0.5503173667572475,1.3478940367809404
0.36575671408323146,1.638983938597585
0.24870315604577642,1.6710057852856721
0.5315394617317312,1.3711960807573016
0.2925252766686419,1.6662679460772163
0.3381546890722794,1.6219007891040806
0.7049769394068779,1.0353308427093246
0.40606133606990497,1.5949252059299628
0.4780361951889579,1.3927497089176342
0.5023669416814047,1.3419981888139976
0.5096609827320393,1.33366856611879
0.3225051805833712,1.6304000203249767
0.660098628238723,1.121016983870382
0.4557174861923078,1.325233155361161
0.23765988255688028,1.6915462209851282
0.25142539517783885,1.6096187928270227
0.2578259948257141,1.6741153882323814
0.2634490404868095,1.6450026320281181
0.6689123979832737,1.1345461461193342
0.39608087321038116,1.5985316674373184
0.3121290781005521,1.6034151634259837
0.6090444036754168,1.0086664961888476
0.2599476981117186,1.6599978326917324
0.7623972686259652,0.9201062643852993
0.2892770093490087,1.6637569258419553
0.5023119108241639,1.4308539108347627
0.7301264146377026,0.9399070337333172
0.39225253009131766,1.5168601921095404
0.7032648500825196,1.0157886207711706
0.5147493119304855,1.387066716035449
0.2856938550855209,1.6460046237765749
0.38331715805821087,1.5877820361447579
0.3920901305588846,1.6176499036441565
0.29232304640809564,1.7070320968465293
0.5060081998358756,1.3404908566260914
0.2849505226804004,1.6823485259715987
0.3359287311706586,1.5851774294011265
0.3345630742010723,1.5717438833458437
0.5934621060370123,1.2844464691881994
0.4924698080234942,1.243881057707292
0.38997401551045446,1.5938572010229761
0.5907939037063799,1.3089602105533327
0.4562498484199392,1.5459786768483468
0.39485437453980976,1.4158513503460948
0.5334083582196422,1.3694526650950847
0.2886001053212222,1.658245111289092
0.5652553781697823,1.2074552624262622
0.30714605819645224,1.6156795291007742
0.5230630741520943,1.1244450099811325
0.6312243597670207,0.9960392443510354
0.6581730284045612,1.1578798470912621
0.7485858089363311,0.7909136974825126
0.31640455090553815,1.6018301044274406
0.4244835821071362,1.5206870976308524
0.42156376210776275,1.311697515852099
0.2661220124131677,1.6575158555622327
0.3728471490713052,1.5479522703793285
0.5697689622252797,1.1966520746277771
0.4511191062615525,1.4184789222081287
0.24413405225616913,1.691176768498888
0.47072864364018635,1.4068181256727996
0.5143599057894725,1.3417630203405937
0.2779577510944433,1.57064535979239
0.6975969842204648,1.0531176436407028
0.7894790943656204,0.7848068780877309
0.24944324462568312,1.7446032000648835
0.23499410614654603,1.706156742311232
0.24840792679043258,1.6591613439221145
0.5965396346411698,1.2699940685350244
0.27778996183062105,1.6605173396735973
0.7651322944230724,0.8254536822606143
0.32664644981472035,1.5473911404486718
0.7324409374671125,0.9356322805598194
0.49401475149752316,0.978156269423393
0.5930647060479471,1.1418772060459013
0.5608132671695224,1.2233460725401808
0.2853241066085007,1.657007482350227
0.5123607408246973,1.3148684635167807
0.36904621177546365,1.470287494107827
0.4082354376363221,1.570939838227388
0.617102259832866,1.0219274924475645
0.2692462505316904,1.6704411563731312
0.4309016894652725,1.495909759027032
0.659148940423805,1.0870525150465955
0.34666336287558663,1.6045122369830933
0.3827759243321474,1.5513186557271517
0.6378841081137016,1.0500529883312968
0.6040348062404303,1.1993641529955013
0.6272148029433563,1.1996915737198395
0.54940265663271,1.3573776932355965
0.6045293892638983,1.2544103513752154
0.5610315657710438,1.2740329039294964
0.7042022885984814,1.0241869019098933
0.7843398882876809,0.8533614662693317
0.7134378295282727,0.9308998335162579
0.33247403467649894,1.6072237633482702
0.43505340238356305,1.4913320219301975
0.6445244211995642,1.0949899840742956
0.34659869393157144,1.6139124384399486
0.35873415349631244,1.4879836276009781
0.41634658579087547,1.3532776542877607
0.3871181865367442,1.4945826422649593
0.5090285887823489,1.3588529812085324
0.5084959729501427,1.426334960704152
0.6405263527830009,1.03580044281596
0.5630933159481386,1.2806407011669472
0.7979132711789699,0.7955815920624897
0.25481714507453684,1.6988543859249041
0.35282979635259715,1.5750337828926677
0.3334990052970221,1.5078925316725345
0.4584222525856148,1.4647118781766362
0.7378405102359504,0.9634688720506939
0.4567279750912462,1.4702619372240022
0.6548903181459285,1.0973249417953999
0.7042612367503734,1.0029042970927498
0.4497284019454987,1.5290183313738321
0.35602349716763065,1.5273560073654278
0.41895642927697935,1.350835623005893
0.30763469228669327,1.6333531825320062
0.5870506237448525,1.2153466595955673
0.3276802729281096,1.5690650048186563
0.40562709276970377,1.4498617015167272
0.5109134440606456,1.4193206196354895
0.749015039636015,0.8612020972607051
0.34773207845883974,1.6182235308615347
0.6820176550495782,1.0680146930400036
0.27401677394078416,1.7010535289145214
0.5012734265827575,1.4429800611769499
0.35724894937402535,1.5323268672791988
0.3873928717653481,1.5854810506860977
0.2849501394102974,1.5840193007805783
0.42477502087213254,1.3657228071211407
0.3856967490145233,1.5147474725100407
0.3570978733283784,1.5969570736554062
0.6197485036853508,1.211202943530051
0.5956476737865087,1.132590986324302
0.3588311543230997,1.5513997936532653
0.25694871622439014,1.690769285376449
0.4039787935109812,1.5713804914838576
0.28649121829194785,1.5726981136964926
0.24853391261167815,1.6685309195217015
0.3107906075505941,1.5973252484771991
0.6313774514138817,1.2292026171217028
0.44177579403568346,1.421296103625253
0.6924251162652098,1.0242732557709608
0.3876949495311226,1.3670216814391916
0.4319859549011167,1.4984941806930063
0.37193077134049296,1.5523356884353463
0.617072417017889,1.233101457725916
0.46998268889799416,1.2218845195528547
0.2824996820614209,1.718173450879047
0.7582217735094462,0.8557533202657265
0.4242341725036638,1.4095005218177978
0.5902063169964876,1.3190478331095439
0.3669695071822881,1.4554539675090414
0.3954779501941471,1.4141940583307606
0.7501074012494233,0.9245840464989843
0.38415954328782287,1.327137916648837
0.30397129424009484,1.6134656642888574
0.3587111247179183,1.5465188026720065
0.3352649364792491,1.5972753807334288
0.3363818792268641,1.683997192009953
0.5054666729605282,1.3301297897942024
0.4751153972076521,1.2934928656172873
0.6152632638754619,1.2387830342676187
0.32910751595640375,1.5798767346147184
0.43208202212692554,1.475246429107939
0.6778343314318365,1.1295222374994576
0.5446362546114916,1.3371552632192287
0.7117509678358377,0.9632052294714673
0.2512729524601279,1.6828574667563718
0.6513294376741107,1.0967894732475167
0.42571500800855516,1.5443019890048575
0.6020079101693344,1.1680376601966187
0.42909758368434175,1.4510675649496279
0.5512222329903917,1.3099282053047443
0.3473852515616219,1.6271722505482709
0.5097451269638996,1.323590939182795
0.38338398762527337,1.397323176897977
0.5790071216443509,1.3073977474377647
0.29044400449809665,1.6136482690194418
0.29651322073895814,1.5861517404864296
0.3208639095520248,1.673360354359289
0.2814532702197512,1.6935649609451202
0.4085164011588911,1.5438065827950784
0.7475959956957144,0.9436257568172963
0.3859432135448577,1.2924313448342675
0.4057869391235979,1.5047448785622297
0.2196073367023926,1.743690986731984
0.3366879667266285,1.6172107167319276
0.29444715974502755,1.6098075519785293
0.48457140553143546,1.380579062822525
0.42836501615883193,1.3878595672073708
0.3036299289399985,1.689709026077426
0.30617756543318325,1.6854971328206512
0.24872968189843692,1.7271597331117967
0.2854013803496449,1.6733003542307356
0.287966335087146,1.6074249875722186
0.39433261906377315,1.4560248347672955
0.5543830807235053,1.349244254312924
0.32919712659924727,1.5580988804669866
0.3921944617425066,1.568753511256466
0.2895674104499594,1.573923989169265
0.4788907046913525,1.240305135159291
0.2668500237596277,1.7034496359177498
0.3533922695267082,1.6567764396259586
0.49916194882286585,1.456391157917742
0.3689309918493506,1.5210832549446553
0.7340705259193381,0.9715901742651133
0.38032471796754275,1.4755800911221946
0.3252363467576533,1.602844823116856
0.6041902851417872,1.1864214915070774
0.23717010963327473,1.6832477449326257
0.25291808838205654,1.6938996660313763
0.31098842039719915,1.5894121137980937
0.5727473770365225,1.05006995103031
0.4831680374290726,1.2256439372904309
0.21671635960140403,1.765780766040558
0.5615706246448464,1.3374247549816711
0.38036717199993136,1.5172946333833943
0.39969473299230035,1.3757142643315552
0.7942706665989825,0.7882196205021691
0.3835660327463761,1.4681340577628772
0.5326714306714174,1.3098447100917643
0.3578319358380852,1.5933605320361317
0.36749241020767065,1.6079300074053466
0.314449290702414,1.6223364203358095
0.6129206578758996,1.142943080686327
0.44916339428591967,1.4866272686896984
0.6432810033899151,0.9108012047253888
0.4205568853742251,1.5301089033958004
0.25130555729266213,1.6908623695408054
0.4292103308297271,1.4336348564178438
0.4171398902257072,1.2822725165611772
0.5144439435789707,1.4550579232485505
0.36569024123444777,1.4753226034357327
0.26522317108873256,1.7526465058881744
0.48149232922024654,1.4639140323385726
0.6410559809148323,1.180021558798716
0.4984328442943572,1.4363767722283605
0.5922844745219047,1.2131840043673785
0.5034442746499648,1.369685224843388
0.7487857645725131,0.9385161021243558
0.24558966327164272,1.6879092143968228
0.5010939471693096,1.3001915622046942
0.29806836469296455,1.6834382064974487
0.23741270781658785,1.7526938464281083
0.2643399405046399,1.6846218122988288
0.38168290186713705,1.5585260429529229
0.751379390758709,0.902235208327653
0.2987149869408553,1.6775650034922727
0.4004572492181665,1.5272402334112685
0.3308437226979238,1.561597796506351
0.524262130664949,1.4081422973996962
0.6203355924548958,1.090178597510981
0.3882611772701517,1.5852459930207223
0.6020559298838001,1.2090546195251113
0.6024249797076806,1.0675636784030749
0.4558075637813037,1.509782777386224
0.28023691314838245,1.6870741070703117
0.5815925745130572,1.31892714145893
0.2904147729484798,1.5565388522464674
0.4072287796102394,1.5333479011248352
0.4810846058194305,1.2629036616812366
0.3346926702261433,1.565720453934981
0.4558318478973955,1.4935143577934613
0.3438223386313546,1.542691263774661
0.4750753543824343,1.4334010161964246
0.35651891608196873,1.629882133960591
0.5918918522156182,1.1841002343101592
0.4610992838598951,1.533420560147933
0.813963575633419,0.7506902720444559
0.33233555970029166,1.67589579502603
0.24802842462357194,1.717399920363468
0.21315644011518237,1.771293202995288
0.5482242036651757,1.0276063180130792
0.531858178125396,1.3333137325742577
0.5172818761744599,1.3246408941856982
0.3787071801391192,1.4087181766537038
0.39360722028960426,1.5579296865944177
0.36353613979738686,1.4948899812120642
0.3281631098047841,1.5636802960849874
0.48395286888363315,1.44909373569582
0.4855749977836615,1.3076690053027182
0.5984964770021212,1.2550827170920944
0.3921345241515214,1.5134077330473303
0.5458037341617455,1.3104824714291397
0.3831896874667976,1.5757665562046022
0.2773294399192719,1.65647806862246
0.344928030241621,1.52357708015617
0.27433305929241275,1.6318110846879128
0.23810331208869623,1.7179074729080708
0.6913551313549864,1.0417276895068706
0.2303913987333658,1.7363655377476723
0.4071844640465192,1.5573271323328763
0.5089398190930566,1.4437939528338637
0.3035715813160559,1.5889673508434492
0.5747247165629186,1.2313733935787015
0.34608268611542625,1.6507761828602328
0.47138791641962774,1.0540127658099472
0.3732140904787809,1.5876304235143865
0.3020578512208039,1.6816397655480821
0.315309779243567,1.5925072149585562
0.3772594010568647,1.6056858752480039
0.36001734436299765,1.6421749886752388
0.31422467045486163,1.6474519704918762
0.4535973562561307,1.1202279024141764
0.6647430786365279,1.1414429068164937
0.4244189808673965,1.4270476791046716
0.40669176787556516,1.5154093090397762
0.4729423665101006,1.4634244102643807
0.4418272677654662,1.550758356347817
0.3492150252279937,1.5408045306321052
0.6411797408936394,1.186630029201955
0.26063921095411535,1.689612080814482
0.5031731425656912,1.3773111721696742
0.7118271433698246,0.9989040686456789
0.24647325077528565,1.7275721719913006
0.45009178480022677,1.5377777067182472
0.26249856411499684,1.6675448854142074
0.7130321618718058,1.0353029859358822
0.5835818613807925,1.2597098815714842
0.7834622838956782,0.8341325229225606
0.28240546551553053,1.6129509097607855
0.3672700065146706,1.5869162824603094
0.6042011270019063,1.238092881293375
0.34675017476892656,1.5343957634257155
0.6132858299718549,0.9912776353785258
0.25593947324598354,1.679722856137157
0.39864100814847653,1.4146429331821435
0.30951652279661324,1.6750906692654415
0.37822646717339875,1.5705367384719888
0.7905362615200603,0.7428534232866062
0.5380199874452685,1.295635288348602
0.4712154978089565,1.40848133197955
0.3423904472939047,1.5778188010741254
0.42938813504337825,1.5177055249558804
0.24592564203852124,1.6666917831366308
0.5002912257540408,1.2036892388240472
0.6427338966702997,1.169920292649669
0.34335864216767825,1.6562339081630946
0.3463520134867455,1.5338686763392486
0.2461513140609808,1.7601874439985465
0.34422467342456897,1.5245715247212588
0.4568898100289115,1.469691463425423
0.2527786442033685,1.6782913491179399
0.33736643454222554,1.5503160422212685
0.36976034117475803,1.637548721018468
0.2783221728390762,1.684123353071167
0.2554808978361243,1.6528250318593187
0.7821091068841729,0.8389659885008767
0.32963905563545676,1.6053090968006856
0.6858499490713438,1.019940317633052
0.5412123440463154,1.3354768528185283
0.43271804187918184,1.53921655575907
0.4053406601118679,1.4788104750681592
0.6668316644615807,1.092657319263755
0.25824017671880056,1.6814796994913792
0.6071917158259852,1.2690877783707397
0.31280676455561707,1.6238491093225806
0.7394419920536023,0.9546813525623462
0.3666698209715171,1.5422602820151405
0.7972719800039852,0.7791170023402132
0.42092971744326263,1.559152761905741
0.41748047931070126,1.272526561969744
0.34693865590349987,1.6454023025994506
0.6582871103739604,1.1585861281034273
0.6186181893530895,1.1364994495916125
0.23615205447322554,1.7216106984181354
0.2780970062251476,1.670017509968787
0.410123469353203,1.4880706899005791
0.4452087926634275,1.5552528993064154
0.462509416016617,1.1279723382393239
0.28130131920152185,1.6629180221051443
0.32149909241167046,1.641367410002031
0.38138674080953405,1.4952788796083443
0.2889592963923544,1.6196007762591227
0.3407779461631984,1.649291835295674
0.7314232205624024,0.9761009750014942
0.3558130838586446,1.5984441071502746
0.5143699493642248,1.0933092234141184
0.3523806212390226,1.541067520852506
0.25813057121855176,1.6920554866953856
0.22217111906006354,1.7257361132169242
0.6561289745180379,0.9726268274520757
0.5925375131966538,1.2227399852805405
0.2952926198232805,1.6012700496970969
0.4539148376340645,1.404483968839046
0.4074898172345156,1.5931498321191804
0.42943972709920664,1.5410513863569761
0.3682936016060248,1.5867660854949104
0.3293073508456108,1.5897626727669874
0.23595945282919703,1.6283458032898026
0.26964706906681146,1.6775352036721447
0.5964900590567044,1.214443562572569
0.614444337794384,1.1013691870075482
0.24216212280239968,1.7445248834315092
0.2467744480989057,1.7226156248746824
0.5565425002830566,1.3442857078107364
0.6977729893540113,0.9959574239352196
0.3119165821713671,1.6254197287058512
0.4988341116543563,1.0356504016359005
0.3797424456145974,1.4513447465078668
0.34958911269573845,1.5698046642474788
0.30189736050267985,1.682134350337814
0.2937681545525616,1.630411805312559
0.3076892468563037,1.4097218830023743
0.33245695394919805,1.5831717979868594
0.36945016477781567,1.5371127491415613
0.29017725018457513,1.658017427516377
0.47957023316485703,1.3832219416638671
0.36373534851572514,1.6089856385618497
0.3335981443215818,1.6669782170518257
0.24611396061325097,1.7408707226634892
0.6025693271274268,1.0956181645464866
0.6936953130260619,0.9353444235074468
0.43646335845109335,1.5430385825972313
0.40845101339090195,1.5765373603198607
0.6148484755442633,1.1435019246336415
0.3582889287709412,1.4562942664518983
0.6706640296231553,1.0090101605786992
0.42125838384317665,1.3779799782018443
0.3589387665593306,1.5231615798733742
0.2774057493259284,1.6333052784097142
0.33363926106032726,1.5467669668794728
0.5785291901649563,1.1309884341666532
0.4233311475810027,1.3467605548858599
0.3876617145987403,1.552241570235857
0.3874157562695545,1.3866000056788053
0.30308090459340653,1.6494452120677352
0.29407099234238143,1.6135106776431711
0.62995897139384,1.2213917009178232
0.789230193869633,0.8000387998573234
0.31079498814720247,1.6423181727135672
0.44005172413922883,1.4248619364314523
0.2418804912192173,1.716332702861275
0.2895356001569722,1.709091750462957
0.42894562959532123,1.4169409311069694
0.31054265413072374,1.5538836572362609
0.6063589477825565,1.1495180606988682
0.6708798709793755,1.0773513199800293
0.37721204931827884,1.5582235623203362
0.44368440621531385,1.5578695438490153
0.711902543266503,0.9961639091662845
0.38067388488915344,1.5349753855432329
0.6260225597344149,1.238862467697759
0.2507028342309516,1.6972296568572192
0.4376039988866619,1.53943660798819
0.39800005818087963,1.5591902235951376
0.2507346349478574,1.6921152209062582
0.4058987730751378,1.4947640734081657
0.5892982007316527,1.2333908061604666
0.7435638691516674,0.9329234729168089
0.5516462667750972,1.3248551977622736
0.2375377881209834,1.708315517768455
0.6354295093981277,1.2137084472481694
0.4432634769587505,1.5472436512893348
0.8341201011991979,0.7009430636802869
0.3657335926246337,1.4929142592249443
0.30350854781480446,1.5845730639227853
0.29066223543455233,1.6391548210002007
0.22222820477783378,1.73730620542325
0.561824777136201,1.28547448215271
0.6080562435203274,1.1715576801429874
0.35454146142413057,1.6238158431973606
0.2576039795190548,1.6579483027684487
0.32885101250219656,1.5279217712557809
0.25474172986071136,1.6608712626099442
0.4944867136863535,1.25504480261899
0.25150293928812556,1.7394217337297293
0.31437151878609343,1.6474303257636134
0.5904381952031383,1.2979558369242894
0.3962396254095418,1.430074260538017
0.4135618696020106,1.2822020298740675
0.5609896871872417,1.271256465872579
0.35862410061916733,1.2191823289832873
0.6196409029995764,1.2198569108113801
0.38714337394649484,1.6154791052789315
0.5949780049465102,1.2430593324295978
0.3118697831040334,1.5575346665899983
0.5080341700817177,1.3515350322517026
0.34763725111739224,1.5114567627605977
0.35386711192337966,1.4974540514936068
0.6657883440690546,1.123200100901305
0.22748471450722288,1.7127275665099906
0.5298233336845353,1.1441793685937205
0.42147366264143554,1.535563422407059
0.34502111076213077,1.656662516801868
0.31254124090354674,1.6350045063004057
0.27209237692361454,1.7145911478794116
0.40473436398619245,1.2761191626242525
0.345176812685808,1.5752036377638212
0.3111446249721087,1.6191541039026687
0.3159474987725802,1.5747637286437994
0.7170072155515927,0.955435245247309
0.4943266128361636,1.4010654217854912
0.3840232769522015,1.60337112156731
0.484868612035032,1.3522998138270659
0.2536788996777965,1.6348442313612495
0.36812377523151607,1.4770569172732284
0.6475436887006085,1.179086412084532
0.7773718855520237,0.8418665303790585
0.3366150717563529,1.5613948457017672
0.24591039620677876,1.6651402550501042
0.787191517351245,0.8121590580848155
0.5568088908002705,1.3486233013513589
0.6740472438317532,1.0565506264234832
0.328911418411949,1.627251181535497
0.2963134759921354,1.6140345138214671
0.3084864174669538,1.7077580222021864
0.4511015512028656,1.501323320308001
0.5504490977324783,1.255778053542598
0.36909873457437314,1.5423017899794855
0.5865585946258589,1.3019441688522269
0.421392236167944,1.5519459256395611
0.6880463892842354,1.0982815470743794
0.603146626477977,1.044934918506629
0.32438011427246605,1.6009712074958564
0.2912385313879979,1.545644707382836
0.2196607466187261,1.7498016441434154
0.6813686288144012,1.1051050042329749
0.3374793746847932,1.4338339780933382
0.7925432801446384,0.767302558293221
0.5038840832372364,1.438028437827172
0.5577711141610318,1.3729079668038446
0.24620124062424878,1.7191041273077292
0.26683409521196727,1.6544485963791806
0.44605299403418136,1.5075523289738109
0.3145043281162154,1.6621409679732826
0.31144972396251797,1.609094147896077
0.3704492149376433,1.6477718902363816
0.42772608979086923,1.513144986760005
0.33325381574526036,1.5910500038847522
0.3622941231709764,1.6278497677882446
0.6591446484255467,1.0798269170050108
0.35784988657658934,1.589632739039732
0.6149451167467119,1.1960659221753935
0.3317869048394307,1.627112210426681
0.49725030722498353,1.4399828374633927
0.31853696335789594,1.5631498851276446
0.2580823134414578,1.7254856082767673
0.24793693382351506,1.7301570415535201
0.44123106882734964,1.4742209370122958
0.4868973641092942,1.3709860729785366
0.31958924944642125,1.6711038720079325
0.3720762737271709,1.566240171186603
0.28116618229301804,1.6393577075573476
0.3941496821513736,1.5008724604504708
0.3449817674164015,1.6587024552161302
0.30349335523893084,1.66605781468849
0.7312271988116085,0.9399889801456088
0.5010927475737069,1.2952168618028463
0.36510890476677116,1.597331036395912
0.6161507561007571,1.218668249017484
0.3457099784803461,1.502546179068844
0.7846372993008269,0.8006960688953171
0.5396018944008205,1.3424179093132316
0.36062822643833353,1.6008461381351384
0.49382282128873584,1.4136847706832845
0.4590059114420657,1.4633195963750079
0.2846152701159041,1.6464129032762278
0.5347555876602185,1.3664692757871522
0.4981513296258313,1.4730865756461855
0.6225042210715982,0.9957930116632189
0.6981928429117313,1.0238584129090205
0.25009658401116686,1.6584695414141464
0.623242026976425,1.2091710475301995
0.2611743965984438,1.710369608450781
0.41966942995423945,1.3692034993744433
0.7439880701160275,0.9229377327723887
0.7652624381808882,0.8875323809960446
0.4773358699266894,1.253299737758821
0.3168021691795982,1.6297980847773172
0.7354356514817493,0.8805430257963035
0.31947409629292445,1.7001978953732997
0.35956411084989337,1.5957078903632393
0.5500143908557373,1.337815781022187
0.5796654745279863,1.2569332887490563
0.6207346073855797,1.1075508826128941
0.5425736456817604,1.3839314941818601
0.32674902909741804,1.6465683684174672
0.41453583295028623,1.2576177362140757
0.6308827998602194,1.1731212870950525
0.5185690674212973,1.400187546929395
0.2967004375823275,1.5532416755733272
0.7449190481617511,0.8760898212911248
0.23598338241409417,1.7175851306319425
0.5337751534609657,1.1095709740900606
0.4431062146140448,1.48407182951783
0.7926718586104547,0.7733297963890039
0.4498163432596844,1.3876806486137077
0.505131342932986,1.2587828813524427
0.5357102867376822,1.2851008599939593
0.2479948738820538,1.7144933756172223
0.6265422868884636,1.1663670519431784
0.5282150127967749,1.3671853284992719
0.2846118911676013,1.681516348096028
0.570828830970535,1.2383022895830464
0.311674865445413,1.6828274990610765
0.4368701519572516,1.530199719645145
0.48327468289836434,1.0348360039229672
0.5015104843459065,1.4301821169443552
0.3346292979231841,1.649917993386115
0.2882083175965657,1.5999400195017301
0.7756191613065756,0.8048650566107161
0.25326121222085196,1.6822764982575085
0.23483176263470482,1.7306600448859635
0.25433925169992855,1.6573816283006333
0.3346967794497571,1.6101469662216998
0.26831206551219555,1.6635409165259865
0.40466526037373185,1.5946619961421742
0.36659270928554116,1.5379177901587968
0.5474879297408125,1.2026832271353523
0.3735836619976845,1.5376614581970733
0.571579488316796,1.327324864524402
0.731728343524462,0.8796552032090732
0.3153562878986149,1.6759642899294083
0.5291303725954496,1.4152445467093457
0.31966231215435675,1.6058595491691705
0.49244601209436584,1.2043390532160527
0.3924517199770656,1.2622564021788674
0.46188606198689625,1.547890140357954
0.23934293805035967,1.7073078188695525
0.36671288721948936,1.592345817020449
0.2499610085838103,1.627082869770135
0.26703544901916215,1.6784777919827925
0.6393655488437451,1.1930768604986155
0.34903339089751223,1.6426794356209582
0.4135499764496273,1.3469237371324896
0.2464722469511378,1.708194176940018
0.2987305915877409,1.5812503546618413
0.42739265206800287,1.4773456722865614
0.40284727347629545,1.55956601524708
0.7686947244206196,0.8871202281516201
0.6004128875966063,1.1570061572020391
0.4419077684624526,1.4596539803823407
0.3309626837807501,1.3858666880833541
0.23568188482979668,1.7011589283974458
0.70241637046045,1.0172945675365008
0.42111245513886,1.4133249960858367
0.3838454414365168,1.5500287057927697
0.33774251419760276,1.6386768878999107
0.3683917778428466,1.594169643078703
0.4904225273097106,1.3971059001021873
0.4358523717113771,1.435397756514739
0.2644434845579542,1.6472658223321446
0.32342857430197797,1.611436329591694
0.44678974840191127,1.5569030839020488
0.5153336347768981,1.053319801497776
0.6716232008813239,1.0597827173419452
0.2911038595514437,1.6933070551320166
0.32324997785552334,1.6208805793259058
0.4705803101502823,1.4791315770682738
0.4304442923349913,1.5307432848989329
0.6146936547776376,1.220678808735284
0.42168625942789245,1.4402203839537608
0.5556639694682672,1.2520405945293729
0.43818006050110275,1.261839376709577
0.5585717070571992,1.1588648003184376
0.6503857731367436,1.152160458565071
0.8348237738784606,0.6551006981821629
0.33271590862805794,1.6392030905735862
0.8110831536709903,0.7780841559020332
0.2250565191008326,1.734515389721413
0.6552315073953668,0.9521845991085736
0.3152026443426693,1.602971665033304
0.3266520994546197,1.5542040179565624
0.6468121716696436,1.0504467383770508
0.6150124801497616,1.250260044008527
0.4154441188009083,1.244601672693361
0.24566679821691825,1.6965933107677351
0.27473265854094936,1.703341951310397
0.3898796916782787,1.59487066578453
0.49553532165577324,1.122278416085871
0.31606365598227765,1.5762369080122756
0.7346667258907676,0.9904576364100435
0.7414469498950871,0.9488865101642021
0.25115509847391837,1.6911432221278289
0.2182699464848908,1.7646848909862145
0.37767723731911385,1.5412795033834903
0.5077620903541127,1.2242150532636598
0.362431168579871,1.5876127690269857
0.26489055905965114,1.734086664380094
0.6542681406766454,1.146619144179053
0.5501752183702106,1.2895036301226837
0.5366980086947315,1.3620108554243469
0.23463583217357478,1.7057362548356387
0.3867851495238866,1.5371780225919383
0.41103791537482176,1.4469627702665129
0.6034732896090671,1.1198620314740046
0.3145099765874058,1.6400890448016006
0.41887682874582555,1.4375456670749132
0.5104492915603901,1.3157650623599353
0.41959179534227187,1.5115049796819966
0.7407346827852221,0.9005753605686313
0.3855901625733195,1.5726706705883107
0.4805621501822179,1.4444986829805364
0.3771282118852897,1.5568084420586632
0.370723575902763,1.572264218901791
0.6522167037490748,1.1758595004188266
0.4740758992888202,1.3002766146784819
0.5103162317753919,1.3942763650830217
0.3351587739216833,1.629053097090148
0.6470986896128588,1.1089287905257
0.48425705787583057,1.2204598885157631
0.34501155691839624,1.6192405516471617
0.3239228778491697,1.5322012867596082
0.532214434306014,1.3681504374556432
0.6628198539931746,1.0998708485182238
0.28064134134589536,1.684155900321905
0.7067535426431781,1.0549390186817418
0.31361117084795237,1.6493869006537571
0.354840075057683,1.5586955161243172
0.49094434843695617,0.9941949940485431
0.6144734338940293,1.1846627946257324
0.25278169678849843,1.6360971165084313
0.29074389206529233,1.6501146061155219
0.3741687697107866,1.5864532426925855
0.26487556054497274,1.6204019957563143
0.42868485747097085,1.4887004330590887
0.3570945856090348,1.6131093674062122
0.2666751335339573,1.6660028885803022
0.26006217465974396,1.6817865222157442
0.2671622501191364,1.6137244827597936
0.5529086763872081,1.3722802197540491
0.41615633316408734,1.5525758005537622
0.378298228978059,1.513342545279047
0.5117969764031095,1.2121201227690621
0.3851845530558401,1.5081258968013795
0.37528500034153695,1.5886510321341754
0.4229350671120237,1.5664311954004064
0.3877328033281238,1.5630091328833668
0.27995518958551574,1.670413732242204
0.562312840042019,1.1527727461564914
0.401020058228465,1.4749736124577875
0.28734586933049844,1.6389689440692297
0.3754373889270714,1.5159091748652636
0.4281122965579404,1.5284869369617438
0.45518242965691896,1.4770122699547532
0.750516422904485,0.844470995664462
0.31349651203389245,1.6754427568970827
0.770078781900715,0.8778343091155607
0.3422984522351978,1.6725137293540027
0.631936632374471,1.0643125269473332
0.5846278710823622,1.0786458834828574
0.5001271924417303,1.4611631875747375
0.46048932395846487,1.2823733812305065
0.46224687307651047,1.4219919278136024
0.5025674290638413,1.4657743700636678
0.7557256638075115,0.8629875349851117
0.34433238181292647,1.6351589225347678
0.5812242411860611,1.3074537027043633
0.301151980711903,1.6296580947085093
0.5621786319986792,1.360859882276458
0.7201069570257719,0.9660707853110134
0.3407976157824264,1.6211550205354812
0.5158353205752004,1.4321744964275023
0.5932230886406761,1.1373079076196349
0.3261044862736525,1.6828770778081947
0.3261417504235799,1.6144387508639135
0.704824954401505,1.02582070807703
0.40366581043999544,1.2151478002665326
0.3350533799704712,1.5910946020522092
0.6610171190024425,1.0696585336953202
0.7132507361660394,0.9055704103892763
0.2685701535799699,1.5722299966781335
0.5965714055638789,1.198448980734736
0.5891433133203251,1.20367575258722
0.3052171141666492,1.582519179419575
0.3281757529264328,1.574547660639308
0.6780705490450493,1.040931289475889
0.42750039937131806,1.2928184198796142
0.5980079149293263,1.2464944958225042
0.7209428775773716,0.9531848749826617
0.5189161276688249,1.3949741788922154
0.2926109342735824,1.6429269887374163
0.3709419551202607,1.602582046784467
0.4378488648149491,1.4699300119844745
0.2651744519345116,1.6770267054008507
0.704365709445212,0.9642099365142588
0.5997492378963581,1.2152545040307619
0.6403935150248541,1.2028732691697808
0.45226976495964966,1.433625817592278
0.6164278812535602,1.0396633692503574
0.5207348939823437,1.1333159502125805
0.24402598282289287,1.7328713607943609
0.6481756319223843,1.006884278555657
0.4888072846477262,1.3409044317590473
0.45385164400785066,1.4504257616248695
0.5342207676880647,1.2724234610553313
0.43596726198906316,1.5461684018140833
0.2811583316212861,1.6247222182849756
0.3605152652724406,1.5827260691853582
0.5369156658009832,1.3429561368555412
0.502830917524234,1.3307733701562774
0.3096796130252031,1.602075563010867
0.22820030371807382,1.7336288075960982
0.5148609295275108,1.387695891632046
0.38787203645724044,1.6144542960625197
0.441053955283445,1.3751523837730444
0.3700614429252519,1.5975716569674727
0.590537574199505,1.0549491809694587
0.5495916980469253,1.3983091758699844
0.6581782703008596,1.145472777657309
0.2129822231949923,1.734562213826453
0.34535173177487505,1.5314293570843591
0.47994469696578335,1.4001601979803207
0.5955500122408501,1.1856644408040917
0.44434496044618843,1.1606977346330445
0.5103045788983118,1.1626020274605136
0.5964737095180466,1.308571972020025
0.40548372551626155,1.5699750548426827
0.29662070032187565,1.5430046103835626
0.3949475048664332,1.5049487197304376
0.43733900399923065,1.2991084622689095
0.48741336561361015,1.4341110323647839
0.5432290078106545,1.3460512172711876
0.49891473849469675,1.4509028209496198
0.5006754570268793,1.3216547730345085
0.6838161276976485,1.0197176894298874
0.5818321641720098,1.3291595728348484
0.28077433822198294,1.6039144506977205
0.3886981913851263,1.5165215162072865
0.5157826239971459,1.0748781714662354
0.6915663944833841,1.0838130594127846
0.43753631662537107,1.4038050050297184
0.2925592447691555,1.5986103720736502
0.5975364055190131,1.0946084051857032
0.5804301005939284,1.2693500438497733
0.24497215482064583,1.7367835853871376
0.2914259230868411,1.6425954861555707
0.6767245821060276,0.9446756015190119
0.5969180910352064,1.2286046087547065
0.3638473620217426,1.5841574192549046
0.48155645247216206,1.2929206718071273
0.36740464405196066,1.536772915099162
0.2692950641772125,1.664423745805941
0.2147018240090997,1.738055078633462
0.6078269376817418,1.2277149187509875
0.5067015031876934,1.4051810370519129
0.4269111294231654,1.528450412116624
0.4335118353201832,1.3548666777135363
0.6062623500166093,1.259237128903754
0.34955464498906474,1.5667255923067944
0.6483155026873914,1.193317333045923
0.46014783867994746,1.4856476685804603
0.4151712353067637,1.5259240152851175
0.32647010726689935,1.552452889828664
0.2785857617501162,1.6557995636555034
0.41509352580068026,1.57001292915111
0.2783603562697259,1.7092486313414588
0.45322535500850636,1.3776335934141803
0.2405861296857067,1.7261919996794939
0.35951229111279986,1.571364610872665
0.5613408281663609,1.3190305198244507
0.411156483329053,1.5212881713627575
0.5736827694021702,1.0579531540203813
0.34896593434362794,1.5916380199239333
0.3496246998596144,1.5976560626681855
0.35295769495925466,1.498615016639583
0.7393909351687964,0.8664672513601452
0.3978236466615372,1.5518821455944378
0.5860273217796669,1.3329206601493135
0.34344314230681916,1.5804795260391944
0.3380283057018727,1.5920605487215456
0.35543799991774294,1.5733680419254295
0.45111204517232684,1.4841150606648021
0.2940361199704703,1.6170203967193033
0.2733935798936388,1.6562107315326577
0.2686539993560046,1.668699171804531
0.7518077970158742,0.90985479196858
0.4876505410310558,1.4266616443497677
0.35224141048157476,1.664415296471042
0.3762341494498915,1.520223088718209
0.39229022922509954,1.5851076275232796
0.30469230767890926,1.5300737627856809
0.5186533180978234,1.3058841040763631
0.5640842023843868,1.3528088171580845
0.38541830796529103,1.5278530166202167
0.6749475653569492,0.9680840789947147
0.2623775145870174,1.6379087355113726
0.4583905709083266,1.4307596986892457
0.4114888698719114,1.5401438783975814
0.28792471139391657,1.643236123587151
0.3617876257075544,1.5062685931997641
0.28743307014554176,1.6805794621239718
0.4535044213158548,1.313774238192412
0.3969217422665033,1.5979198682247122
0.4148416064197913,1.5607126194614809
0.6466287949945093,1.1723007117642725
0.39661440879556864,1.5605138113701518
0.2830719164404597,1.658024006467675
0.2839524118601393,1.6067218244885606
0.3968260126500268,1.4864739510465477
0.44858762096272964,1.319326319378019
0.34513493114434024,1.6007964060307762
0.5507880369353707,1.3430758725471879
0.44528192888935497,1.4793566030246956
0.4263024795902393,1.4524702922171255
0.3239237589670078,1.5431843954075013
0.7407015539801824,0.9533680169623913
0.7189430986340231,0.9703303213800414
0.703513382837792,1.0410347469252093
0.4802591907580858,1.3178749734963504
0.6093665436611463,1.2550933598735212
0.24220148269063177,1.7315398658959769
0.35032428432558277,1.5623645257303196
0.46297176636057813,1.5224653718578265
0.25452548934372715,1.727451905484687
0.7698688092043456,0.8612445413313077
0.34998551683564305,1.6067002632704925
0.4526445842857564,1.516114257697998
0.3257824689648925,1.5760408148762353
0.4103061199517025,1.547616152777076
0.413618127180389,1.2644205389952508
0.39856687147946257,1.525714761301432
0.40594823872684566,1.348008525379567
0.307006249233799,1.6034917243153077
0.3056673642183505,1.6556574796137944
0.4923231847525632,1.353264078846637
0.3258058170617503,1.6407598398551193
0.3662043516805542,1.5494039515975706
0.3075269465538173,1.5198904024499824
0.6615307950281724,1.1178359810824787
0.5637832133763166,1.348267828436628
0.2721200687311605,1.7192936097056022
0.6435938751741839,1.1238684591075994
0.30218716557394293,1.6565248480417523
0.39179916112588853,1.608763990654545
0.4630578291984554,1.4829794877618407
0.5650719216607225,1.3327021304162652
0.32889116383425887,1.5212849231996752
0.5942004368496748,1.1826175211698182
0.43362467857239584,1.4979042214925085
0.4154389287844916,1.3934802140338336
0.5558357608734751,0.9447752986468346
0.5812522297300279,1.2721105226851095
0.26600292506226547,1.669251737367823
0.2934215219063443,1.6264647561710186
0.3710182792224359,1.4742341703942101
0.5910322443997179,1.2916589987201899
0.6848596930963775,1.1058603889798064
0.6655120646478245,1.1496484684707566
0.6434924933150663,0.9713550693503546
0.4121781509602144,1.2801482835207219
0.2747046431068239,1.6961014467552697
0.6998386790910247,1.0402132703657303
0.3920469378569005,1.4054142719191496
0.3195812962589745,1.6199975550329828
0.3637323191453631,1.5789132403043287
0.5811852832880384,1.218186890656749
0.4843624453766485,1.2918047166988202
0.5030125222216508,1.3760567690201626
0.5373879001222008,1.357462195758919
0.4825687103944725,1.4396102843483032
0.49505357772554864,1.4847503745283703
0.36501506235592096,1.4686395829540422
0.392523322476587,1.6019781583116395
0.39479863501539,1.58873073542439
0.44955837949752414,1.4936831006872513
0.370252499232302,1.4662610090153454
0.7354925400157606,0.9623048150821996
0.6313944583865259,1.1862212200284692
0.4503993901220536,1.485232317330414
0.32929372360303794,1.569177423978973
0.41011671610027467,1.564598995621347
0.5267486085585039,1.288426613380421
0.25750156857730366,1.6647164268204662
0.5827795676251173,1.0951010421479381
0.5953438470852043,1.2051531211718376
0.2975521124316793,1.5591369162831983
0.2155273602269536,1.7263139921197261
0.3232344174995321,1.4789665052916785
0.41551934624333015,1.3911068780659868
0.4505642818450936,1.5220017011750806
0.41947958189094997,1.4667618513620295
0.4864443666759774,1.4523404658939316
0.508710349322674,1.3682639415453157
0.22923173843466205,1.7001186651293945
0.5215784749116498,1.383606118332644
0.5773759611217891,1.2812438785399234
0.3125002168609901,1.6648523052311506
0.24674814953163227,1.7150276748699977
0.6949983914139112,1.0597369670555912
0.8004416313411995,0.7948662037961404
0.2945512990860031,1.6815207880007481
0.21747372767532225,1.7362119272121932
0.43334490891094013,1.5278454066363105
0.4057077618649251,1.521798347016524
0.7132896419382208,1.0096825861389684
0.6348469690347549,1.0593375351374485
0.5829525273453661,1.2926443765934206
0.7024508159780546,1.0479152933964033
0.5930233131303818,1.193474920721977
0.21900563102084322,1.7548700445160736
0.5877618000493838,1.2534472794593325
0.31672895860334566,1.6224314002267495
0.5065725058287605,1.3789217146249126
0.5896743699211417,1.2916188085250517
0.340249228603946,1.5546258942097848
0.4898933058536283,0.9876343576451075
0.28709595183809694,1.6099607642282088
0.29527464409354426,1.7147572228032237
0.5124202673708833,1.2860948415335658
0.48869487753072155,1.1808242576291221
0.3090067118468449,1.633792271561752
0.3017923226386578,1.6364159882742493
0.5768063078089563,1.2778419125673988
0.28244400550961196,1.7051003256800645
0.4082823614645974,1.5960468740329172
0.3655450069817789,1.6544662338593459
0.49205870326515405,1.408709668893401
0.34372397577393576,1.6208265333100815
0.33198227294623944,1.6067141975468766
0.7921409851243019,0.7932464809826479
0.562025833522903,1.100589708854373
0.6054981419197092,1.2364704748416253
0.28250756900230417,1.5478727441534432
0.4854274595917533,1.1741708865919982
0.3962424107203727,1.5543974841045611
0.32769163621774267,1.5674924465825548
0.6455664551152221,1.0012753772083052
0.32732741132761006,1.44206097170479
0.34529986105278615,1.5972738094964436
0.22780160929604004,1.7304085785830925
0.29147276538563166,1.6687940117017694
0.403925982446646,1.5358521004719488
0.2904249210740625,1.609842526965072
0.4658206115678121,1.4432254302476717
0.2644739101470101,1.7523824953237046
0.4257583168136653,1.3897760438996194
0.6123658445323572,1.1392196869427589
0.47815916252409857,1.1969556279299651
0.7598698075154722,0.8918151680676338
0.5851394306342905,1.2382015145371512
0.5498717300598703,1.3180744021933641
0.5020028555442022,1.1524516244531722
0.37004949975868395,1.6082739776639867
0.3543528282816047,1.5426317840253225
0.5958453611460489,1.2190538231433752
0.4304595577679251,1.3093428804015372
0.22586551014729941,1.7416934408794984
0.31022723966661014,1.5625938957583942
0.581459972566366,1.2813287080239364
0.308909907410081,1.5595396007188405
0.562921051526927,1.300878417184745
0.5046060252383556,1.4312155396563542
0.2797360076596461,1.6353474685987517
0.5563854194416272,1.2863432463608169
0.27261272316493795,1.6510885288258166
0.5570234737485092,1.3457787052942334
0.28175691397674574,1.6622719053977508
0.43975926105799645,1.212350710508149
0.5659522831660899,1.295214669560984
0.3991214105683302,1.414787028841116
0.3206803735824091,1.6554422375724576
0.5669427267303138,1.2716972107988487
0.31397747554785227,1.6230292320608515
0.5726908181241943,1.2402616655042047
0.7281595132031664,0.9551621121378446
0.6528970127519819,0.9663582201832899
0.5089608179991567,1.396459799862016
0.614610296538089,1.148156146706329
0.3786285231584141,1.5979500777095743
0.34301637944441415,1.6671634522188488
0.41928489908668654,1.5344705017533675
0.2557210598532453,1.736458511437157
0.31356280973472694,1.6314279124866282
0.233014276123762,1.6973134429624601
0.5557679115434362,1.1684515758765925
0.6634379869110664,1.1453621309669133
0.7105544829307194,0.9706890772283152
0.43283745391682704,1.5322647469985964
0.6764078692621056,1.1380706641453473
0.48971615574047817,1.4432287437089095
0.4328465096874157,1.4283707528962104
0.5760401731607788,1.1581164609486012
0.6226262999996195,1.0827894769311643
0.340853598559607,1.6467657900310075
0.440387237629616,1.2043759502605313
0.3934483686231124,1.5485302117286017
0.3351388821133237,1.5433998089106822
0.40720258803926684,1.5351260633342187
0.4240649060219879,1.5569351318213882
0.33064413616617816,1.610875662845761
0.5352472200456598,1.4304980146181945
0.35147638467390957,1.568421516050646
0.44597866131894304,1.507131245597697
0.6620197946241804,1.086492479856545
0.3285707867076821,1.638359768887259
0.34231381241211334,1.5504144712941583
0.3413023255431942,1.6314625889467245
0.45591965247430877,1.4039806631979108
0.2306064949425294,1.7447431477702424
0.23467420877396827,1.7239067340419758
0.6861971633235606,1.0537411398645589
0.24817418311376624,1.733099672290391
0.6741749667805728,1.018860620474854
0.32824033740424147,1.5323216906794435
0.5501780851437211,1.3392382918791201
0.4412688748292514,1.39150132775874
0.3280604107281317,1.533289432633726
0.33587120907321105,1.6539013087188668
0.41841814959526297,1.5557765401632206
0.6755564355616633,1.0273767611150366
0.38517966812955867,1.6232815274840922
0.24650854207488954,1.7095595113999016
0.40267327827151883,1.5369086818953375
0.47130399365105413,1.404524181263779
0.394371388063163,1.530137213715825
0.5485538602615659,1.3142983670255945
0.5311774549310069,1.4019085520857488
0.28574498369664875,1.6550623008999794
0.6062684880188443,1.193107557790813
0.36639721489527266,1.5030238203838968
0.40813682181581495,1.3821359834880942
0.6753525064226727,1.1312591173776767
0.5015483923380968,1.2221113840529179
0.5418755026617254,1.38929199155442
0.30098081037304697,1.6139658708236488
0.5664067064616621,1.3114077119813052
0.29432912830342683,1.513065568191577
0.2791542823414334,1.6809088456346466
0.45116316615184093,1.1213407733370602
0.607266437079945,1.1476667830932585
0.248466244929879,1.6762341864002845
0.21935050946114457,1.7580817483241338
0.43665012130983744,1.5374742941673492
0.24104924613318723,1.697186486176855
0.7635917315810984,0.8868969456055907
0.3924357769204938,1.5843425305116134
0.6191528225969007,1.0137696275828427
0.4757811279185112,1.4897841344897205
0.4095937838080681,1.4323125526095102
0.6970624770518615,1.0549338751813255
0.2707469675346123,1.7184679149831545
0.40362712665024614,1.5836204054343312
0.4298178774500819,1.3097797361883838
0.3537182250937041,1.5962727144099553
0.4076891657400837,1.2660896806789643
0.4144562613550537,1.2657839693620636
0.3421904494361936,1.6360167621984882
0.48318608264901597,1.4528513560923122
0.40789621304934276,1.5463610197328606
0.29241723192282015,1.6041600591655016
0.24253356123966893,1.7012742228326159
0.6195398807490416,1.0081149005662198
0.36117068174246675,1.5797034802345258
0.5092632431069098,1.2716006914010607
0.3049612796578389,1.6078001159997908
0.7868798961305061,0.8160058457364097
0.2998484479822916,1.6522748328144738
0.39707913960490765,1.4763453431942637
0.441127433455274,1.4760553750169445
0.4909692263447838,1.2539319329362246
0.6955219707102991,1.0628818293024038
0.4805726242359026,1.413991981512108
0.47405416024836267,1.4794741963262834
0.4343418202385768,1.2931039102928952
0.2930331218367741,1.6994686923386255
0.2718941760302798,1.6290679499964866
0.4897185463369558,1.4411759689929127
0.272049505059121,1.6228062864418316
0.322320717072563,1.6467152699203855
0.6886620570011684,1.0469066777789158
0.5690082776716475,1.3312890093408865
0.21511290290977464,1.7400523812635187
0.29033390430525197,1.6215930033152053
0.33360349082642565,1.6402235211683363
0.35743561541461993,1.6357605882279578
0.6116426293744974,1.2242100650763579
0.5859850395481693,1.3167508824299765
0.525665522811422,1.0968337626121574
0.42461935324289496,1.376665185821239
0.45119239306185704,1.479244045829884
0.27392036757156935,1.6225925358769553
0.28394643875150116,1.6076673818221883
0.595875667120935,1.2015574865865812
0.3667331694914372,1.538576446867328
0.3284525896862829,1.5885017357133002
0.5838921724760106,1.127558784264676
0.3195238610015966,1.641055237037818
0.28092421032558473,1.6682997619714277
0.41150216819858293,1.5735990462843907
0.39084476013365965,1.487784674357386
0.6316883781638267,1.1803841730819573
0.3941147254979505,1.4423384320583232
0.4135997402949791,1.4612072529944558
0.7492228924247273,0.9276581454478241
0.3961090802418038,1.5865120792911585
0.6066768880187718,1.2533567061747397
0.4647793233309061,1.4306101594581044
0.25155310902350375,1.6777590016782427
0.436400952193182,1.4936730474407645
0.745363633528578,0.9370639062913809
0.7429166785589133,0.8792437551360434
0.7237813495995407,0.91049092344622
0.3347931355824184,1.6075053940063693
0.3169588743478457,1.512006746267984
0.2467687491038156,1.7126435852283
0.6435917929798924,0.9090825396127378
0.4754268262998485,1.482163483791496
0.3267932198280094,1.5671248383612482
0.5709915496135287,1.132168762577438
0.3934214706007915,1.5182858193352478
0.3985008476457129,1.5533023939999517
0.34046507318653946,1.6101968146732948
0.24690543634164025,1.700887224745524
0.34257550340447024,1.5216483147006015
0.3122221303587744,1.5727799077933435
0.3872615372745687,1.4801481792959028
0.5737508958444318,1.329554815184024
0.411605515589424,1.2453259020943315
0.5494252688545838,1.1408702356952205
0.4974090023041199,1.3035980315265827
0.4163966456816116,1.4504491059036835
0.38040903576725216,1.5215740555126511
0.4042408450457201,1.3768748088225862
0.8027539850777207,0.7441767984701323
0.2537942876078007,1.6502216592066485
0.24822125735475528,1.7338522352549717
0.4880142479309618,1.2069526637025665
0.4683947534061903,1.5234140839364796
0.720538463777637,0.9226396650457713
0.4006022056417663,1.5161445162741156
0.26203556816203993,1.693476849825316
0.26516949621773706,1.680571627859821
0.32931250569281845,1.522991657104627
0.29020425571465747,1.6184197926427921
0.4399461556326185,1.1390066388169515
0.4225930338438669,1.4287435892030294
0.5057990623264431,1.3719885265043577
0.6152450633218158,1.222571056414282
0.638963200604635,1.111719072575322
0.5539411740936996,1.3431020102731046
0.7989517759873384,0.7800831982254331
0.33145861230630747,1.6288788122304438
0.29654239306986163,1.68561496997653
0.38022232191875766,1.4159547135637092
0.48956342742257225,1.4029329758651525
0.3352947216715525,1.6404800770409336
0.49559816995286365,1.4480875163389029
0.4395355470517996,1.5126265849958487
0.6133324420109676,1.1629470991411182
0.470769208779834,1.4389747732877143
0.37237747559014395,1.5862488192812676
0.7016878097066493,0.9781540561998374
0.32580156410466543,1.608569538377571
0.6490224960942533,0.9225321357385513
0.7542169648900914,0.8606663909687173
0.427522440639684,1.5624766445194926
0.4641823654954891,1.4198029309022466
0.3395550163968068,1.640595453015089
0.3828612117315235,1.5733540569209366
0.3473496619397189,1.5458195221335171
0.3140537888059694,1.613895712229519
0.28115641559524035,1.6597476120741335
0.308139364340751,1.5801837848222013
0.32597949690116473,1.5927948771975793
0.44251604809654166,1.4502652586180254
0.32562362090866465,1.5825482546952143
0.2533044307658034,1.7045933018311645
0.34361347733049147,1.5846073413442305
0.27503832080836627,1.6605364070054447
0.43437330484381054,1.4183588816735466
0.673795950378644,1.0899360720860738
0.4925869064822031,1.4566747631402195
0.6838625816093383,1.067409826810476
0.7758559225238836,0.7878290268083339
0.345448970527353,1.6576715615737756
0.4288755810647968,1.566206242182549
0.3663512458119597,1.5626750100261206
0.4389248857445714,1.414651383864288
0.5136299892047018,1.3397092145489313
0.5700333034979942,1.3072373695158135
0.2868447902280233,1.6918033054125394
0.3842694809476516,1.393526275818345
0.6257979048235721,1.2128448611103915
0.508626780405155,1.4292489260199457
0.74327756936766,0.9495909701802484
0.6742129815466665,1.0667079790631062
0.6898421606925873,1.0786447139944373
0.27541710302436245,1.6648770471403622
0.4776575792288023,1.4268243449652906
0.5553299876656937,1.358780570066919
0.36577693652979343,1.4788504589779181
0.628056211061429,1.0732429007562816
0.35773904430599235,1.5470867222370808
0.7853374968972253,0.8500845589919858
0.5700907958461895,1.243637295507898
0.32341243481939697,1.6887625694746669
0.256337343341063,1.7115211856387182
0.27975171694908557,1.630790698971543
0.3585378331381333,1.5744876683705855
0.32859429382963673,1.6898283733447312
0.5103695992470432,1.3517105408081727
0.33729278419663106,1.6422043297742905
0.6887581100837165,1.0128214502541117
0.7618705292864404,0.878809971978856
0.23843158054209307,1.693391585853542
0.5005809256880893,1.3945934875823671
0.3632612989695741,1.5295119931398276
0.6064991629151686,1.0076557976788711
0.382845239356926,1.3792758451617897
0.32461917497706044,1.6226428804367132
0.4452846064498116,1.3943871269808006
0.3091573112952311,1.589972272237263
0.4060238450375963,1.4844422438322757
0.5750428511984819,1.1157225209059274
0.7364945138527194,0.9448891235255701
0.29304868061230793,1.6396298468760415
0.48560658009550295,1.2342150264920027
0.26986763151163856,1.6726301217234418
0.35570926121254515,1.5544848566877305
0.624020286104455,1.2363848573963812
0.7051426381996145,1.0234872678285336
0.36117509075770526,1.576831483213534
0.4611554670113668,1.4845711232933296
0.6770097652690261,1.1073341743848029
0.803534971094887,0.7501502830824942
0.39910016032144163,1.5430529599404685
0.6306122295333628,1.1538956603188604
0.33628134035771623,1.6648857250095246
0.2882730148406078,1.6549007513090472
0.39738661259049257,1.5945476433489096
0.596035871989404,1.2171364776539348
0.3377251150099478,1.5919976014632753
0.5652423553835133,1.2175738145965345
0.5808546224392884,1.1332265390111576
0.5323336730750672,1.3586770139300437
0.30272376803722917,1.6072973903773555
0.24543378340611455,1.681588274143191
0.27811118641797516,1.6251811470385196
0.2991878799088548,1.6285206373908132
0.3736666801074269,1.5991972411535695
0.3168490572998473,1.6380109986348026
0.6602841905222652,1.1684805548860977
0.594724771430376,1.1557947368024162
0.5959159762980895,1.2657743582669871
0.26101716952287957,1.6933580006282196
0.5674143235828941,1.3108807721900293
0.39730358902693025,1.6021856490658306
0.5183451294123357,1.4040313263737054
0.3922800378877305,1.4720463982502439
0.36975279049544646,1.6297366057531577
0.3806289151554394,1.6266287845499658
0.4917505443970785,1.249664120326286
0.5585456884043343,1.3812478621530517
0.2315067001621471,1.744362685227353
0.5939194856794127,1.216260650360284
0.2955921054350365,1.659782295682531
0.28680169944912015,1.5965570978443941
0.47872773410209324,1.4956691928891317
0.36357414799006754,1.5795132225366308
0.6294609691102451,1.1928948777222228
0.587648525994782,1.18916185871438
0.21682718282818222,1.7391429708449722
0.3492862927484712,1.568666811239876
0.324764305256957,1.5852176221834042
0.4665751028047275,1.091873321118096
0.28138554446090314,1.6683295263934648
0.3205810489508051,1.5516925124681953
0.48249765513223836,1.4638229584559999
0.3352952170793134,1.640606983735033
0.25776190969880025,1.7071696916564232
0.2549544666248641,1.6565648144522065
0.3025130012136526,1.6460902010807223
0.30328122876380437,1.6696356884077062
0.4205467494316467,1.55076347607828
0.7576224494408912,0.912127234638555
0.44592918455902764,1.476364544858383
0.6011531910013098,1.1347971227368765
0.4322037913390631,1.485467307895493
0.5981731459277633,1.181505573224041
0.3846343164546608,1.4807542401442153
0.3959297172970458,1.5641260242860349
0.4240525098393271,1.5379301343879757
0.41012982295544526,1.441430495788243
0.2629928278897587,1.6620949413461061
0.3326343607974009,1.665851690211185
0.7497342996358476,0.8352501301109061
0.3569071514522203,1.654184158169827
0.5526670015522362,1.0944624455651217
0.3161190997751026,1.6159323852808651
0.4506374452722713,1.5561049240968916
0.7030660779671132,0.9266773610684989
0.408051918188778,1.41671650222763
0.36441532491443834,1.4527569636508044
0.22600513514331716,1.730123232420741
0.4255680518292513,1.281563588070465
0.3881887642465786,1.6061374747699282
0.6135760094566407,1.1631846528782934
0.35907079464908986,1.5380656499848013
0.39150866313127897,1.6176621085075862
0.5229622315392375,1.370166663947476
0.40617369707247925,1.4439608030936526
0.5773213513298115,1.11095554883287
0.42419115022889814,1.523282787449257
0.5713136121153428,1.2659989240083411
0.265612879160766,1.6692673672459657
0.25861037984960483,1.6865291243173892
0.3314103583776465,1.5627832558139991
0.39440222123631463,1.558765234704345
0.43395917189442995,1.4448108063261556
0.3142904661991849,1.6292924368203445
0.47461406889273833,1.2657533155500356
0.31830931151613306,1.6196256265183935
0.32545457155744234,1.627654047764089
0.31063191390139205,1.6032906794902853
0.46901850092891756,1.4148091390335713
0.49859851646498465,1.4724577194427004
0.7606127849987844,0.8934547955035588
0.6010346727675007,1.2420542947782969
0.2838970669280467,1.60312812888627
0.4127183186338155,1.5474760056840537
0.47673470831685133,1.393438109732838
0.31583419062335655,1.579420281290378
0.7067205915407947,0.9785304757455409
0.7681883196106157,0.8900456225899768
0.2674188703464863,1.7203425967003771
0.6790425300151877,1.0315474136570597
0.46928939982804146,1.32247008180173
0.7747972292300286,0.7707786958949713
0.6951992088070954,1.0698597307129003
0.6376399797958817,1.1826956468477103
0.36002678313164976,1.6479211050141789
0.22874700979995263,1.766150373789141
0.3233343397872622,1.580109140778076
0.7437755018253992,0.8701679152451076
0.6356773853504359,1.2184099433937274
0.7310025020262663,0.952276798186521
0.342490899028363,1.5911271460499379
0.3285580692515337,1.638861422927505
0.5079499941900144,1.4267336787713871
0.3610057488267864,1.5910911749628782
0.4093667261115427,1.4628377713995726
0.38197427764914116,1.5340183195701744
0.6342521780122164,0.9490526254094305
0.6009849835243098,1.2056536020207285
0.3493414523091508,1.5385971684642348
0.4055926233625083,1.4219275026636686
0.7378843073930178,0.8897629348789154
0.4681055769265142,1.5202705300718518
0.24120745500596938,1.689186766087818
0.6484162486750642,1.1565984151433295
0.529315776374603,1.3610339027112
0.2959812410926744,1.677807382840877
0.6145719525809726,1.1459500744726316
0.5133260068966389,1.398387712149915
0.2736654438008401,1.61099626717381
0.4377667689444123,1.5526080344027033
0.8290354048951102,0.6795328082293811
0.4308686268037231,1.493724377109362
0.5727249714365541,1.2744497880807393
0.361486279244852,1.6400849183090875
0.27886245429926715,1.6936971507452852
0.3441333720816655,1.4505682222240488
0.5521982196800699,1.3285734352157088
0.39064802295607437,1.6052728275860528
0.36387652495760536,1.625266429447135
0.38724663024521605,1.5860588637441833
0.6310079284433988,1.2207411162406152
0.3096532273783983,1.623280109854703
0.4505101902685311,1.4220142215161307
0.6168619859556275,1.205348892041493
0.3303390990137932,1.5355237721208999
0.3100609768100499,1.6562047345380133
0.6118568263218586,1.1415185098816756
0.322811161150721,1.580987308754155
0.3812533955245669,1.5733933590945284
0.4483218909342226,1.3009843712324138
0.5014942006600062,1.2439591047093712
0.35908843424806264,1.5256763473286048
0.35154678529800637,1.6254290878465099
0.4035895161173692,1.4599677410683105
0.39330195029819914,1.5020541813443424
0.3792480535360773,1.4393236042563542
0.22730704431571103,1.7371412184242356
0.4884939150115322,1.330683477925882
0.41578667919183304,1.5222855114864045
0.34265868581766196,1.577312478745017
0.5013569622056976,1.2001675680033148
0.3656362305880831,1.5516884180476718
0.5457723433030671,1.2825746596261727
0.4380180412548528,1.4428621960985746
0.5065204963803888,1.2930823225427572
0.36377621450101755,1.642283574657711
0.7338393266074784,0.9708284705777194
0.3751212722268423,1.6070184299839103
0.6944149486948683,1.0001672270972917
0.6005629962912399,1.1982490264570562
0.3382685496677294,1.4574136619484013
0.4716939123258716,1.404982562795579
0.6699411937552789,1.127432068689112
0.3701068505858291,1.6018247315754026
0.7664745591220853,0.8784110815925427
0.2697992451652642,1.6900015550182976
0.7315585920318185,0.8690730287017985
0.7644783455826479,0.875404114884803
0.2650673631456586,1.7285372786137092
0.49428876157929597,1.2142315129018537
0.5595558569298442,1.3240486913918057
0.467024783596682,1.3487588627530218
0.3807662297706486,1.436580879674321
0.4703103171131996,1.2869015109091564
0.6009299342564978,1.1654234710177835
0.4766368153134412,1.2508791409729842
0.5859451147682256,1.2954338226617592
0.3960876889371479,1.5927948545640236
0.4338268178404279,1.2872123599881702
0.395127896441059,1.5855971883126165
0.5781567644682705,1.3213577648747343
0.5057334014850121,1.4521787733563898
0.33631620494031794,1.6274557393036027
0.24276122664045824,1.7200124385760338
0.2914090975850967,1.5717842318445734
0.31601286819689006,1.5911325360465465
0.4253048941098589,1.5044432484769656
0.58023737173908,1.290312691019897
0.3126179980743485,1.6353033236219843
0.34165143720507063,1.499312347248542
0.38373242077781167,1.5861560016566374
0.3093060513824125,1.586948828828932
0.4229176545502313,1.4384491877309353
0.41577081822920364,1.4091949445843415
0.46583502361639034,1.2715533349236667
0.6615457504450616,1.1428339202687083
0.48860320024303455,1.486077103699877
0.5745068031014015,1.2229073541733833
0.3522871308928303,1.6084859517591066
0.5035904529518295,1.1103116425758213
0.5638326403339404,1.247580827061166
0.7012329216527198,0.9778168203721445
0.4330267423887622,1.4994758685418133
0.5834378362026776,1.0047530138705396
0.3465377173663268,1.583255957293412
0.2790273719510803,1.7105145756720135
0.5660522378319526,1.2666949631679363
0.5682570749296992,1.2978119843917182
0.6824525972181597,1.1010459142819402
0.4969559172766611,1.4660245857618286
0.4549533932277922,1.4232858400124508
0.4892689693722327,1.1840944481205844
0.7650239088189744,0.9019899308017753
0.6167014493467089,1.123724297017625
0.7473209470623996,0.8466327059475025
0.7832268325924846,0.778781202678329
0.5602918596991054,1.3031899308447648
0.5999160814661757,1.0539709177462644
0.3535821506629899,1.4840809445044356
0.23745972341122595,1.6914471441020082
0.39677965690045297,1.3880229625260059
0.4777749965522971,1.4516111470534234
0.3620115216039421,1.659258243017004
0.2887907500494393,1.700479118766846
0.34874018753015035,1.579319990479158
0.3629057200872355,1.5827751123157383
0.4912693669296212,1.2633636911167874
0.29001876717917263,1.6918824120170555
0.356675210035781,1.4847463797910785
0.2748708982652556,1.726849593888163
0.6055351846639184,1.2803623075594308
0.35024050491499176,1.5670222369430828
0.484550741461086,1.3954558719876713
0.6224986009455024,1.1842065227549323
0.48597222411407026,1.4606409533232345
0.3991941249693796,1.5622645955848458
0.25694629988112366,1.686413404483589
0.7377211270372976,0.8662341484504048
0.5526692768858738,1.3911649906730812
0.24384086554535442,1.6699174815826767
0.2711184971532758,1.6987970870335092
0.4333881527315824,1.5553712221846798
0.2203238334722657,1.7278794603472356
0.29085995133583314,1.654966505769368
0.4227053751342979,1.57221334384982
0.6320952869021024,0.9574636572330535
0.28545676876226656,1.6070456255812309
0.3278813658996395,1.529018985820031
0.4801296132228805,1.4127215443406071
0.4830834077933569,1.4545367882425337
0.4050372688254142,1.2730097726366951
0.4549814479561287,1.5231675094048662
0.6399428775935779,0.9279404075516338
0.43211521960142585,1.4786409228908117
0.3214089312661252,1.654718426192412
0.7297239528741639,0.9881889088854527
0.3676225951100073,1.5014780389364957
0.24850168401825143,1.7346445374702604
0.3962769140553249,1.5937737819894506
0.36143352480796936,1.441876797374004
0.7329033506159319,0.9555961644588673
0.33468704937626126,1.597176158124868
0.541106427915237,1.3140832328686491
0.3195023464730183,1.5579360226825174
0.4884087367776175,1.364646706862992
0.47593914802942555,1.298008278005553
0.255133796910884,1.6657183719575648
0.2400349382277388,1.7488345321630534
0.5872441875746989,1.2722604732422478
0.3721731284922937,1.551276224693627
0.360687744563667,1.6235364139668875
0.5313362994241687,1.3488268488566297
0.7207368547531496,0.9882224218851114
0.4899088987038204,1.4466367952384402
0.37664701952466406,1.4218260000811669
0.6908068193919249,0.9136449861784426
0.5155614310302226,1.3897893622390534
0.46483125105972845,1.4400845592374676
0.42429891657795504,1.4910927012359971
0.5092276698725577,1.4612146429412782
0.7452295212456316,0.9436544027772016
0.2991723583482623,1.6942097695065124
0.4342896140857821,1.5314356678246313
0.48973477482955713,1.4867285784870496
0.32449038805097713,1.6102364386364838
0.25197159221266324,1.6830664650596343
0.47340288157829485,1.4377904212987649
0.422483612731992,1.4944781597786454
0.41731396935014275,1.4930601006755053
0.706425448489951,0.998429789241067
0.6230249878968183,1.09871125751023
0.5091058893638261,1.3834185669901116
0.5337866473096735,1.1966516671665213
0.6998452343828929,0.9786012340203352
0.31912061457961477,1.6470955646696575
0.45541677388169244,1.5126260746838252
0.38750966039336193,1.5388121714934568
0.25128168078483126,1.753946087002315
0.3878075122876648,1.5379540956593758
0.663535977797305,1.1662278095292251
0.24881919154978852,1.7450252342489188
0.40634881303045745,1.5723279142733266
0.6950072508755056,1.0251466362783064
0.7210129066413552,1.0272169964171196
0.5893631515039133,1.2302364705398692
0.3110273301354955,1.555778162159437
0.4420208073396774,1.309381190731733
0.2855306938145599,1.6299142707505834
0.31875255949137754,1.5125594372621112
0.28192642363343656,1.7182891248647896
0.6279568507276638,0.9711386478909367
0.6459193098763025,1.1121259187414696
0.5449487815287041,1.3177841436190967
0.3246514798340105,1.5626900115025228
0.3273090850608682,1.5169900162703347
0.22571661096137002,1.725340408761634
0.3371661417393377,1.5604611934027093
0.7273254650564247,0.9428217252679385
0.5581331972421444,1.0858693726006832
0.2740896253203108,1.6244179601066058
0.7670329466522062,0.8774696416554514
0.7232303454275617,0.9219534233849298
0.5879067228493186,1.2648677206237857
0.3900054336205948,1.611923854842156
0.29233863183753495,1.6140128773610094
0.6995477917416615,1.072534742070466
0.6296445593806131,1.0753949257260116
0.3221676510685302,1.599532570411301
0.5068850011974771,1.4456929643546013
0.6594327881486092,1.1326290751529324
0.251382296951101,1.6949074918883364
0.5658697648802251,1.3162050064450521
0.3674088848022919,1.4722548501436794
0.26436594743454944,1.672916088196506
0.6766421789734398,1.046854236236357
0.39830064762630263,1.4097001952656905
0.27779775632287,1.6815504545139266
0.44211135394830403,1.5697760498720301
0.21579568499872312,1.7244205940153168
0.5850305726277626,1.2404423056113674
0.5432675308416723,1.2592344010743652
0.37123778348796865,1.4111277830252882
0.2495008518999308,1.7096543627516272
0.5719612704422519,1.2594055765637866
0.6945192070135425,0.9983263131331925
0.22525836418502032,1.757728791627968
0.5022231698676429,1.3851988873231162
0.38835805085649305,1.5281304879660815
0.7427190907678387,0.9725436498445466
0.6585318695091235,1.1335579603668582
0.2478209804139878,1.7261570897622243
0.22288459417643225,1.6857719102316062
0.4866109556593844,1.4511787207707196
0.3084871267786249,1.6825625786698877
0.39312964853988763,1.5072262589751937
0.3649870185351229,1.5911800487455743
0.3783711208135876,1.5169419842767213
0.6232745964998626,1.127091542426205
0.6165371277617917,0.9706496130118407
0.3067414823632292,1.5800236380860813
0.23327841436766475,1.7038136962191581
0.30435422353551955,1.5750431810482621
0.3885724344209944,1.493010312185764
0.670005578847644,1.0759832563149831
0.42606301651600437,1.547016452300364
0.7506301198720933,0.9279110464395288
0.40123015818265195,1.452659417856606
0.4238633397449178,1.2500968561624213
0.5983783481154729,1.2554957863017369
0.3353788906519097,1.6610518647392416
0.3823027008057946,1.6230307041416114
0.4470846566600013,1.496808070717087
0.48440114731018663,1.3869029889893465
0.4855135509462623,1.3941955681669
0.6730080119214878,1.0285366684160167
0.24610553093676177,1.705438543456934
0.3602425329898474,1.55181288031185
0.33658119464014324,1.6729933933966152
0.2861462458135321,1.646567834220803
0.4451866119890578,1.4768203866628957
0.31446119687807517,1.5449038863658604
0.4906799507100087,1.415053381570849
0.5563060902202104,1.2189436080746037
0.5771630293118433,1.3072288857379186
0.4903651113638046,1.3635429520646067
0.6595213711858678,1.1264068209848692
0.3406950566014813,1.6216909664422583
0.5971359571902639,1.270723061622852
0.41331466695184427,1.570615247236028
0.35357560782894554,1.4938426501323805
0.3700885719011959,1.5591325985376288
0.6471985535202457,1.1449717154120547
0.33677022326500855,1.5733232680662694
0.30025754820767836,1.5560676854866462
0.46683222187820267,1.4737294739013178
0.3676283020739562,1.6212082474716087
0.6062197906530199,1.2650570051937708
0.3064662355809574,1.6725218791088212
0.41491400475344925,1.5002576098412184
0.5373889807031309,1.293979000354973
0.348626230488238,1.4758848898056338
0.28754825526588446,1.6364363730880787
0.2702367234408682,1.6580341086969919
0.29152834383300863,1.6308821412313668
0.7318872989246683,0.9561018316415778
0.6054793604502643,1.1454726891789448
0.2681640662224544,1.7249754433545235
0.3922283956788555,1.4270876947620912
0.47524464664619426,1.4908765630990053
0.6910952587746261,0.8865611501206971
0.3357452850280183,1.6927609793930949
0.793956077801095,0.8230294021448871
0.4405755554083112,1.4795529950575497
0.31645694238647687,1.6960375965253718
0.5609762999510102,1.295675106738543
0.34216393194824707,1.5582963605598334
0.3511210298498656,1.6681985425814894
0.3419035718468836,1.5816241077924724
0.3755086972342451,1.6066332736388176
0.5130932898314778,1.4161527101643379
0.33037049498441406,1.5784692802872908
0.7909678723373982,0.7826918269753061
0.6370994122875514,1.1509437980445758
0.2573650386295894,1.6514801840458795
0.7842937822130752,0.8314575097352116
0.36450085270576166,1.4459364266636248
0.536992134387858,1.4138014191214476
0.33322439730952674,1.5827589334797678
0.35456134129345074,1.63533822940964
0.5453038293705601,1.320433435013948
0.7179590816249611,0.9171491909683896
0.22663335833028295,1.705304726068644
0.5071121551929726,1.3828289121304598
0.40917060903021873,1.4818157960885514
0.3847916112231802,1.4708837106496693
0.34330034184734165,1.3464256929041727
0.23747457862813479,1.7001193377321298
0.6630697906975885,1.0487751172238657
0.629594709107047,1.218753467283257
0.3871271627473146,1.5950861675042975
0.35788394749004826,1.4839491892450871
0.4334847344376287,1.356978851316366
0.2929709660699507,1.7126316549710223
0.5640416734318527,1.25748398049077
0.44032858263019475,1.4008296454746951
0.2673877972471091,1.5931168605530521
0.45679234743993347,1.4331073149849645
0.4557150939325517,1.3228507557746487
0.6893608170060217,1.0269935593432524
0.30098364552886137,1.6217373775002595
0.4514462257688759,1.3290921087243812
0.3136291613674759,1.6950564216278106
0.26563632834473316,1.6792342321480693
0.41515574153622725,1.5453733213209968
0.6032267061267761,1.2534982157690204
0.51935866020728,1.344820053776559
0.6252465929108806,1.2519668142721945
0.4410856335239259,1.4125893048298788
0.5283552849280128,1.3814456357125315
0.5839838695158996,1.3116962453909817
0.4632337094466992,1.3039034244064494
0.5691127235602235,1.3484049676517216
0.26529356686378097,1.6966247868407671
0.37119986128386784,1.6060600449221138
0.29663411109634297,1.689111958141461
0.3261486178186369,1.6095398800313863
0.3787168891372787,1.3954108359289146
0.500235526627333,1.4823657224007434
0.5010277309434894,1.2242536402854318
0.33963695217347306,1.5100829234959625
0.36945441018417224,1.5358901514831147
0.2797927442677092,1.6667804197698213
0.3335168392831596,1.6104942125178159
0.3671040749765555,1.5011922595529765
0.536208598675533,1.4328419696120764
0.38920696470303007,1.5197112480045156
0.41035220285817287,1.3512714299421902
0.3313752988706939,1.416208139092771
0.5277868562548172,1.3475051424844235
0.5399966142452861,1.2957025394666526
0.49271616862234563,1.3973827292977612
0.6867078510796805,0.9975666442327025
0.2220826719771139,1.7121743680281805
0.5848143739759218,1.2987031176201336
0.2868311347267497,1.6676055055286154
0.6867419618931792,1.0375244958191807
0.3748248059476173,1.4786272720626887
0.6973407869927407,1.055656251642856
0.7899146029112495,0.8404854109241989
0.2600060731805607,1.6504302513166444
0.6281131183628582,1.0874593844410418
0.3540151498421729,1.5561087998887484
0.29220620690100024,1.6444446687472964
0.5408834990312826,1.395427582126589
0.6121176753063415,1.1415044263744982
0.5502881479328666,1.022979599675561
0.6746945847325672,1.0611183059964862
0.272917601662281,1.66520330125032
0.2840602387995466,1.6362261644887977
0.2601321525625807,1.7027221217353725
0.5397388962166875,1.3809579206910605
0.4361371626832077,1.2953008447966328
0.42278482298225806,1.5477571920387854
0.35564625861484056,1.6210001575356878
0.6036065376758541,1.0461964623763196
0.39010509559744255,1.376419884480379
0.6067405119093469,1.2427388349527293
0.24020036067189174,1.7446558781573487
0.7100969935556591,1.0048197652575648
0.4427047949134994,1.442403645056676
0.5537195206895669,1.249119673265542
0.38183774058145153,1.4174781969968329
0.27228725640537427,1.6746878691709022
0.4390948707246857,1.5108530972243939
0.2738661426602276,1.6072351028441545
0.4607899944676237,1.492470513730012
0.4204729572710125,1.5538453046596634
0.3994751078203399,1.5833476303219842
0.24088189685803613,1.7267676974494641
0.3860649662825953,1.40769511603606
0.5850019035911121,1.091654755661464
0.3654239508371564,1.6257096578235442
0.2538459455893387,1.6543891753722226
0.4815286802798715,1.277253950957235
0.3730642734810318,1.551531572818098
0.5737054508311723,1.3287812394010292
0.5397694815077709,1.3276538437001693
0.354467147130358,1.577911501639016
0.7145094829859652,0.953567505002446
0.6373468729149703,1.1404400501601455
0.32855276824735713,1.6190252982257893
0.381244924547617,1.5271565312823543
0.4787068374794317,1.4344115096224943
0.40414949546574297,1.5446393156299125
0.32322244257541843,1.61767773208045
0.5498008080344409,1.093633080948262
0.6071102148689794,1.0670736185514942
0.41758415745691646,1.5697640204621004
0.2596639209216574,1.6614355382430799
0.7736736101850259,0.8002946239059988
0.34173124071425204,1.5406162615963002
0.3525005201891694,1.5270858144629191
0.2841478639671389,1.6681422111034074
0.36631765123713134,1.6428662906715321
0.28429361238644446,1.643428860728867
0.6255363892779074,1.1268131593083535
0.5566824612246858,0.988821559806359
0.43077050154686175,1.5029831094384403
0.303058702510994,1.618616860042284
0.31538031637031577,1.6786629642063349
0.3162953769624049,1.6539048504536777
0.8220804525483091,0.7331525173735448
0.7124371529939845,0.9563900793036108
0.6016168042321829,1.2269061894003293
0.34242618466550123,1.5694756730991204
0.36214219007782233,1.6595863777488724
0.32025712700507936,1.6170750926140118
0.7598260519158104,0.9124844777414477
0.2567051024693543,1.704250125294612
0.49791683042684215,1.2633835148533943
0.36734380065234695,1.565473992016291
0.3159322622039795,1.5726333052385877
0.5009432437258527,1.3430241847982947
0.7960311363103136,0.7862589807319954
0.48102453107963017,1.1850727968044374
0.3013446566389765,1.5956584488732515
0.47118420881544376,1.4080843657912074
0.5131517543271034,1.3030909938392758
0.4247999294783344,1.5233394409820675
0.3259178776576089,1.5625970576335235
0.498179952225439,1.4650144618136869
0.3915119525105734,1.5043151060393152
0.4284052899999565,1.3612822829012028
0.614555410888092,1.262816569489549
0.4807017207227673,1.4007918157934374
0.2923075502749562,1.6239602486806073
0.6191849090101972,1.132579935914428
0.7301113559267496,0.9249588508709149
0.47488154402377764,1.2473421955090929
0.2834368395610678,1.6767246834827652
0.22787581376352534,1.6910038705240273
0.4900924200413776,1.4061103516341165
0.3752969657978743,1.5956846264433289
0.6484412702197562,1.1904371973781542
0.7121187221467545,0.9201875703161002
0.29370453644866484,1.6693137133522227
0.3246192432437726,1.5883213096184117
0.3779425235078561,1.5063965360811997
0.2459526253373343,1.7394247361987292
0.3777821026329576,1.6130413947158593
0.3268714564387666,1.6603392200703269
0.7686294291232116,0.8739360707656552
0.2308112863719808,1.663793608403567
0.313902484299618,1.6278249807500043
0.41682847939423734,1.344915873253255
0.3686391003721408,1.6039393719483972
0.3908021669575808,1.6053160532335569
0.4457878142062362,1.3865912224617662
0.5095891147798817,1.1775843578735046
0.6304547191773143,1.096439879590156
0.31313290667993904,1.6822810709129667
0.5776810950856256,1.3231422248934488
0.4506613282396053,1.3104596416250154
0.2969071875729816,1.712294726659795
0.5786166220362179,1.3314453314750971
0.26152158205703846,1.7000951685004984
0.32114042322162356,1.6519368542280273
0.4159558148521131,1.4658429190777795
0.2461987890471409,1.7298624633402817
0.6280625403314488,1.1952937313820164
0.29095909716853485,1.5319524298055422
0.722600887815805,1.0110967864243878
0.2625301063390475,1.673682378251698
0.429236750105372,1.5136665126600093
0.4379524170725745,1.48339784965111
0.6531049529194146,1.0695528542113215
0.5863843319359233,1.1527881663644817
0.3506383532312812,1.657328838662689
0.26769339910594087,1.6778055707168276
0.5733668538652587,1.3336839354547263
0.3473626637281719,1.49381769537914
0.35015487074342905,1.5084316874534927
0.47848127406843005,1.2658726189788414
0.27934248124680006,1.692204521798769
0.5441573891040931,1.372012755400686
0.49329199447279737,1.40440493668034
0.5898576662259369,1.2795424284356787
0.22206908945687853,1.734250077949513
0.3786611471227985,1.5212777464395644
0.24172265124779505,1.687347119658979
0.31560675456099824,1.5877961451653386
0.5349539733974923,1.347129879046794
0.37460455819456034,1.4707065713415581
0.29452632221013,1.693445750104285
0.28043546459175206,1.6536177619430512
0.8008779139545501,0.7594766413094365
0.4907596220436223,1.431082107050006
0.29819076952275825,1.6556007712762435
0.41092377106035993,1.5639703167510546
0.3740280855758321,1.5135760618674294
0.8239411256509831,0.7123592507413143
0.3225600673403799,1.622367485914758
0.39418553931850925,1.5786464870352286
0.33157956512981307,1.6320237268273177
0.26226973105199974,1.662971355302638
0.5422177639763401,1.4198163153160752
0.429974465302696,1.4047237424106767
0.6243337098728579,1.105561533665895
0.45854994285915085,1.5158184070604155
0.299991403261128,1.617289504168638
0.3068943504986065,1.661678476501184
0.6645724023765711,1.09610667091574
0.6799644314272498,1.0369682012622998
0.31257874594797336,1.6881822361139287
0.5268326778517851,1.2171532638012403
0.3489474497955434,1.514594399120525
0.44763090871115085,1.5525697885865875
0.6798462939611836,1.083891481188341
0.6991612760761464,1.0585353136569469
0.26716384357693457,1.6432775465621634
0.5206176649321093,1.0513561369457654
0.5273577479800878,1.2160363533180532
0.4901961727921332,1.279057543798282
0.6982106158916394,1.0213643752517187
0.6875947796418153,0.9916995852161788
0.45888904336081227,1.3095251763314164
0.35720973608236534,1.4274137374769789
0.3806285505566582,1.5966382717477439
0.2935757152766188,1.6875893147774395
0.7829429225900547,0.8590215106053214
0.4112195327566638,1.49337560947417
0.29217615916185846,1.630522196782838
0.6154584373074997,1.1527786943634775
0.26761901841994357,1.6597963203540687
0.5526971657452344,1.3230033187012633
0.44366432312052867,1.5499891837706505
0.3166879341926292,1.6456919009310755
0.2769943892372363,1.6927869612010504
0.43333657589470453,1.4291076750574647
0.291550114188311,1.6107390086029878
0.6977006934166128,0.9801717421423739
0.7028453044938452,0.9774381775444587
0.3837395717405284,1.5111429012238153
0.2720788224376376,1.6643398270445373
0.3992896802682183,1.5858705006985314
0.5098529540923823,1.3940178966866423
0.37243616467312274,1.543972491366116
0.5156481809941152,1.151595249569885
0.6885450194119547,1.0432497831575094
0.47369604999161113,1.284335770473385
0.24235307799741077,1.7528846385674983
0.6952985458054949,1.0028928566008244
0.34702586062033963,1.668253461572768
0.5163641689636059,1.250010622146553
0.5457781660109555,1.3066088896607928
0.40027319166143854,1.4176536163973472
0.6063397779899236,1.154331257806274
0.35211858446219907,1.5013775374338998
0.3465309071239769,1.6375046812626977
0.6212493066861575,1.1927074068301093
0.34242765026903443,1.6141463873950677
0.40878243607502296,1.5663891873372808
0.4929588264152948,1.461160117522489
0.6701655549470127,1.068711653986521
0.7167683173556204,0.989573627455146
0.3447673910723986,1.6570406313771757
0.5122980332734466,1.4038251077592259
0.3966717858343677,1.6002715795139726
0.39840494767890017,1.5575041773016303
0.33035733046224647,1.5763895587934966
0.2725017422555846,1.6448631070108444
0.62938816344408,1.2333239462320955
0.4170553758402946,1.5461353452276814
0.49895599909317895,1.40727712898011
0.5001143137165643,1.3495638572136992
0.3490216236909626,1.5292591702893932
0.403985711586771,1.4619515097649607
0.47378029850975056,1.096707725464016
0.4927236940268175,1.4409882439443558
0.3665460355375478,1.6342802851859313
0.43309857514175965,1.511480747525459
0.6089833057868692,1.0763749579833823
0.24706655914871123,1.679059069812619
0.32343912803772706,1.597979698855209
0.4725051901682951,1.455951417886527
0.26912793574710786,1.6677811874931734
0.3411249532397267,1.5896099079543684
0.49356415712908713,1.4037873396582834
0.5031498466580353,1.3774748159425776
0.565724894547319,1.2438801995571331
0.4107121764299533,1.3498220403317207
0.433926054302361,1.4385887978724983
0.4313517209239019,1.5018473968784247
0.25467287667033145,1.6831992759314431
0.319670635738109,1.6517375929906717
0.2808637780162207,1.674508210480824
0.6250708870874973,1.1986279742184989
0.5801310236352551,1.1250211232074971
0.4375092262009058,1.3994410928761654
0.7504414884711226,0.9108049605126418
0.4423566417246784,1.4713150145756013
0.27617028017307166,1.6478192821355102
0.43509013023209686,1.4235227477994714
0.5024628879281535,1.2381940162661709
0.2894783173558751,1.6961863228642549
0.29163520997520737,1.5475685573462923
0.35018352477670006,1.3432782710876825
0.6081341996376838,1.0145631934869228
0.3435704609347993,1.471453256948465
0.2657297199950692,1.7442487071678268
0.765751731274414,0.8658534239757808
0.5692419907802284,1.2325568972553205
0.3976974058673739,1.5426146156717104
0.2338321774302638,1.7403852856316866
0.373319232943063,1.6094310005044261
0.4474305190326999,1.1021444868487165
0.29997742511959186,1.6755917749679
0.6022315553155819,1.2999375927266734
0.4977263394773725,1.0832306326329588
0.551304797313846,1.3487246579765415
0.42898354603944666,1.4939036488126929
0.5881643998124828,1.29787904827558
0.3820584429996281,1.6227796579870646
0.2721557223018257,1.6883852191615631
0.389034488797951,1.5621580918228637
0.4804617980274971,1.4145210402979478
0.6502778848370931,1.1313614991841359
0.6747122978574881,1.082187484021534
0.28073243544124044,1.6770418300885508
0.4256803101900689,1.5306323124228767
0.3260304730609182,1.5874189143083655
0.29736243129365336,1.679193794264321
0.3361441394917574,1.565318986719098
0.7520264215030491,0.9186194799344337
0.3957648773142496,1.3490286396274098
0.7637111177989588,0.8732275967733968
0.4739061577498418,1.1568974373920666
0.40426878600470484,1.5542403560754132
0.42078115999650906,1.4652778298091484
0.5118374915062556,1.2943104917651416
0.3564737121117781,1.5401186090300403
0.3992619176556779,1.4994764313893179
0.45424452117722863,1.5034984015158952
0.5610470761900131,1.2754833215326085
0.3653923602953553,1.496877939620362
0.5354635005565183,1.3673869787254127
0.3813849419069104,1.5724502108598692
0.3217352898635892,1.6659468463900462
0.36576924882789286,1.5161519323676675
0.38880839285716257,1.4800838498744624
0.4001414932212839,1.5896137799829824
0.35915490581099513,1.5313486746134586
0.43840275002914303,1.3840089115811538
0.3341070920201149,1.6064216510218687
0.7381898496426019,0.9798865027995416
0.4622337045796334,1.3591900808862554
0.33104254960494084,1.5761370947293063
0.3048678518710524,1.6913410911211917
0.5370206883597214,1.313478922534469
0.3015213153775165,1.5714186012190376
0.5826641216490558,1.0728675148164708
0.3101625836664709,1.6461916718911063
0.436670885988229,1.4811595558281543
0.611308843437761,1.2665705128330313
0.5915526756175217,1.194509125470487
0.3398273476898226,1.539654340776566
0.2579589535977732,1.7085180841948953
0.332861645278718,1.593753319243966
0.6531084107962277,1.1546568974246403
0.4181084560425803,1.4500170684196867
0.522102191999613,1.4033018358890645
0.5857144534696105,1.22405542049604
0.23955818955071306,1.7144012847601813
0.37025137486451204,1.58497872578728
0.575859166179423,1.2716675918856963
0.4972207294000259,1.330312416697048
0.40422720231941883,1.49153596836817
0.26575323709561083,1.6586115222468854
0.4660582553027121,1.457485512291323
0.42722826921701357,1.5595696691204932
0.42814706505081346,1.4895625882804755
0.5769562185341033,1.2951749239681893
0.5898015313030043,1.0891477390952513
0.7596343122930314,0.8729737800863765
0.44560868507774215,1.4558166870826112
0.27309103746153846,1.6568011308251112
0.5995887148503779,1.199767667685614
0.3279520782077677,1.6395684491611542
0.43262320729779735,1.3599590060064102
0.5511543599154202,1.1024533695397818
0.3695570980956457,1.4669872693902484
0.3860392446475453,1.5636273644507597
0.4152627940773445,1.5232256529009465
0.5390605361297078,1.3409972915765105
0.6420961578767943,1.0151695284787432
0.7544965115885864,0.9040821025293944
0.5546950723641848,1.2855337582965505
0.6981878285227121,0.9660521073460233
0.43692832043240815,1.4065724339833174
0.3638155820275166,1.6283272756314138
0.35895540810106635,1.6099680309290372
0.4362127169364213,1.456615685445606
0.2905015192038366,1.7192103102966323
0.36852377957384347,1.5428472125096173
0.3509402015957735,1.608328250386362
0.3522287732542893,1.6243570047561706
0.34045764332336503,1.6695660800254728
0.327754483098439,1.6427830180385012
0.32991243887159566,1.5513992605809213
0.35616435098831656,1.673847147227032
0.5462223823345702,1.322337757107734
0.6262448935875491,1.2156015720350997
0.3964097014112484,1.4737216842190008
0.4481345701580701,1.4925105412723625
0.3988715831150626,1.5609379071330927
0.44483794380007563,1.2832494495054545
0.4518059649631943,1.3523889111758312
0.25958182018587533,1.6476812437986499
0.28385417832964177,1.604785853885655
0.5481035885324391,1.2564770109749253
0.7682778155259542,0.8529130778704007
0.3338979626682213,1.555237566792054
0.46382337014014596,1.4563021320977445
0.508595531505547,1.3505204665447688
0.2903678503165585,1.6212837577353585
0.292888290635435,1.6036817855106487
0.49824583711502723,1.4304642278831685
0.4612905796605085,1.4980433024919702
0.6608892617840123,1.1540828723888477
0.5404230742956696,1.3555633095347057
0.6831748386737589,1.0750239158999568
0.6247659648427875,1.1008826204916322
0.7100160541999255,1.0469462792004893
0.2898907095281544,1.620942208497366
0.5250753125397305,1.1863682177609862
0.2696501445091782,1.698403491554085
0.5335504859108489,1.369251092138937
0.2498499474674725,1.6552876145756938
0.2893233115096074,1.6587427550232325
0.7607677553963527,0.83795093589609
0.3925049371667257,1.3410078540924826
0.3163389843382264,1.5809587640907081
0.4951636300590227,1.2798280022401627
0.5540650330674552,1.2621501493459597
0.2962350424006795,1.6329413520278586
0.3833522437690887,1.581039795437264
0.24377087321219013,1.708483346420996
0.6247840073323498,1.0883813610315447
0.4425810399228004,1.5248141512407116
0.4710311654744159,1.2634450187620603
0.7204993179405084,0.9240138532782182
0.5035548086380109,1.4483262438889546
0.4101750777326519,1.5206523100674358
0.26283126895492215,1.6909428816336232
0.5230522812402835,1.038843131254302
0.26127648049795243,1.6558249384007033
0.7775261221312557,0.8413842378285872
0.39941108698436406,1.524416129388909
0.2898933588889269,1.7153312905610432
0.2919678272159745,1.5931448446948582
0.27658848777459066,1.6027454364248157
0.41936836351464435,1.4562286320404478
0.36737304449136216,1.550762487402837
0.39981292885657627,1.35397287643617
0.6103714622808777,1.238135235971187
0.7626884951775322,0.8875061256459419
0.2840847547523407,1.7172479794044664
0.3493155509662932,1.5280396952200852
0.40057035009486663,1.5773209761450422
0.6889202309758958,1.0923160832159713
0.26811160081422225,1.6850175780851573
0.6851356786250203,1.0558358013752827
0.49803323248717646,1.3173512005588301
0.5972943214492947,1.180869246099619
0.6366603781500884,1.1253623867510716
0.5105042246792657,1.1579833350490205
0.277638376083944,1.6659439751693021
0.2890258518732797,1.6492344024163423
0.4295869001161427,1.4947965720705931
0.5060342069525282,1.4172273186479556
0.4809775599006415,1.4070978956686286
0.49390035067593185,1.2460497015376066
0.4978709255098021,1.4733794936675115
0.27964081403127633,1.6067947655009234
0.2695120065961675,1.7164409012374933
0.6215828980556707,1.1031103113131155
0.411843751562882,1.5741255191479775
0.3822984575700596,1.619712474679515
0.416260568928377,1.4830113111624668
0.5824745075407755,1.2499030731970358
0.2529311435827416,1.7143782735951059
0.29960567547292966,1.655241863791067
0.41457625058422576,1.5524983794211227
0.6219794419669504,1.111433200650495
0.3115869607219831,1.577272724356241
0.31104980133097954,1.6444401649318143
0.23946207135709413,1.7234082542021947
0.7198596551787397,1.0012433567367227
0.3395701432218873,1.578065290563622
0.3297824795194976,1.5446443005427593
0.30363455491353813,1.5302041291055277
0.338824429535991,1.6130322146695146
0.24719243663714166,1.6933476639106217
0.5012559920505152,1.1592613175176687
0.45422488939659994,1.4708990587529085
0.5186462645728565,1.0127620198428238
0.27057020498478734,1.6921193334256446
0.4229909962438476,1.3364243015675574
0.44250229609638814,1.4341777914024738
0.6649681665986344,1.0364613475724154
0.32649316614360036,1.633761550669413
0.23261071770140843,1.7351410246595478
0.4136121085525693,1.4585000743587841
0.5712661961162673,1.3241249091667364
0.3257634297251935,1.551163572746174
0.3721432871163173,1.419264769409414
0.31041931074889445,1.6719225603026557
0.49855986576460337,1.3284756271710512
0.3920664309597391,1.5610118228279455
0.6682879297029098,1.1466372551818347
0.6187632154018317,1.0448230570735801
0.28004410501367705,1.6054658282715335
0.27584689512875116,1.684052862150105
0.45547816198716684,1.3866950885807303
0.5807216164652313,1.0920624868981053
0.5555897930960881,1.1689075403498788
0.24659661617768394,1.7248881105093101
0.2997324408674517,1.6139117457147178
0.5849619366967281,1.2560807702818193
0.31741719447486383,1.608403079365007
0.4949436207310688,1.4570113568826406
0.684342487728269,1.0966760190688747
0.4205499350271994,1.595859985737964
0.3028260028671801,1.5896206426317747
0.5499952854576454,1.2822278188293488
0.29456536539334965,1.5441560064708197
0.5202880006233148,1.25351225345303
0.6268377074241006,1.2040954191854532
0.2789661341469086,1.6994618028742374
0.393621385287013,1.5483622364917076
0.7751664404003261,0.8508542007928758
0.5703934243551693,1.250321385302919
0.6962345700448866,1.0596122156985273
0.6649255779991292,1.1260171741641904
0.2641964862864962,1.6763243922883346
0.3469627712723888,1.6108210714942448
0.6930610886261143,1.0637015083365269
0.3750348208755318,1.5622759980039382
0.6358990134711022,1.2002114562417385
0.23153123483167065,1.7573054286313856
0.5603658053564623,1.3440379012051675
0.31032753310201017,1.6703158688208561
0.3369157239304845,1.495016194361502
0.7898219890476267,0.685354194759896
0.382356321388205,1.3064764665227888
0.4732995115830904,1.300513800761037
0.49112144060364815,1.2496632328025994
0.5641149029292625,1.1722848033432527
0.23626462429386022,1.6506449574877569
0.43703598251707243,1.2265468255871481
0.4443531202626336,1.552741755431846
0.6336737808064975,1.2040502143338638
0.4059132900493311,1.4863340505513516
0.3288286520383783,1.5986937208855467
0.4524031837381406,1.4502767877696288
0.3605837679213868,1.4363419351142372
0.2762435827348883,1.7141654603260168
0.4442379776266589,1.3534200314426381
0.7883453038532146,0.7742839018677946
0.3681786493107475,1.606454211452001
0.2836410843086169,1.6935786749108734
0.47806042526077624,1.423810987280552
0.3478803972451042,1.5775018199489548
0.3211953110784151,1.653382678033821
0.3597479334280565,1.583041645806653
0.5643996037296451,1.1923413455160188
0.33525615351409166,1.6017476503835864
0.259842113421566,1.659986512326779
0.6557152440693348,1.1495716853236337
0.2866462296758493,1.7227213172983449
0.7309618508319342,0.9171848208032876
0.44672053665197914,1.325310798062674
0.705080522094576,0.9761176474746638
0.31588092292607167,1.6048791867996373
0.6761690683864278,1.0690066652675108
0.3623179016424932,1.4672840066065995
0.5663486554279661,1.2425104074131839
0.6339237462604431,1.1465748576924097
0.6186810766188426,1.05106215884015
0.355854833498104,1.6306347110054862
0.5147576670238264,1.1495347438460906
0.6535780239182443,1.1547614127593855
0.5058928015561502,1.4115957960638252
0.2636774798068794,1.691484460732878
0.6801820239869716,1.0902332177303906
0.4262029734494704,1.4828022688149174
0.5674214077668202,1.2539807713209785
0.3286564899093283,1.549060361072036
0.37383479201784964,1.4992422314862783
0.4889884059415176,1.2326404301773697
0.5982840275475511,1.2662095290029458
0.5573912241731066,1.365585190633094
0.2718573778492566,1.6447420958348493
0.7039798430685771,0.9222599160951503
0.5974155242874942,1.0558232435857708
0.3248566962121477,1.6313545299585486
0.6001678655459537,1.1482871371927437
0.4328761666746254,1.3722621667910677
0.4213723125811821,1.5423501845732384
0.4462392574200839,1.1094524094022724
0.3121937333673891,1.5079751093707185
0.29898353351517054,1.638926452816011
0.4109412015377308,1.519390016834347
0.25830824800179636,1.6850568670100667
0.4938575942407355,1.2163493071770035
0.3927834851523727,1.4681504221016688
0.3855218793327011,1.3958933647517349
0.29632100442010345,1.5427209956356573
0.5662228931966072,1.3376680123450937
0.508927338618485,1.436821878153192
0.33371599254947626,1.6508236054180008
0.4622575098138532,1.455721356373242
0.32115984890116234,1.6232999359279179
0.30433415274391773,1.6290960538750436
0.492731770052041,1.4766419032806262
0.37582648942818203,1.6352661515059717
0.24783434515943653,1.702950128456207
0.2973745515386885,1.6757834253692088
0.6167185581408081,1.1315903783465886
0.3434693271122057,1.5892590214048583
0.77553422208871,0.8549239849137811
0.5068745141306772,1.3526856443256894
0.7460905494417184,0.8894457337726263
0.25189110775809376,1.7195328598698016
0.5992638992110232,1.205631392392806
0.4115826067678178,1.5062930462745883
0.4804801871046958,1.469452923730204
0.3296948168981951,1.6144951659637654
0.4826025158750402,1.4353557330494093
0.304586135497838,1.6099195863685427
0.5380604312473469,1.3038109763166263
0.6237789390155529,1.03103106207321
0.6461085682209897,1.185456821982821
0.5588320081032734,1.278138998210856
0.46737827644739993,1.4276260499243203
0.5116504121334304,1.419584319006893
0.46665690138174004,1.4807085335741015
0.35336271518558066,1.6671123745541518
0.5976027308322758,1.0492023917534827
0.3428532925057343,1.5473834904851682
0.202994836174276,1.7802008358617574
0.6760324001132461,1.0897326545076265
0.3510571217570419,1.5642328446099936
0.7630486514591164,0.9151152787054249
0.3064430136890773,1.6212358839919085
0.2544758418041125,1.7027504828852287
0.6038869578106909,1.2397038104509988
0.30022552294469573,1.6083083931486266
0.24112497988048737,1.7204640029502283
0.4780833010265741,1.4650557262267738
0.733249948261386,0.9771764567308573
0.3981881098572048,1.5917900877207791
0.5110966771216149,1.3742033860928156
0.2225605277548972,1.7645628080525408
0.3992374936505555,1.540625647967725
0.42531328956937847,1.410764106880536
0.375184825100328,1.6094047265398586
0.2586591479915362,1.6221615301840933
0.5844891768139394,1.2819746724388277
0.32018338240232114,1.5827527273899662
0.30886179885073556,1.6290356824929921
0.5639876976839986,1.2852643257007448
0.28154577849495016,1.6644488526427488
0.5306191519994733,1.3178883198679365
0.2909656071110926,1.6898757093824242
0.36899952976129735,1.578858463052018
0.7436152075463811,0.8819356020784606
0.2755632130320422,1.6583248479502852
0.4086150044268719,1.2941757454422023
0.3936644570952812,1.5850361956956645
0.6091854370740715,1.2341780328174095
0.3366073175397554,1.6141471989915892
0.3452639233904983,1.648034062629753
0.2446003848500822,1.6833171191998881
0.2511167303519176,1.688077379431893
0.44088816475298553,1.4860599358679785
0.5948807249312102,1.283153263597682
0.413278469183738,1.5538336194073326
0.5954557963848458,1.240266020729843
0.6832238402916992,1.0977453438505638
0.25199920705414275,1.7030453808660866
0.38586270004293777,1.5665047496173348
0.3285218103612851,1.5768867589560156
0.602537582503625,1.116107321664859
0.3544494663812572,1.4467156460989101
0.5262789828311315,1.2090099823171125
0.6150887423127122,1.1827683519682115
0.29000121534099055,1.6140540294476637
0.5547365264346246,1.2926017294130747
0.3112170869486195,1.6536542085822306
0.3245403982505403,1.6352398135034485
0.3197010743437889,1.6183627571909307
0.5808594949141693,1.2813487061644757
0.4190240847219738,1.5501706941960838
0.5587331459151864,1.349897797759979
0.4271139258549794,1.2129300286853415
0.7818206777895726,0.8317966553991621
0.7232507346012322,1.0054255092507705
0.2548264119342794,1.6733002435176125
0.20562703945035776,1.7447215277429053
0.5525464141674745,1.1737947914581746
0.4282391527448094,1.5150720085058338
0.2770821412861892,1.7183802463840325
0.24296215660798676,1.7493174877135447
0.3401917970504889,1.5154135014934476
0.6464164565804138,1.11598503904158
0.38165417205359026,1.5631699116376072
0.4057620041248378,1.4949392685003517
0.21813749702287025,1.747438440685162
0.2580325199083797,1.6691954410306664
0.6721087961541946,1.1461539469474893
0.2683333494276569,1.6554950322051258
0.564213239366635,1.3462703343873064
0.2657400089920505,1.714168194346636
0.6818577718862047,1.119096773346219
0.49610160405922904,1.4914613615450103
0.7431450354617455,0.8844262785432689
0.7582253826738444,0.9120366554898842
0.36033680066144724,1.4354000631322057
0.4407820910781517,1.2976276849615744
0.34824981714520764,1.481109419728034
0.4782464327403292,1.4366839677741294
0.5013378842603485,1.4175432383374553
0.25113399202526626,1.725604875354851
0.3877225029544822,1.5173035550301173
0.4433870626849557,1.352481791212203
0.6816429057050549,1.0451684531363223
0.5769743347009063,1.3048002861160282
0.3457921660973286,1.5018969266150237
0.5932807994803957,1.2140640072470097
0.35143488569380166,1.612293050355073
0.2921662538751398,1.65661773038617
0.43310523118310074,1.5269067779536944
0.6226616485538881,0.9953675640974762
0.5713393786883255,1.2388381075807025
0.44679718287600617,1.5646444677974884
0.287376176953826,1.6852590765308775
0.5359880732064511,1.275891550904476
0.24486333635350285,1.6853640540681898
0.4121014357398135,1.5506910238823077
0.623500617116417,1.1861761145616188
0.5505221623479069,1.2462478344936159
0.3104097525227724,1.697633013259232
0.34582253360857784,1.5901124257148025
0.3301145313733548,1.6032698367293867
0.60572169865557,1.1762458848380226
0.24907710602980995,1.6753042044805593
0.27740345880596284,1.6722009368472706
0.23143656356079859,1.726986038755627
0.33236775296742116,1.5353522124689534
0.45690108996883694,1.3364071411780651
0.33446079422881736,1.6124391785317453
0.4560232189057535,1.4615495732211672
0.4468335383589769,1.120626175743445
0.27769977943301677,1.6349329474384262
0.5466956299331553,1.3943649029769927
0.5567743859613966,1.2705729394526388
0.6489697835653816,1.0811910705289032
0.4383834422176383,1.5113615672690126
0.2920877475996584,1.5819136509737763
0.3810184463667757,1.623315660492135
0.2967952229594376,1.6228405946236055
0.41024673882877033,1.5797141987222065
0.6482468673823989,1.1079844450718648
0.25732817957280407,1.6798018357425375
0.5019272381351302,1.3722361302581818
0.6056334762823238,1.0549835314460776
0.2660365790813643,1.7204835455498033
0.3438184439274034,1.5773170447376548
0.29474126472346424,1.6192798695468982
0.32840425838369314,1.5618542325003917
0.6931338561140276,0.9556946609760635
0.5429681781604115,1.1963946289361242
0.41140658455844203,1.5581640432826345
0.3722067433129506,1.565444489554439
0.49311201833064233,1.4324544658872091
0.4630580462010115,1.2006158957743445
0.3527440036271536,1.5820191200536655
0.4904307749972843,1.382920036685193
0.6280562235293307,0.9804135392905334
0.24302426922837664,1.7122132213229824
0.5763462606353035,1.332243882071939
0.2646699038924503,1.687277220292231
0.2884157917775099,1.6671435928031988
0.23534440451090446,1.7367704068813303
0.7694610751193149,0.7775873196758555
0.8120079266765791,0.7209575841630905
0.28906706216383765,1.6691244057844175
0.47188701182788895,1.450583135994982
0.35104985254286497,1.5875130645205493
0.5393987127645394,1.3288159968609121
0.34378247956809665,1.4926127765616641
0.394882766546534,1.5798484902006122
0.6030724481335443,1.1799306039229882
0.7637612046842028,0.9215491848777445
0.28954632829527677,1.702525481504761
0.57980814629463,1.2360697422558924
0.8225492412638445,0.7114711517305087
0.5237501481654463,1.3705607225104708
0.3966279784397775,1.5073616798800353
0.34817800018160033,1.5397345094793948
0.23364094461704624,1.7301699713330891
0.3570528125872473,1.6280842867923957
0.4294771004855194,1.4491300426941747
0.3997969258070188,1.5390944211230289
0.5053549020356669,1.30871946810334
0.34368713880709234,1.5004257728675818
0.325496884749188,1.5890266845339904
0.372344503875237,1.4343686120784718
0.3709077832387476,1.6177009390749262
0.5749672807709549,1.1304691543161598
0.2935392725174878,1.6037503541341755
0.6217265185407089,1.130345103581113
0.296272279817833,1.6444855560862355
0.35836729114796345,1.670960061575528
0.6442969080448829,1.1891075471076782
0.3805561610235097,1.6274541618422496
0.45108116533507653,1.3915810814686138
0.5360756889165608,1.4293485679609064
0.45091750648072204,1.4814321490568827
0.6036584974493141,1.262179706990864
0.2854910776160329,1.6626914193709923
0.383816618027876,1.5815890003031123
0.6088027894157243,1.2160310074952547
0.28186948787928734,1.6830545615568693
0.5892565963075963,1.1676970383657437
0.4351656209397913,1.531377408463149
0.3807574682827807,1.3953275426363554
0.7011000019315494,0.9930654619029795
0.7197671470314594,0.9463219999807094
0.4394246822352808,1.5034680156288491
0.38756788896741984,1.4272318013334726
0.5428819582271601,1.2876245225972525
0.37831041976136465,1.6004119720784902
0.49355487624025884,1.38905761431969
0.48702068188237363,1.4351565950408753
0.5202326210322358,1.1586063683082148
0.7174597471647657,1.0187117931163236
0.5116592562945689,1.2834066501437158
0.41484990453887,1.4970736338868953
0.4669183984783864,1.3758491551442344
0.2879782419678368,1.641255138331109
0.6052066392473224,1.2794100074370658
0.2979655286645116,1.6649526438602744
0.6400951494976974,0.927861633960475
0.5114688588790979,1.4272297513094725
0.28315868280008105,1.6390644229017284
0.6604687822520189,1.1352103038074657
0.403742107854612,1.590609567012144
0.4849940492309419,1.423801513166218
0.31841493643079943,1.6713409340835195
0.44909202005546894,1.5534181090317447
0.3124866727736063,1.6732125935810909
0.3447252310019163,1.5146328617384204
0.36193323200920424,1.6461576825894617
0.5914079521103045,1.2169031734968623
0.5335196496588716,1.3629273920244995
0.5125730791678372,1.2092166376592186
0.4497188040985485,1.503574233931957
0.3222081277441679,1.6167814633796427
0.5007172600918938,1.4325188396172277
0.384713778015445,1.579130496978559
0.41985785150719335,1.4599495119344752
0.3678594578281326,1.5777081704447613
0.42710575411011215,1.4599480386308537
0.6530198229854013,1.1845576864369516
0.8553739123974818,0.5857133979557603
0.37815024948016585,1.56949897500236
0.4326649948856153,1.4025704617183796
0.3171232633507419,1.670553869213477
0.575182296338634,1.1190350367606072
0.5642204232390751,1.3187902638985578
0.2775191963649334,1.7032887315405654
0.2745463783411725,1.6571264665344119
0.40828062397813547,1.359613325632712
0.39594294859565105,1.5114731148522744
0.5117524093864496,1.2036958615504678
0.25942125030526064,1.72556611853828
0.40445155939966354,1.518401623677971
0.5770210111418943,1.2545387821079754
0.4860633008881648,1.1442654119445386
0.34186717358526303,1.5395669454201943
0.3370745646202537,1.640373975654783
0.3104199332180968,1.5889462781045456
0.579622774032802,1.3475704258762047
0.4750607054404633,1.5021534441360525
0.5467888426333175,1.31840580587048
0.32008965003360623,1.5961640438415232
0.40862946593635635,1.4118230117926587
0.5749303682495407,1.329611926515307
0.3998359911337248,1.5960748231996176
0.33098635295209966,1.6630737587477187
0.37165996926399325,1.6171628555240798
0.4494492255675512,1.3603560033619913
0.31179487792251287,1.6179458256662353
0.33232360168498815,1.6230445129034523
0.3872481069768847,1.5167759935881873
0.43374705015978665,1.554427134455867
0.29686283683277404,1.6759107001767157
0.5874025871773682,1.304070985745852
0.5032229718661897,0.9239110279010041
0.45570766529291895,1.4619340012501536
0.3286433050043278,1.6081505888548269
0.6335261054212297,1.1421339779788735
0.5713866066220852,1.1865152635225567
0.3409045327013175,1.6237141835702993
0.22970972660917247,1.7328435941057898
0.381220455335029,1.472392230625227
0.39151830520976155,1.4201960042606807
0.25718719581263033,1.7089789053673252
0.695420726997051,1.0047908819153932
0.4224784485144637,1.5361973214359699
0.38804987532648283,1.470716214351265
0.36339178554558915,1.4737704393768412
0.7151380786459487,0.959693113335663
0.41251038800165474,1.5487561453266845
0.3127583564015301,1.613766609381489
0.37186904794231584,1.4583639306165734
0.2996549574177547,1.5610854890448302
0.36595339726632664,1.6532157665062501
0.385415024804897,1.595547392153237
0.4122246612942108,1.5077181003522826
0.2953792533575006,1.6661105739988697
0.7284822507635176,0.9810406754218591
0.6052731938974489,1.1751631134167688
0.5385144789529185,1.299587783852235
0.2524959089497438,1.6908063086005303
0.5975801099370925,1.1960340473114446
0.32246563266280537,1.6006891568563937
0.2666688090057693,1.6715101543896322
0.294405769216309,1.6848078279616212
0.3151278812801347,1.6803920327782633
0.39714675318909803,1.4820454611119611
0.36171840690284907,1.5043884069225575
0.5756584322732282,1.3189490301799096
0.704616924263785,0.8894206676461067
0.6891061420065538,1.012521098614763
0.3510901150946365,1.6313494335110346
0.5316226154363964,1.3468586093798138
0.40829761301111756,1.5661104673398067
0.44201784338215033,1.414253355563626
0.5577317260306777,0.9888169516463394
0.35761200484699585,1.5637627906096854
0.48676129163717524,1.4089939806059484
0.25443065868497605,1.7300729289739647
0.3456046743483943,1.5189593879485248
0.4365490726807672,1.5116244297887282
0.7421227660823305,0.9632838089810088
0.3868856112889559,1.599483395227769
0.32123322998823994,1.6761362607842054
0.3965918508597868,1.3229707362823748
0.591848617319773,1.1181040543049166
0.5095293086319045,1.1763873016610644
0.5498516448294338,1.3178762504857569
0.7065344259706009,0.9640283124627241
0.4586539422310667,1.436813471816345
0.3166268337256592,1.6861881700336319
0.32628133220137734,1.6080105433136545
0.3757729981904066,1.499435037983102
0.2828859146125053,1.631717112670922
0.4727939331609003,1.3517644317619613
0.40096163350482616,1.3659980641478804
0.32407297614604486,1.5359306213282309
0.23373899332976236,1.7386204232072346
0.5639073913704155,1.2389788657865966
0.49201935262793844,1.447864677241225
0.2880455399411745,1.6116530548891146
0.4054083979324019,1.5716750835667115
0.31194385335437963,1.6146161765157607
0.2575492776093527,1.658962999545242
0.5902793996267136,1.3114245836166742
0.45218320299327225,1.4007755724765696
0.2740724438664735,1.6856465108890974
0.32143433653200476,1.5418855469478492
0.47879385957059006,1.4352817988513351
0.6546449927874345,1.1322028019959378
0.47635808595373297,1.3227778412734743
0.646042458090643,1.159905973797191
0.8139696640342741,0.7603944305750012
0.6883004441327736,1.028920426026107
0.2881753781883435,1.6600894606213892
0.30544999427669983,1.6524583539661786
0.4380581421572593,1.5063912910885318
0.3528636528510687,1.495950590735134
0.5156493572772306,1.3416301932819386
0.29830975934812204,1.6866210387667542
0.22197994496477755,1.6843095520444655
0.2417538626021316,1.7255063350681827
0.26314606695090886,1.742535093435988
0.28319681906345606,1.658426865333031
0.5415669768886375,1.2926810412089125
0.2713107230890352,1.662374326122725
0.5163394720900362,1.3847895617427974
0.49158782609052726,1.4718449064826213
0.7165118107831657,0.9246758915035314
0.513476617986183,1.0757852942819088
0.43421944070783525,1.4739873474969338
0.24280349852695896,1.7075400551451179
0.6651883963718691,1.1367124345368527
0.42193975437403,1.4694518104967065
0.42903017930116993,1.2765902893616148
0.48492088606191186,1.383015043788549
0.36694924224939746,1.4788920153823097
0.265676734791898,1.7370522350218764
0.3276269110900676,1.6609154090409413
0.7706099424140117,0.833559263206043
0.22554921825395058,1.756943318092054
0.24101280632291025,1.7205596149205
0.5667973706196493,1.0652180550848338
0.6462165385653879,1.0848513881485424
0.2488039414845508,1.7289644439818397
0.6007604426348409,1.2640557934398422
0.3787160900393678,1.6109995402521615
0.5279660299678652,1.3728478319445
0.4317833034401383,1.5109069107359896
0.3013289490896167,1.6947306180105048
0.3587962878849979,1.5627128614474262
0.6319895404214738,1.1683734964361001
0.2854950060954551,1.6620796398256479
0.3754172227189861,1.6166532882190754
0.22873917619306156,1.7738010447633035
0.3145551938689368,1.5319821896443635
0.6183183623344222,1.255829089291226
0.2560025669828587,1.7129962751688876
0.5893705129175364,1.0610328514645797
0.4513729330235504,1.5181360053514297
0.5272209681525885,1.3257288240048004
0.3549351934734779,1.3138293408113897
0.3234405861163342,1.6600406808362975
0.2766302642891631,1.6935419818992867
0.3274030658108466,1.5843564974138091
0.43053296731446605,1.4880679098366139
0.4790770653739931,0.9655280406932503
0.47680537227808856,1.3011305052045992
0.6384500131007982,1.1995550820986454
0.5909362169418003,1.2882020101330873
0.2733466741906941,1.7077088338005422
0.4214271408251254,1.4896157608985314
0.7479464952020377,0.9363550828301899
0.43700265140466454,1.3724817636219209
0.39801409955377837,1.4934015422668292
0.35909332569292485,1.4872713128354382
0.4697200067258799,1.507681893463157
0.3229276266834801,1.6686012620898811
0.7228900988227723,0.9765312065408502
0.6196281887127544,1.147522186749825
0.4417904460103876,1.2485447387120827
0.4872022781690315,1.238579913062482
0.38698792055563247,1.4789935329839818
0.38857334789735604,1.589563055256587
0.23453815302337858,1.683755966859009
0.4490464084151404,1.3223252581970142
0.4781876336463192,1.4252377534714409
0.26357046719235916,1.5655030874516178
0.3369225142807986,1.5897486466751847
0.5378976750333224,1.3732680048689425
0.24016223943664555,1.6828122522361202
0.2893675524354604,1.6267583522136446
0.5571767142369014,1.3205544056983174
0.24761210589572616,1.7289300499311528
0.7249634100205133,0.9610866382005322
0.22626856746189514,1.7061478480595795
0.3682398385810315,1.6203134754113417
0.6128651733742639,1.2080792098358402
0.613083374990209,1.25134243794178
0.3219456563808016,1.6763658484395858
0.3890027548057466,1.5634352724074216
0.45358528081002764,1.2883202478538442
0.492299455195567,1.4200825326448772
0.644570955801234,1.186546860306712
0.36146116651125926,1.4554684886534994
0.6114370468020673,1.2461832871919996
0.2724537386748159,1.636718704805701
0.2861900322824432,1.5527498945047657
0.3932439881073278,1.4474019919857721
0.2943994834995541,1.6259974089131388
0.7497754059613093,0.89180822157007
0.32664172853656587,1.5681106205920423
0.3901776482199395,1.4629560624824116
0.6122749170831567,1.1468244583323672
0.29836108682542617,1.6938541107944938
0.5371765298409487,1.3440669458803427
0.34602793746414484,1.6693626652042446
0.5044351284495052,1.2421673262877753
0.7034511089917397,0.9218065704431682
0.5241298503344978,1.4060301748966877
0.6311638743679283,1.1721870034306188
0.24394582830208184,1.7108480430873405
0.2717941193607243,1.726341459575321
0.7765193469615158,0.8561339631753575
0.33979364452174643,1.6199145150335967
0.27707202538785225,1.7213760138871539
0.4269096313531779,1.5019545537180454
0.23139853609229705,1.6823368597300916
0.30533513500721876,1.6699574305682525
0.848162203513364,0.6545077890794554
0.42870450649029457,1.5722701972265112
0.5418149870348751,1.1986538918005905
0.2927803526725556,1.653793106137332
0.317523629130914,1.627552956795757
0.36755751730878544,1.483192060249774
0.2778545201457666,1.6891899784057687
0.345010475640003,1.5249174711518405
0.5807978724605587,1.0185528681136313
0.37233394359694316,1.531210346521386
0.3107281178494455,1.6063216774361275
0.36845837175905216,1.561754036673757
0.2801538209525409,1.6793354750842098
0.8661183963581839,0.591151069100142
0.3111259268853004,1.6820341870110003
0.2692285579529367,1.6568593860846914
0.5336694494408085,1.3748652513535755
0.8255046687162606,0.7162545187124524
0.303686858871741,1.5543171268072893
0.4538791193298536,1.3427346379300773
0.4306720699358556,1.3999041833031005
0.6270757083679789,1.1851961860433629
0.2808226488496337,1.7006967584485053
0.5059704948798193,1.2845331595653606
0.359250697889202,1.545747183534797
0.3862418101021172,1.434992394854863
0.6198878310189955,1.0071454600526355
0.5042968928172232,1.457000762404444
0.4770525096511159,1.5050390997950909
0.2890961321647185,1.7257464816968056
0.38308595458427375,1.5910491544201446
0.3308301262920816,1.4974958014277338
0.5860156318945736,1.2936091664630511
0.3554655329701333,1.6383036035799354
0.46686466521342346,1.487194183126546
0.33095495098295086,1.6118382384135714
0.4022166705614128,1.5560860577217606
0.4200937801316341,1.5454093539950486
0.351708253769106,1.2914523082521303
0.46880548301480396,1.4065786843792822
0.27268000253455366,1.7030812096632628
0.26430640583461434,1.6519915265155156
0.46285585337926405,1.4824482542020556
0.43217903704958,1.368149510588916
0.2275068760074707,1.6604745977690842
0.3611057085546554,1.5971787503050698
0.2598850840828828,1.7192858075989492
0.6849684562269398,0.9045281745177169
0.436113768004239,1.5599173641070492
0.29920110380774106,1.6506421358054484
0.5958007471920074,1.2719789261994567
0.5684638328829651,1.301896624628172
0.29447412505230747,1.6136026593316932
0.29190700996616936,1.6194991609151632
0.33596995815538405,1.5764647494277473
0.4138322492787337,1.5143986717674998
0.2497274923795798,1.7252017759435572
0.447334106038293,1.2318234227406601
0.2929582551485539,1.6904457479194601
0.3397913187208908,1.5885169690295418
0.38035464076889036,1.5432437634771607
0.5051806253384644,0.9134618338066972
0.3206642299396832,1.5289968297677572
0.38090092052845337,1.4867948188874676
0.6570012217436495,1.1447777926320626
0.7532900655442608,0.9207592372120204
0.305644486461047,1.5653239514997763
0.6010292813117446,1.0972564241186369
0.41106232835504913,1.3105907073110663
0.3195864066932097,1.6043234636684642
0.243067119868555,1.7270459933555036
0.36828997809855935,1.5979269355315204
0.27584462742214244,1.581597537223785
0.3843722124929024,1.514321876769708
0.5463734843271355,1.332785946229588
0.4004282363729715,1.5745398039539178
0.6526143244096141,1.0424246989968902
0.35528476298132877,1.6164292379222147
0.34624508736040543,1.5053459759735606
0.5529252213884079,1.278920742266605
0.38384471733165065,1.5131766062118344
0.6153211727408313,1.1485470418735009
0.2917981408853904,1.6248496439888855
0.42292379827417403,1.4869223480336762
0.43252209964941807,1.4851034348134213
0.7474795878401186,0.8894615466403626
0.45616184217225236,1.4155820656584792
0.33993278350072614,1.6683210970772366
0.2887877726898318,1.622879182852611
0.28070336743959773,1.673433667662306
0.40436245318109976,1.5474644370009085
0.4547545089301812,1.4812866204589317
0.30122540858654717,1.7085868718584516
0.3606539889904161,1.5051814263233925
0.25037293291897833,1.7384154991716703
0.33776706467017453,1.5707147864938
0.24194058226150006,1.7308833058667503
0.26667960767721244,1.5989638685403582
0.49194178159008134,1.375497596063893
0.5860750276696135,1.1873325129381778
0.3238795685882962,1.5141766348910943
0.27911724510754626,1.6953116997733355
0.39680147206784316,1.5833536330146214
0.49015877008153513,1.4478518780507152
0.2579301387253111,1.695782296068575
0.6154186342878378,1.0445430838167717
0.40247497367768154,1.4823678578451789
0.31798587591681193,1.5509485424034253
0.2459339866238648,1.6921646674818973
0.3271199643122023,1.564453785602821
0.30824299972777136,1.6755018391139789
0.6285637462588577,0.9733291496327308
0.7241756277138781,0.9573337808670597
0.4097916051036156,1.5780115897664526
0.5980185907248878,1.1873687327684153
0.5869039084238145,1.267785055405027
0.2967392040176301,1.5868696799419775
0.5144038890937813,1.200054334365972
0.3869772206704739,1.605669625022372
0.4947096534166707,1.4381676265462615
0.5538464633652924,1.3027034190837392
0.5819920888456278,1.3280101098006294
0.26656786662510906,1.64489626373409
0.35930631772751237,1.5049862257667355
0.3996375302119241,1.5870782485652795
0.4867260635978912,1.311144925204183
0.3159592373039782,1.6868205130121732
0.697144654745112,1.0475265595514307
0.6014826831928343,1.2685696637186745
0.2535269126824742,1.7539506702495864
0.7272226906284786,0.9213497194474428
0.5675430565775459,1.3157207578099368
0.36262349309335457,1.569853989533944
0.36864504979944834,1.6194812266409484
0.4712878424703572,1.3106357653995375
0.25767043752811747,1.668363014589148
0.5464627823295185,1.2956956119779017
0.6642080480584505,1.1513668486153474
0.2573668913449333,1.6502478141106107
0.28983756952639533,1.682722934867447
0.5984900842374415,1.2655735091011782
0.6737770054106907,1.0529420619673424
0.32745164416965133,1.6163700546405226
0.38697943176614846,1.5880289481041545
0.2908330280029346,1.6741812829362763
0.628924890606136,0.9232850477701993
0.6543788790380752,1.1583626381565124
0.4452311065515487,1.2212718944831333
0.37910296840107105,1.6349253539573834
0.3319479035828657,1.5142454155059726
0.31467065738075306,1.5723146782907622
0.23087714711154605,1.723290784114551
0.4323118074415096,1.4650979343152335
0.36761785002896497,1.5252318908071474
0.2617127878015337,1.7109057893603783
0.27627198413455134,1.6162250065193062
0.4024416794701059,1.5364043138815204
0.2855350275984929,1.596971950185928
0.5174563155368883,1.3198129269088867
0.24825060817315536,1.660844307362432
0.6068438584798684,1.0178735183263559
0.3248154391271013,1.5976903035995333
0.21762413225142843,1.7219154131594525
0.3882093248451456,1.4569121729310353
0.623995643539311,1.0940858860650349
0.4178196283919189,1.4282934978279136
0.6201821602562246,1.0245317895551935
0.2348402102391445,1.6969361589114933
0.6864962578818892,1.0476325014945915
0.21946770916167888,1.7336808950307678
0.5605120133757082,1.2947409850396987
0.39854263292262226,1.5159654568952965
0.2859454884316747,1.671973426293372
0.366924708008449,1.5220097572210207
0.6230495315874591,1.1970624252896211
0.6440409900544048,1.2127391067080968
0.3440820777745413,1.5419950668036246
0.38299347915777937,1.5886766581076799
0.32075064723056124,1.6310604871192267
0.7330685458186135,0.9696575664223416
0.5622103438603451,1.2278327960061948
0.5627887283303088,1.2512830351753066
0.242284543746554,1.7181879869237882
0.6930626542905443,0.9984809576115778
0.6365275536366498,0.9946474399581455
0.3654654238635889,1.6234326703195336
0.3054064976216653,1.6242672570498335
0.2578076820840606,1.6729438133752512
0.720121832419854,0.9645902854082427
0.496902611603769,1.4427737712778286
0.4039130995458828,1.5496613504123724
0.23509531146900858,1.7333132562847728
0.5545618085844652,1.1488850175844536
0.7667167735811408,0.8798132116677341
0.3505393592110113,1.5068318593130234
0.35884070646314553,1.5480829706987682
0.3120237706748202,1.5166375979887299
0.6000357985859723,1.2518958098747055
0.6838795518805741,1.104640580274504
0.6290358148724139,1.1845238708727621
0.43625568177399154,1.5179996210414002
0.5953597889818025,1.2845302209960465
0.8037585971690062,0.743714623783982
0.43597605496890707,1.463797907108014
0.5354289244131022,1.288111495530652
0.4685720260821935,1.257462743256843
0.22792373848970435,1.7518169542424034
0.32233268272284765,1.5724586343646012
0.34773689639833105,1.5876274268086559
0.36210508713201883,1.3620164126860348
0.26215163761976623,1.7421130771091509
0.325940336423627,1.5840089404536717
0.6403452721668675,1.0276689081797867
0.8176245845801241,0.7557177142742613
0.5417523071737343,1.3234543287770208
0.3319460034266521,1.5410306756785812
0.5890998219248386,1.2159343354507186
0.5965100012024395,1.2350498622033907
0.37839233172000075,1.4212148285491486
0.5801292520374699,1.104220391592171
0.4543468345866947,1.4303246471076292
0.4356808144907581,1.5200697042183278
0.44495180883191965,1.4612275529773517
0.29102405552462574,1.5915115726131175
0.6358598857296163,1.2111468305788406
0.4632905614966238,1.4675803883675391
0.7010858295710026,1.0419682707182216
0.22008264230645694,1.7405300705291284
0.34367699169320226,1.6427495647835502
0.6031825117384754,1.0626610900831521
0.2594646328488304,1.6999092047931768
0.5028521740344111,1.1071697890737304
0.49351313654329104,1.2362387493539833
0.40716050599161735,1.2621070117992632
0.3508221701094105,1.5444798103040418
0.2418120368462458,1.7445845533240432
0.6842906097835346,1.1093507391776978
0.33490471396231286,1.543515905014655
0.2727876159890018,1.718636452463407
0.6549379932107752,1.1240111473270917
0.45205143738689935,1.461808110671829
0.32784139287778674,1.6196726873513183
0.8201317178600184,0.7369491865273137
0.7895221183471686,0.7789060833234238
0.6131612971254954,1.242878059532838
0.393979588478941,1.574082058103528
0.6196096262309994,1.2414546057230014
0.37670748062146076,1.4888520014214077
0.34090594383617145,1.5946562880109663
0.2808859246650355,1.6926274388699263
0.39567954695319724,1.5620447809624232
0.4581228993574881,1.4123472660438046
0.30641471079204047,1.6583552069273613
0.2750116769272611,1.6398614426422564
0.40173626927788797,1.4904681051734523
0.3708051943692083,1.6332233557964726
0.5676051889952612,1.3255058624297427
0.6850571154925563,1.0606292347910695
0.3230460187961243,1.550251007060336
0.5498790632679297,1.361094641880848
0.6703683991531272,1.0744402940188484
0.3248556371668015,1.6143902443001195
0.5886048449380347,1.2300063510327321
0.3377156087459848,1.6278375140832693
0.3935324829415624,1.591707174853953
0.4586308497174678,1.27699594313956
0.5966384159912397,1.232984749768351
0.4464300028676101,1.4956972110237172
0.5194615839433038,1.3801106236696803
0.4128082331303571,1.4879566860323965
0.5281553146973962,1.325044117938797
0.5219958839595642,1.0056830072889622
0.383010261375423,1.560153990256737
0.4505763674739684,1.4877942758126173
0.5278085496887244,1.1150877271668236
0.5201010157530976,1.3964672723077074
0.4741109559353184,1.3442686637882117
0.5741322578108266,1.3101852370017606
0.6034917005910041,1.1793287521464084
0.40279256213841086,1.3846707841414059
0.5812459305663176,1.2894608652660449
0.42212664631154706,1.3107324015952022
0.4996961605875585,1.2897328122618834
0.4604835908910017,1.477800161577704
0.28141153845756717,1.698545742688335
0.6034633474334805,1.1897065188613374
0.44487490244387734,1.2885449953182595
0.38908247565697884,1.6039790813068862
0.2807410685815753,1.6354641480434058
0.5482475367801012,1.3984731191718867
0.32472855268662054,1.5147988858107846
0.40172060149634187,1.5857758334171828
0.4734611685727243,1.4161137116194495
0.40597117102155084,1.5339707407418806
0.5467961143783291,1.3533595546449817
0.6460247022413114,1.1672014939822788
0.31920070972185094,1.6351941679714126
0.36361991849244346,1.5510866520226883
0.26920694460173095,1.6250769290091243
0.35962252496414265,1.5493990660466654
0.4240769717183849,1.4890734179607223
0.5050885112832311,1.3712485331367819
0.2202052070054963,1.7405786205244476
0.26682235171839824,1.6093546747856715
0.4461224622343941,1.512921990016806
0.48337138679870173,1.4570088477043814
0.430140370912144,1.2716174929756767
0.4872847568321286,1.3384027709721815
0.3600237364413567,1.6135360776063008
0.26246810295627643,1.6980386985139808
0.3336569986963988,1.5275193052641993
0.3367655031393844,1.6163006767715529
0.5640257755048452,1.1554450641059135
0.6678883504603743,1.0747620398681208
0.32909052499092767,1.636504600430222
0.2860420577404612,1.677645751058356
0.2627372408576781,1.6050396597090408
0.47444193476884194,1.475077016359477
0.49639615253898867,1.4340345597084456
0.6977932637314267,0.9740669435974885
0.25973617015131795,1.7133564668423182
0.2634915025506763,1.7304858110270285
0.4119817084767304,1.5635057321024457
0.48707491281373133,1.042642211911569
0.45009659310782935,1.4168381007636417
0.2848430818559582,1.6504618080259976
0.4837384086591349,1.451909666575591
0.7493974727093692,0.8843823568169628
0.45716325610347786,1.2488684111638926
0.6461534906182071,1.158385900640835
0.3209436801991302,1.637110349700695
0.2519825371631738,1.7049308229681077
0.2629932707418764,1.727760662573607
0.4323919259152693,1.514625689144835
0.26987538712036796,1.680379061745648
0.5953544570056922,1.2451043350879076
0.3947627054435331,1.5786514201104922
0.2738746463280687,1.6910225010775373
0.4180349135313231,1.4124080143754985
0.3323533636893668,1.6217605612012096
0.6814684702224669,0.8603552035717069
0.286544088827198,1.6532765579396758
0.3547096727965181,1.6280798419310119
0.6600975592889824,1.1262058423960184
0.33499586760778977,1.6481497937906189
0.6054154224686465,1.107042749629238
0.31141666073690477,1.6175840506760488
0.4108999550635412,1.5681972148317047
0.5401826193891858,1.3790578085051524
0.2955172858750347,1.6761486202948799
0.6289936674348406,1.0772265704000215
0.5259244878686625,1.3173765196858362
0.4531143848579042,1.4793864359090503
0.3651655783829042,1.5778847765595092
0.31869056875701135,1.6864732187546823
0.43660825927315505,1.5068308094819625
0.5070423820722029,1.4386613162894253
0.4128069294710498,1.5566647184261404
0.7528657308527871,0.9236120752105372
0.5727229979250278,1.287114093437322
0.5156686712502784,1.4008168178783744
0.6738283456711457,1.0884168149327782
0.5456673796115689,1.2852864362503573
0.3580888951028557,1.5713273021214773
0.29717156044014587,1.637921192701279
0.7234466035826161,0.855143338754005
0.662967009292402,0.9971313525411686
0.32831776361263787,1.595369305390301
0.3647741285765247,1.605168908707861
0.23462085619342196,1.7445300270211963
0.47732416195210997,1.454393289643009
0.7210166987781642,0.965740846902569
0.4448280674488225,1.3845133881052487
0.5549249269161188,1.157828635812165
0.3821361856783157,1.4052086127674157
0.33651624805576497,1.6169690344094663
0.23701052982246568,1.700822999756777
0.4661175407710353,1.4919938948560798
0.519166164137573,1.1335331711210626
0.37655882660541895,1.4128926344971624
0.47585719982671804,1.3883522807615767
0.27765119758865514,1.6378238458140675
0.454170206286111,1.5259624292527254
0.3212470956447561,1.6130237501700144
0.3351888626681965,1.5293211582076516
0.48943525253265624,1.3997677792167773
0.3417272336290641,1.6079639489446698
0.4219536247959236,1.2688051112792056
0.6520883919593469,1.1085386742884547
0.3938314775565181,1.5666430164229697
0.25706916576682315,1.671221202908798
0.2575911961715855,1.6840187609017114
0.23499870548503643,1.7363990113248529
0.4351507684797458,1.2435148191775531
0.5303397092464068,1.101637561344627
0.3385417696425045,1.5125749636036838
0.31561026949276966,1.622412433186475
0.34405886293001076,1.455160700280441
0.22018610103306843,1.7595790567105032
0.2992520770985859,1.6362495159750043
0.542620825555185,1.3599434288032155
0.2932882303136593,1.587032951959511
0.7641513543972738,0.7283516153285735
0.5711803016193904,1.2789792997820928
0.5539374520967115,1.2222723057555083
0.32224643770147393,1.630921990370914
0.5165477533812214,1.1473592274803526
0.5154749597302304,1.3987838742850895
0.4681543894046418,1.4204763452327938
0.2486236705238303,1.7121586604553896
0.2735003789231431,1.723876996061666
0.2322738631030574,1.7676240771500655
0.4235708806426847,1.2713774106405378
0.4949219606786337,1.4262295012925756
0.3659935008534076,1.5145505701340765
0.609924530878815,1.1962229250668506
0.3624162925389751,1.6292658967516926
0.4449795531404715,1.4866984077737229
0.7739241860993102,0.8491559914303526
0.6527578608386834,1.159407866647626
0.2690441235276901,1.7003263162120386
0.2810167723272836,1.6714683942358244
0.6894680744202678,0.9869369986573022
0.24035320519245462,1.6741663414818566
0.24739678906443024,1.6775832921636447
0.7671353402728852,0.8725595821974492
0.5000558150258408,1.3067481990739913
0.4442772450431282,1.355734986770685
0.4647695936694551,1.3509956202068776
0.470883848931528,1.4805382466058412
0.5198858817722624,1.3027290902114346
0.4113147037573808,1.5547982299444754
0.47045896457885067,1.3020144273145444
0.4438006569345085,1.3611634706682858
0.6741298466507477,1.0319004045935534
0.24116497603424514,1.7234930948383675
0.29221891459420646,1.6252510063015615
0.47975995190850995,1.1891827026771669
0.4795815263708744,1.2346827109632095
0.27054978702669963,1.7143918625136436
0.37801396562136247,1.382418669507061
0.35959486825440923,1.6663274796617242
0.3133372781535529,1.582277442103792
0.5160959978573716,0.9207283761431988
0.46483458386159787,1.4382536733076394
0.31186283481291527,1.6508748986893582
0.6567752019063208,1.1614394433766564
0.3199832400069352,1.6859309340211723
0.2912508132617258,1.6480185930311027
0.4076975770139756,1.4497199429818073
0.24866811418768972,1.6740666122150565
0.3109967351366924,1.569283619688972
0.31523849897741885,1.640432995078342
0.2658672894316857,1.6969690117615461
0.5370326418651585,1.2693380315524183
0.7021901620773382,0.9574926685280951
0.5731170714973364,1.3011120111119294
0.4558961247777487,1.365336165896408
0.6357334430078765,1.2046818519058402
0.26672225941868427,1.6424083079941525
0.4137913669064638,1.4962452273268565
0.26619785609054303,1.7251550686361314
0.29114893862582275,1.5820004554927358
0.2970410753176037,1.6930280934514113
0.5633603804390429,1.3562603953512211
0.32934358164580363,1.537232740946118
0.40346357416099166,1.345492280441216
0.38198036849949063,1.536050966935628
0.4911120988273075,1.171253721529205
0.7094644296160495,0.9768197330144347
0.27746866629414757,1.6314086595628654
0.5802919236290062,1.295598262341147
0.6402018515259458,1.1127514211964107
0.48515384406881956,1.412692424778028
0.32330536537214166,1.545100917498449
0.5559949897327576,1.2887826181719746
0.36547722446244685,1.6401259675974424
0.2550991651513036,1.7386573859487064
0.24926019052628598,1.7265756274633115
0.27650477434982823,1.660074295123804
0.7335182979659248,0.9888637191399179
0.3464971060166872,1.573382290252297
0.7408368347539793,0.8698486270727313
0.4155068484172136,1.441026950996959
0.3384546419601676,1.5242167415381813
0.24683349510680536,1.7285948161242808
0.344339895358635,1.5201240462100278
0.6553183287173665,1.1448755127577415
0.5799724531640155,1.254295878631936
0.4611574903645807,1.4852237582223586
0.31302569335444486,1.5047941074614286
0.4600507234236521,1.544680110310549
0.6380651937104264,1.2089376097139528
0.45220160486149064,1.3148082011893942
0.3183819233724271,1.62489313433295
0.40283753107971476,1.4372510514844328
0.6152819559554407,1.2004827756829115
0.2817121931888122,1.6801883076293216
0.42323703733998397,1.4117422121035754
0.4828302906147768,1.2069837574866802
0.5147243734916707,1.4192101762154272
0.5042159891350219,1.4689557684192716
0.25005845347261363,1.6926192120215162
0.6105952256153209,1.2142958877043566
0.30350459971489496,1.636631404743931
0.2692685652655241,1.6594500563604797
0.45235391405013897,1.4906457544891145
0.5532927232906337,1.3555324811827227
0.7052197140388066,1.0423912561473647
0.6760611499675342,1.085500967996458
0.5555290491622993,1.3256034525755611
0.3877973670867545,1.4753720842570286
0.32196765606910155,1.6567472764168376
0.3802856694823413,1.4791441447123086
0.23723805430893644,1.6986451276677648
0.6060262269442878,1.265200179147982
0.33197522525804496,1.6235075636696419
0.45781207138477026,1.2608535856883478
0.3946468052716388,1.347368137952373
0.5036456018842262,1.1979180142928656
0.29236255310776244,1.6253282160204934
0.5110784196306971,1.1617995761216646
0.5023371154540072,1.3599439316109272
0.5550926803545139,1.0859977813035318
0.3277102181596467,1.6097615393877038
0.7935614097624161,0.830545000274338
0.38592017779208226,1.5248992703801592
0.44615783128660774,1.4200157458461302
0.6160143768982653,1.2625300286382046
0.49449203279457893,1.3929994627852884
0.5779671854553524,1.2531319511629695
0.23037221844355363,1.7189254113521826
0.362920315504659,1.5654623025715764
0.3445667139529664,1.5482305956876576
0.2776172176863058,1.6467863083716179
0.5478545341023214,1.3412837956707957
0.6102391963176297,1.1024163583425468
0.5091747994804621,1.4313289171695909
0.3475147658765043,1.5537099474934895
0.5243378728425042,1.2564204962371175
0.3115633403240441,1.6338402970409875
0.7840552953715364,0.8474064213432848
0.5597341972003419,1.3186746229361295
0.3684816769461616,1.5370318111718386
0.3733115340783969,1.5567896575873468
0.24211449560203047,1.7127230417837553
0.520466507965728,1.3979150235176694
0.323604654164215,1.6540059782210408
0.2689980937872105,1.7133508052141075
0.2410794804730279,1.7117602653981283
0.3697194129215766,1.5470526097627222
0.5635105132676805,1.2543630897615283
0.2566234158370791,1.6688301074794365
0.3346900762496795,1.5868082640269001
0.23677122582991947,1.7305151804663512
0.5602752059759799,1.314710976982749
0.6516560985063754,1.1619452118955995
0.5307704543792854,1.311552403973836
0.3240106006649953,1.6139600547792692
0.4851142645219543,1.3298571356782154
0.27445499531324574,1.628472174486977
0.4977523550264866,1.0833510410359948
0.5009520582741244,1.3824462782984492
0.6336932549119534,1.158331963461204
0.2817533799299406,1.6364394247936578
0.5768522707426808,1.216770408308527
0.25492932367477034,1.6522443946593977
0.6509182911763749,1.085260372554318
0.39435379542215565,1.4630241752102113
0.3311809432324421,1.5395246800494229
0.28866467959237957,1.6097061037963691
0.28189325806342186,1.6420513794394584
0.2539021981068197,1.7090354390413403
0.43281052460391967,1.5263782066888545
0.609411547448654,1.0310000258820806
0.3122995102067462,1.676846495110046
0.3612685354533281,1.530671567432209
0.3570920453739829,1.5183327495199406
0.4057760418672562,1.580683004935461
0.4644153094525139,1.4607386488444398
0.36863352536696475,1.4866672577835898
0.3279209220000847,1.6218155317625802
0.43316786047660494,1.3094326227215136
0.2703364180471431,1.6395945504853457
0.5023411498930787,1.2750108972078158
0.8230339438384342,0.69129748802736
0.35427289922604427,1.5733185062196762
0.6281308943386061,0.911298396774187
0.46810232546080305,1.1831397416773295
0.2521307226388634,1.6921499657612202
0.7426357086884567,0.9474422841245566
0.3241275073683963,1.4634485803801691
0.5833373026521808,1.1924191786737754
0.3632603958308581,1.579131363381554
0.49878148715498083,1.4515721501839745
0.3870520138552609,1.6293547127361474
0.6492812875818511,0.9104035605083647
0.35137569963191995,1.5779211373774253
0.38577190929688787,1.590904774534517
0.20344780428611964,1.764171529622134
0.33100443581282407,1.6787169409618126
0.29285214466964543,1.6209893210597157
0.47378018409346695,1.5118943995412524
0.4802951535787749,1.0340119551426097
0.7504758419840434,0.9066988206811873
0.6155359759468856,1.2572182652756059
0.2680429397211863,1.6741498438366247
0.23522756205216608,1.7172310312029433
0.6938530576154818,0.9624424302125916
0.24881191540934294,1.6953427486213162
0.33274329458917334,1.3023840316406048
0.7696741956197952,0.8586097538321882
0.38934725805791603,1.5149840825429906
0.7082509627359292,0.9716683774317563
0.34671551086075975,1.5659938178322685
0.49732907564822276,1.459262585024447
0.35746304106390775,1.5961537280746436
0.5675917507829153,1.282972499981006
0.7531277248220087,0.9322853072690703
0.4107709958812815,1.4972884119591894
0.59954642997641,1.182334859976148
0.31906312815793453,1.683259912801888
0.5372096224465979,1.3786851503614692
0.3227286805492034,1.6377037237790002
0.5654416701195355,1.3564578293556269
0.2567468298498182,1.690420043397743
0.3685909899724076,1.5950661906976378
0.3251640620293253,1.6076394504798817
0.5339060926796655,1.3635614012017236
0.36245676594790377,1.4890185071021813
0.25782426544326537,1.7227188071341775
0.5917491343876216,1.1969382934015624
0.6386673018716664,1.1764869320990885
0.27272715400323827,1.648154001372224
0.2468399134489697,1.7189302115154381
0.3315886777866049,1.6374015228062986
0.270887430000232,1.643868725005826
0.2714604692011539,1.6454011625940197
0.23552134244630996,1.7272561103236812
0.37365770162467205,1.6378550877843647
0.5163554290251132,1.3037905584242135
0.4641428003248792,1.4792896838269405
0.4172865539998162,1.547043268859317
0.2744379780510728,1.7012133894108539
0.34486982135046945,1.563826662132145
0.2856603505360459,1.6147781310479121
0.4487196647280667,1.4889410120034845
0.45022086851980114,1.5162221715590298
0.5232857095556114,1.3275488935350133
0.249394421775804,1.6810087636960103
0.35997057810976796,1.5587442915164473
0.28056895083856037,1.642229868918872
0.7928780969585372,0.7949264733946224
0.3594877696225888,1.5407789286964197
0.39834513470252114,1.57804519204383
0.395795983220336,1.5832929069845019
0.612656762784123,1.2098810690480688
0.38184584669428445,1.5149855176482907
0.5634976497290971,1.317367844135055
0.4753689828944694,1.4327489053125628
0.41156851253545274,1.484735230089791
0.7319659072509356,0.8950102224241271
0.23290029288542205,1.7452691932624576
0.49669314021774963,1.4278705028139904
0.40224640162261366,1.4329193110553842
0.2712244720851819,1.6943220166489787
0.5806505214172356,1.1659308196282905
0.698841856211046,1.0023194769137467
0.4746605950570651,1.4736814961684397
0.2846496195063502,1.6341150661960424
0.3982427519145043,1.5929696747118562
0.599898512398812,1.1826946948398709
0.41058194220131244,1.5350581490431277
0.3840776407435871,1.6192598279777477
0.3528441868169559,1.4438557913656331
0.2474015452948175,1.7161884530577376
0.34858186417458786,1.5605152653966827
0.37002301504427765,1.5941584782850842
0.32903560552259126,1.6825970403372703
0.5025051910582056,1.3801412874347059
0.6567027667425538,1.0830912652850218
0.776020394171894,0.8414280873480047
0.35045435684360177,1.5468796428727167
0.5258872168741876,1.020440699319152
0.5994354578521747,1.2061837169183078
0.39918527120309377,1.534476678164585
0.2734151904657077,1.7274899753927901
0.4846079100973929,1.381672991443464
0.4093561957044084,1.592833548204512
0.37677923297296595,1.6059620826142296
0.1991301400122163,1.7718525658992916
0.660884073277627,1.1472363278826425
0.24710630616320878,1.672118387453615
0.47425541995258613,1.3438629390274552
0.6295871915567548,1.076709248254599
0.6427415180211011,1.1934982600463884
0.6053497000068726,1.2539780876767102
0.4258046118889914,1.304621015861541
0.22632525006955442,1.7076512061187339
0.26286006500445386,1.6599317641124418
0.3612387392885528,1.6063571851285037
0.23127581393829308,1.7441394829268773
0.3175397826895568,1.6387699526336459
0.3862032680051481,1.5952218488994745
0.5948171276050229,1.114100299653601
0.46979435008041226,1.48361101796002
0.7152129438845348,0.9900093812566512
0.40361636235665127,1.3480346802087222
0.5238640036245354,1.346582377520451
0.41829598028764203,1.2887325758254584
0.57157960414886,1.321778180733255
0.45756536248753965,1.3931615549694012
0.33650452784059776,1.6802546154287117
0.3465761133174943,1.558135873528859
0.2654144552514767,1.7148478221867043
0.6614903152598947,1.1305633666322825
0.3125096524309079,1.660971348430648
0.2488705521734853,1.688332194113249
0.762193714738214,0.9067036240818283
0.6761212362533188,1.1046738168552022
0.38514885743185995,1.4522186301912907
0.24090325614164973,1.7049580771634933
0.2592274165397512,1.6664537766657772
0.5364951836706476,1.2746247884811521
0.2810281114943135,1.6566109412594574
0.6017745800607482,1.179284091404901
0.28432411892418374,1.6510444060539724
0.5357835431073735,1.2358135476106566
0.2690853761473489,1.6852383756372507
0.3379230729471525,1.6146103446586517
0.3099424368840175,1.6111689338648185
0.6549544772351713,1.1716352574049511
0.2862296852798496,1.6656305775854598
0.6197422940460239,1.2227543254956943
0.2533702290460145,1.6435883299428904
0.5843183691430981,1.2370232054288277
0.32992659669663965,1.6479516919523585
0.741625803390073,0.8547738641449094
0.6683650203004209,1.1217011096772609
0.47679911209825643,1.4305055654880499
0.3417376940555733,1.6666383309220036
0.2985517206159863,1.6421977673910129
0.648397977162623,1.1597650254768084
0.617026246887923,1.1188051728887434
0.5860859614503102,1.2110530182735602
0.37851870960471745,1.4301457818290366
0.532643884270041,1.3528675310645562
0.5592596716093929,1.250258129587624
0.446589395014885,1.4754624925706463
0.338900217749705,1.6688764254822661
0.5388382312814587,1.2997358644381756
0.32550524354759963,1.6330274888845637
0.2905039982214884,1.5580917909258405
0.5875932975349221,1.2670713053782292
0.31051368786682393,1.588613547810204
0.29192303021207033,1.5794151102376182
0.5836605766874956,1.2049054888443507
0.7021867843191753,1.0645984366354402
0.3482297317392458,1.5193424642216222
0.5400580286622685,1.3399103809158976
0.5146391896651827,1.2353594675257804
0.5279222639527607,1.179366855094778
0.4437757568928826,1.4448613073582368
0.3851189262934071,1.4000054316584247
0.5181987296680992,1.2019924447512054
0.5951788253329962,1.279721746524288
0.38652184751687585,1.5390728127232478
0.39487059339873165,1.5032242094589647
0.3716587672674866,1.4595724503521352
0.41674656148404937,1.5493251152265912
0.36931161739304585,1.6336298852569595
0.6030616034105074,1.281128431410769
0.43021181867825203,1.5186830845550912
0.7265735607356574,0.981393642056715
0.487016773425556,1.181714928104706
0.4949786321067618,1.4560098620985573
0.36893255346251275,1.6063326546380439
0.6187849648866999,1.139696942209144
0.3957960214567192,1.5818824537286855
0.5907348930527575,1.1978555570806493
0.37110729220195515,1.5733948747814268
0.3850614012443776,1.6076994036903318
0.30800708446673675,1.6858976612273318
0.35267759355110345,1.6423451400686497
0.36532636863100915,1.5165956878011735
0.7276406340468743,0.9648872429245544
0.29167265856697283,1.656254486455493
0.8516190979935108,0.6347395746752829
0.27342299096754624,1.6172757025332045
0.2723651292328819,1.650953432392793
0.5573883436446236,1.2975635930569922
0.6043235040939937,1.2256476372056753
0.4851761025714789,1.2054152025249947
0.33897105425243723,1.5725734622167145
0.5108096224318773,1.4295724633876223
0.4783734720008284,1.499441865189889
0.34682247329875493,1.689911238786644
0.25641128580111183,1.7200445024421274
0.42818886109893073,1.4857472393556352
0.40789533792215754,1.548745166684094
0.4065148961506045,1.479999277172638
0.36675631470581965,1.412192911174776
0.47154066426917074,1.5075224568096914
0.6373015177306334,1.195475442115931
0.820032045082085,0.7293931021620128
0.4093276675516916,1.555878694851275
0.24376570283597943,1.6830051427333637
0.667318252267705,1.1046345356898342
0.4520288134940731,1.2847145010702716
0.35671921376928384,1.6241661845703201
0.792245544377846,0.8220929152089174
0.5596951939118758,1.2940410166757323
0.3884808883836477,1.5706039704456227
0.5028153674588096,1.3255611566541579
0.2883602132382204,1.6476721050513508
0.3561991353857437,1.6095977843474818
0.5297055146767471,1.345921595473552
0.40777660977371943,1.5315909615197043
0.6659737845639677,1.1263979818635699
0.32661014878694633,1.5772010521810893
0.4415588133824614,1.4731033753051572
0.510214294538513,1.3851068652521243
0.35490919315634945,1.5653601208701562
0.262085113812588,1.6919684131869306
0.3293281097317027,1.6646439775768629
0.23580769705127988,1.7384229922799672
0.3217222830232132,1.6096814530501526
0.5721759458860046,1.1567394584449229
0.305096270764548,1.6397454044664164
0.24448913868866942,1.7321861189241667
0.38022272212583763,1.6216274176186505
0.4209478127324648,1.2031089435732725
0.3641007498282833,1.5219286165207264
0.706938312437682,1.0557073215207575
0.2362000382243117,1.7553389721158106
0.4146569705539952,1.5577149151928795
0.3180107841200253,1.6824163629352276
0.3492738918618102,1.611257281046163
0.31213472393375086,1.5867562988939763
0.6454334773409934,1.1905499194766351
0.3647496061971481,1.6569871851792026
0.6315825220495398,1.1610222609222518
0.6694298774674802,1.1510573714713885
0.33896129388270646,1.5561225656621593
0.6615216346783601,1.1150872089523465
0.3290543311969015,1.662836420913345
0.32750039290254623,1.5866410874151349
0.40848609561930055,1.4579700850683666
0.7348612075312917,0.874809147198329
0.41159450966339745,1.538881577988462
0.36520462566086864,1.5201760788632477
0.5307681790403396,1.4054942697819444
0.31867487837575476,1.5535393624063838
0.339729450202923,1.5668536564004312
0.2938546577076887,1.6875483308790364
0.42983901213313036,1.5745789085770379
0.332776760161883,1.5491133410395035
0.32814797079439234,1.6574810483824343
0.2995198919166876,1.6600884437086334
0.2761782969522482,1.677755235319303
0.34561424597528456,1.6307210121220312
0.37295271039149824,1.531509375112066
0.5816351446722443,1.289824000159343
0.6582141072086458,1.1565793256122574
0.43203268538087697,1.493221699989638
0.31218311836775636,1.6467827263466348
0.36437327263428715,1.567352563799869
0.5400569635264565,1.2837124803777782
0.5789053987168837,1.3115257130543685
0.28623247682217406,1.6739367549479955
0.4071182048042719,1.577857559327624
0.7215420350752957,0.9083087968123582
0.5338804976894006,1.294626766302296
0.5128103012259747,1.4152027726650576
0.45112197022240386,1.340548016625049
0.5787127327756609,1.237182674693253
0.37400024420284317,1.5842233575988467
0.6091948018155915,1.1381009182989645
0.3648255395615795,1.6132633018478808
0.7299972842027889,0.8995547303661118
0.32710203055979375,1.5893360858554426
0.6098663221916168,1.0063375944017077
0.46300139575871563,1.1132588970932542
0.7128302591704381,0.9544826929371889
0.31511954089807775,1.6177753970432023
0.3397269112914191,1.6360293151428573
0.37319568719566326,1.5340692945138203
0.2720560092401544,1.6831617485321628
0.2707029098218484,1.674154532021009
0.4243081026860894,1.3539851940966183
0.6123535492735485,1.1926744020284443
0.41353342443995594,1.5252110864195698
0.45751692122842547,1.54512111031719
0.4712636747135024,1.4355091581512611
0.5682692422350443,1.1675258470600727
0.4513391814471457,1.4948417323301677
0.23225367841220015,1.7430302826797373
0.24912677278959536,1.7018926854149348
0.7700412933300613,0.7515717762804723
0.3263593883441567,1.6709321636635484
0.6169932197650398,1.2234220879057909
0.45462063802910363,1.4980203856892753
0.5207648705445531,1.427093215452584
0.33925272111020155,1.6606325545113825
0.3546566793445416,1.4857637203348937
0.2634956633609521,1.6886833239545473
0.36713790149201425,1.5781777421317853
0.24816000267461655,1.67464020544403
0.24711250072130836,1.6730617174567923
0.30586164814693495,1.6826096414531764
0.6565978840834389,1.097623070775789
0.24767994706524676,1.7582597943189289
0.31266575472042973,1.5928999117995186
0.5385438030759017,1.2585912184247856
0.26819803885243954,1.6348878027943203
0.3461678590396148,1.642766579050731
0.7076906482952795,0.9654593561881485
0.546759212057843,1.3955245611758569
0.39932123955675247,1.5616652718847892
0.31506975895587597,1.5855709502081248
0.47377204360524616,1.5066867005820384
0.26240604928408423,1.6442577473108695
0.34366661919527225,1.6171740711550333
0.3186515063562129,1.6793557664117693
0.556303942192254,1.283671056460186
0.623954812200827,1.0948294851284808
0.6096500695443097,1.2448831409759182
0.3612524726681551,1.5384290837034955
0.6143225947822919,1.1609830177517666
0.34377077190703703,1.53823277298822
0.7879302495190702,0.8022579816126377
0.5088640697676525,1.1256477739462272
0.7403282153638164,0.9514465027090051
0.37595957657829837,1.5288482447800948
0.47491741263026244,1.44919110270535
0.5596938839653233,1.1779248770236448
0.8251293728500227,0.6987061027536491
0.5294790361637189,1.339617090934204
0.3942430663852219,1.5875241907462643
0.2670485835542886,1.7150868855753647
0.4352285018559719,1.473136416563668
0.34212468478222896,1.542702869316564
0.48667536321696775,1.4069915235058912
0.33377527044512767,1.520537669293648
0.3407528204774216,1.6638122880880217
0.4043463614898366,1.5153458130353878
0.5720513472996549,1.2256325167350401
0.4562017597162933,1.5478149760968558
0.2896660464731093,1.6540486632018516
0.43323528358981667,1.5541496741102745
0.7275593304257013,0.8645760306788765
0.41316137780434364,1.552623979018909
0.4717683769021305,1.2556462127102037
0.4169884726236158,1.4609489709323649
0.5980491787758746,1.1365983874756274
0.38182563985998064,1.572504753426478
0.4699113785276207,1.4595278914953396
0.3135673281818275,1.5878838325672866
0.5181705306069143,1.3363839750941298
0.2650775845691051,1.6921767165463826
0.33118784824695474,1.6798807076776008
0.4809227328765307,1.497838111584901
0.622207057461273,1.1700732906491795
0.586760798661757,1.2065206121626764
0.5741138018085097,1.2823240145209163
0.29205992723258417,1.6047077755500976
0.5415493593042204,1.3806589730729728
0.6878420613431719,1.028585582565757
0.3125846913847805,1.6488489199956446
0.32754523868481183,1.4386613037017295
0.4620888204456459,1.4131274621290828
0.34975981266476347,1.5951618343014244
0.8608881865102697,0.616732358696832
0.7185323049509134,0.9051771929936769
0.27602420603289174,1.722682413230135
0.6177263684637567,0.9739304188300844
0.5953812280704328,1.2514260153455221
0.427842893121187,1.420906487752521
0.38017680179298224,1.5331729474652511
0.602412886033832,1.1730774738013512
0.38995636527437527,1.345247826135164
0.4503765763162596,1.5088908315249672
0.3760378957290494,1.5368800388799584
0.40029088110171435,1.2717564230858502
0.2295599318539596,1.7305546585012583
0.42372615498361255,1.2680057859787723
0.24800318136390032,1.6959787190354485
0.34292423146056855,1.6192665581857462
0.5011619835039574,0.9402581558156811
0.36134032265098104,1.6052145575559398
0.7614907919340945,0.8461113282045986
0.4182995093330144,1.5156115908710146
0.502599771237107,1.1107301063950117
0.5317249977221378,1.3232983843572226
0.2693463423169715,1.6712892169269817
0.5490874177411573,1.3804287038841168
0.45863619986932525,1.1807173451391708
0.4828543419071952,1.5102905022388735
0.45086420488476475,1.5221092059819565
0.3404507841927512,1.6667482103548308
0.44258473885908517,1.3699358731508213
0.22902420890292563,1.7157693882470328
0.6340536561523894,1.0564322190726951
0.3571367173793672,1.663886979417829
0.382027613926963,1.489755415340577
0.7406368349236042,0.9541939103224065
0.44690847112532983,1.096721589162538
0.39693797064533687,1.5113380180656866
0.4950025146827166,1.2207414337612175
0.26271248897804406,1.6374040800985572
0.364749625267084,1.637943080233381
0.6490790878384981,1.1662126795422265
0.7804752300837606,0.7926417668836958
0.757765430969189,0.8785610360435226
0.5123665892903336,1.2894622650642458
0.3535902068615353,1.5019565961417838
0.5745155354713049,1.2933224663214828
0.7077892760097457,1.0133086172056638
0.42201273637203,1.519114564079799
0.4711635491213763,1.4925666909109598
0.38089983165399,1.5166291049777443
0.5788551926006582,1.194094766303225
0.6177475887975812,1.2149042145958855
0.6556627876176067,1.1482085486811426
0.3097094154022136,1.6802892025208755
0.2808487693042016,1.6964485996301466
0.29665976813520195,1.6389039403719456
0.4945535860225803,1.2458623048889286
0.43199476966938366,1.4965156102533497
0.7381262283460411,0.9391488421928664
0.6394843873824281,1.176189462935874
0.5828909092768234,1.2095407898313366
0.3635908635296542,1.636064954885165
0.33263891070583895,1.6236477321620504
0.30464480709652436,1.5873864976005074
0.28653006091247857,1.6100819095905656
0.27632743390136244,1.6484351753922089
0.5112018249576352,1.2045851482597292
0.2321071343351257,1.7213703183513795
0.2840275354363442,1.70741186171352
0.38345375183409475,1.6061298802170643
0.6382767029650823,1.1777730704662561
0.31849509888045635,1.5826956047348586
0.4222608920709106,1.5120735848677604
0.45269477341521575,1.5213714480968576
0.22444498485197992,1.6840384305201002
0.7094447364561659,1.0367088375727593
0.4107483927712271,1.3663063744278547
0.3052623249798262,1.6346137789914867
0.31573106811315177,1.672335245692736
0.34937682825178873,1.5724447089004692
0.5750426004496543,1.270491150139038
0.6300893827423973,1.178622874617262
0.3421815628188788,1.6414964061094686
0.4271920451246823,1.3556783784091233
0.3799335347469992,1.5200451224893567
0.5515767070166974,1.3036968440801284
0.26632709328709825,1.6469817648155844
0.2953101025715655,1.616860949912461
0.38359507196863707,1.6072208115538542
0.7148855080326376,0.9557214408287642
0.7132052414984523,0.9606340857662715
0.2500069928673222,1.716225476373752
0.276424438506447,1.727617901626925
0.24084128850900804,1.7329394907012825
0.37594692488495707,1.56438210394132
0.24521382498322822,1.6775947555033444
0.35981157929249513,1.6294497459891293
0.5698722290225529,1.163536585042325
0.43578737731732026,1.1757460996835156
0.27968256530627317,1.720750768260777
0.40339996647559867,1.4796664203797336
0.4928531436547173,1.3956020855537146
0.6402893316219698,1.1809688255007587
0.7228449711051295,0.9218988692419854
0.5994719469480956,1.2630679661481417
0.5313683248922026,1.3987619124061719
0.5771477298490163,1.2412866269000093
0.753141990320946,0.8618625707977652
0.24932429359904645,1.7306626378313656
0.37167562319832737,1.5238949219772402
0.3019062834617936,1.6230748792011367
0.5857489565517195,1.28234829190905
0.42343872333510807,1.5220817719402704
0.6826063454225536,0.9145503013155794
0.48775559548111735,1.3739052433080712
0.39783808168006246,1.4101786375170136
0.5611871198024031,1.2632092041435
0.601334185723747,1.265900819052313
0.4440917793581149,1.5527916168680083
0.5001517703677674,1.4302593112129431
0.7339318171069468,0.9621394189526153
0.534759636273608,1.380282243420777
0.577921064578541,1.2405563667026385
0.300213999305863,1.6751998322276005
0.47981367110365153,1.0448629891923296
0.6696339548151178,1.0913363850584052
0.4225947425465504,1.4974377594200163
0.7672258554606817,0.9040638652857451
0.43918220061289465,1.2451703212869234
0.2696282323434487,1.704832306905665
0.28307603231763645,1.6617417879451
0.3978255447393724,1.583221900320233
0.4529369743578602,1.46660188941033
0.49819440278261046,1.013587082277697
0.4738600354800133,1.3583089666765529
0.6397989497142027,1.1413362947677532
0.7279284236265053,0.9465346424535579
0.39697909844240015,1.4616578207340485
0.6738909496476332,1.0910860604052295
0.34261857349373964,1.5957604790679722
0.2996524077458679,1.6440794740903704
0.3910599106763983,1.570346530158376
0.45996984033027694,1.5237745627350912
0.5931365021662935,1.2237411232944773
0.5627622694730458,1.1299542405407363
0.3887584054228331,1.5929694722047745
0.45176499056883224,1.2282043902136692
0.3184455722615912,1.60940955900121
0.2772497956841645,1.6162569360733314
0.6018835565053717,1.2794345415065413
0.6033765560703289,1.1988598492144904
0.2611218242746574,1.6436475059812699
0.33438137171973725,1.4884509860824244
0.5511335366166397,1.3362550637904098
0.47247068311313895,1.3698066048418442
0.6800550375175258,0.9735014273888243
0.23594237993400874,1.7369355772193662
0.3610299513813352,1.560363785856246
0.3600034110122575,1.548108728171816
0.7652651035195477,0.8678290781357132
0.33342851071112295,1.5478497020522801
0.5366692868040248,1.1792669318273614
0.41823533349456393,1.5575140654211046
0.6186699778060736,1.12603404050461
0.6668648927855112,1.0739318475640678
0.5243553689330007,1.3637731954826142
0.2582948825003366,1.7022976487979773
0.3776370593731279,1.5210892866120878
0.43898989555744317,1.4891332505122163
0.6158411261587975,1.2396399712374984
0.3585373557506035,1.5116317520720068
0.3051069473125579,1.681352894386625
0.30341041899528665,1.5386860549861696
0.3874327490903594,1.604388763490722
0.46993458805017524,1.0840189416229038
0.3926043107978369,1.579499364204708
0.4283304566811083,1.5063355145093669
0.2961762439406669,1.6971688990946252
0.6082082352660382,1.169892234627324
0.35479006002163793,1.5884433331610468
0.3942099966973943,1.6102280536034281
0.4739350899953358,1.4445534274618819
0.4539220526220213,1.5388221277414718
0.5816234884645555,1.1671931659072516
0.3623551954848501,1.5295637834940898
0.5822728550804211,1.1796978167915142
0.732235158664015,0.9766174894618932
0.5885859671376432,1.2306483833532487
0.5337152992626096,1.372779478280288
0.5291930631754097,1.3841816934757833
0.29077501860725774,1.6265252269761705
0.5748326509850346,1.3101974752183505
0.6271333661010137,1.2323136230031844
0.5915529676879392,1.2278891879232294
0.4462150600402591,1.462060898125081
0.419311026183127,1.4706066101093629
0.741144132693055,0.8560147573867073
0.2572513535159323,1.683345363515752
0.7056459568138818,1.0114137878011262
0.7198312097769548,0.9416707463927066
0.35659730707995263,1.5413295983765807
0.5030312472936771,1.4452743886666908
0.566203831496349,1.1567476412519058
0.4819574296207422,1.1639919055829393
0.6025762559690274,1.266010449902751
0.2664737778231967,1.6135244611037747
0.45264215229751525,1.4722143940294767
0.3881127891306645,1.3688822324308116
0.5624699483793918,1.144661673066392
0.6528009857169825,1.167418876197253
0.5598533878880031,1.2471795242664865
0.2855341936819003,1.6450383206161256
0.23115087076422366,1.712032157216302
0.3443105150786598,1.6125253380337137
0.4957784394078764,1.4614449114221215
0.5379086800078925,1.2860878524884698
0.6165708639450609,1.2120535494526523
0.3397979271986392,1.6343059174619696
0.5906342486257032,1.1945501712648334
0.31366799773039533,1.5314719477019196
0.2614011750822431,1.7129849429678088
0.29797550977298415,1.718744350626358
0.40448185793726793,1.2889828380198411
0.7638794773802924,0.887067821540171
0.49887441150679,1.133495818550414
0.3781192589132775,1.5811580401683394
0.3835033431847925,1.5715564423480322
0.4255974757895432,1.5137483648554961
0.550112671007758,1.3756402979285856
0.2548645413394403,1.6708356936482271
0.36836937924906527,1.563994585626863
0.5732891741046714,1.2670340000467872
0.5720188432552141,1.2588125659068907
0.6019203656899936,1.2457545246843829
0.6117105446524475,1.2729799918948375
0.6406564354219677,1.1894784114844534
0.5054593788706149,1.3730424263365315
0.2509502903620043,1.6681851585214538
0.634887960633144,1.2181147755913242
0.3278899902274286,1.5223717691141978
0.2286097314451816,1.7236517006282028
0.4137633790777964,1.3970559161458458
0.7731735985957275,0.8755884209048359
0.48272941407090814,1.4153438346834784
0.4348288109690847,1.5806017897079856
0.3124891786291591,1.5822761630557736
0.48295511942941816,1.4561975443425472
0.24588359456881054,1.7354813919650374
0.5797476532393382,1.226012022986695
0.4418612617748056,1.3302171603948754
0.4725145684785469,1.4595333461103113
0.3923877971345199,1.5533730373484214
0.610730585613191,1.1697875268203533
0.4502445356067635,1.416749357245529
0.530992807657792,1.0928265692446328
0.3886133014616967,1.5996199007835288
0.4497653271159241,1.1427571860977828
0.4657667220457413,1.3867426637635174
0.5498483831790455,1.2967720323207097
0.3197200447089759,1.5620636901443088
0.7018917520019264,1.0121642516524698
0.4640100296081254,1.4304585601592412
0.36712781022997387,1.5528485935552891
0.4243745172320058,1.4643829724593354
0.3161245415376112,1.685446976890517
0.5376445714750739,1.2697627244873106
0.2571661764003946,1.6533294399410425
0.380752558231436,1.4298692279672882
0.49284932261385433,1.3236169393589923
0.6880258747261291,1.0309367195787416
0.5277882839837198,1.3786256066736398
0.3058497812094413,1.7032689953491484
0.6648553430729983,1.1462626608514523
0.4371140413744503,1.078307676083648
0.5090094399200226,1.4366459725234892
0.5874132901258659,1.2212655850780654
0.305700419390495,1.6486069661347031
0.5932550242572496,1.2593072509261072
0.7268318306429247,0.9882486174513588
0.6634223459859309,1.1199394870824873
0.38064650938329514,1.529357122350024
0.6805166397820641,1.0671233610108524
0.3678311229301076,1.5904678985180223
0.420638908700567,1.5061879058880512
0.2867756140780812,1.643587654045568
0.2515928415847256,1.7231666441763598
0.2521976786606347,1.7558958647608782
0.44455653542648593,1.2694660361962518
0.5848489000112792,1.0817295174569082
0.607912823157288,1.262253110086468
0.5757924026404371,1.1978350076962598
0.49945351945732974,1.3222767845235044
0.6018562281458797,1.2593147902643704
0.623913862095591,1.1117161176119739
0.5852823543874311,1.2746521202451184
0.29454652057747654,1.533030946963697
0.6063933559175814,1.093101934096047
0.6310795301510962,0.9098533982250062
0.3862023740076888,1.5221259074741313
0.409637265468035,1.4794410766994288
0.47535429788700856,1.369465335481305
0.3676510832712975,1.5375161829102078
0.32872093092512433,1.5461475674983358
0.40972675852241025,1.4848638400552152
0.6609507521297362,1.1287587951380393
0.38205484130574413,1.4887695250521376
0.5206513716767883,1.3750913551220105
0.2655790250022699,1.6224471334835182
0.34180994790092206,1.6516780883489037
0.3749673238868532,1.5582765985407923
0.4992864244079429,1.4323159913982804
0.24491207870575676,1.7343156344942041
0.6707888309545486,1.0901023576722766
0.390531064096443,1.4906358727570448
0.2636638044077873,1.6841280078575194
0.4053002150577138,1.4055450305625514
0.7346059679654142,0.967377397440264
0.39802493101298836,1.502294599657629
0.5707520632118517,1.328044110129703
0.3252177034136528,1.6700434833760351
0.45389302131687165,1.493690211211993
0.3555851809440297,1.3886486825708508
0.24210468673713087,1.7295690619078694
0.38613463684038635,1.547730845321484
0.618787406826087,1.1387796707123417
0.29422989605641287,1.6775223288393195
0.3694439923826503,1.6253852230112769
0.2549891140743231,1.7167335198705767
0.6563066672778617,1.0242961698858304
0.28067731796530493,1.6431720256400588
0.39120844355838696,1.478714973083344
0.43593950585404895,1.3275533633280352
0.59569426687723,1.1957801551412224
0.4334831424539225,1.5417964434412177
0.5666535216313243,1.3306851295430222
0.3022273897723603,1.6177355241148108
0.26488823041992265,1.679153805700152
0.6393159783126432,1.1675451593050608
0.24407511908492188,1.6658030885981878
0.5723697187437365,1.122178883398894
0.3708935940936329,1.5576344455866988
0.5371074611691795,1.3856819017413946
0.6706495492458515,1.0033695185129896
0.6637601357376454,1.1081965859567
0.3511548233779688,1.5203890714474357
0.2653061871104187,1.6099328433847235
0.6766281018496301,1.1376389246110705
0.2987399812712763,1.6266551953199275
0.7644498839220487,0.8637412280845871
0.44454319996866526,1.5316431230747363
0.5784605096440839,1.1069804140053592
0.2855867826158284,1.610719983843279
0.594330807089871,1.0411757023054775
0.5681951575691436,1.260635420521703
0.5043964392798921,1.4461790463604156
0.2973323911741129,1.587715858535873
0.3803701314386403,1.5878515312019787
0.2724133931877639,1.6845230186686269
0.37513573418257057,1.5727108203607338
0.4590414700179887,1.5272625857046023
0.6157609413615052,1.149124657921572
0.5339812699908175,1.3525908288095374
0.4762240041457397,1.5052822414799185
0.38699544321270274,1.564357861761521
0.28591275761143353,1.6611978228158388
0.3933186906104561,1.5877798367936502
0.30698831561207707,1.6464422808076247
0.2433015481428205,1.7348380334603983
0.2915379226423782,1.643813019539264
0.41512713285535535,1.5559343114541095
0.5166184215238506,1.4459466869997244
0.28699529586986494,1.6656050134829181
0.45121606659613606,1.3010482207840575
0.37828238559694694,1.4323642633534155
0.6202188249433249,1.0024356767518572
0.5667926896335213,1.321572553411897
0.23871619731707455,1.7496918359674238
0.23464199491557497,1.7507792140210858
0.27888146302282585,1.6704076371853436
0.3111587766073588,1.607123916839675
0.4204839576769561,1.5409000381739104
0.4727042446896408,1.4060180137481768
0.4140990032409514,1.5261063659750818
0.41394770022965044,1.3232718576016556
0.42096646091053486,1.4418957429410144
0.3993348835694167,1.561991426753453
0.6593187705477741,1.1514081001285137
0.5925195750177662,1.1637481285301874
0.2717685707946237,1.707533801228487
0.6628442829853903,1.1439363436344667
0.4026259908066408,1.2607032808095213
0.3693539335932416,1.5537292611884892
0.5444768375958591,1.354492972472772
0.478123279813423,1.2249473259960626
0.2354559973413549,1.7356996573405312
0.8400324971400795,0.6639059354257913
0.34269091625940856,1.6302235533762297
0.3306561746535862,1.4845899520700052
0.37793000030982526,1.6219881695268206
0.47267994852402906,1.4962951254095298
0.2577827656670381,1.7042567056688966
0.38814314819803547,1.6062092358293287
0.26783706528292905,1.6900522508760831
0.3810619712882171,1.4852611336589114
0.6590775951013719,1.1359593262057621
0.7182799432765251,1.0036486279819958
0.27508621598254485,1.670955742650925
0.6146014301065645,1.1261844543939863
0.3766387732749385,1.6083089820687937
0.27819517909703656,1.593882847470827
0.6347518088391505,1.2255281554616413
0.4399308152421506,1.1927875387700226
0.7536769810701045,0.9384052562687344
0.36937505757295996,1.5426150952265227
0.5458572278477486,1.3135942344932912
0.3247265565442405,1.5314850306239411
0.4794257145153147,1.3297037220326586
0.5450183441867528,1.342582468183274
0.5588362474274078,1.2475539781840406
0.5166867264450078,1.2902189676596665
0.3233748046559392,1.6120787946198523
0.2748781083680391,1.6550912315140165
0.4627412311170352,1.4035412902652205
0.3883918689074973,1.5920028315258419
0.6566911984064489,1.0361203634163831
0.501934553617157,1.4541692682246323
0.3002724113314885,1.6136948984673853
0.39263860549934654,1.3532808508208671
0.8414178176560485,0.6776732589128407
0.33897713598312856,1.6066745453835196
0.3230815620183068,1.6550824732136973
0.5672983604981271,1.3227471122966694
0.3642976488212396,1.519687427276201
0.2569740745616421,1.7125857785231033
0.3318130571130744,1.5268907215809338
0.5443160227970943,1.3361499051988235
0.4774148235719002,1.4912979647982358
0.31358212013395675,1.6376599159098344
0.3949632682305969,1.567130324196505
0.3949796450231108,1.4587049306435005
0.4568877922591297,1.1641878667545105
0.6562480428195935,1.1251299458080064
0.7634056420680396,0.8025198989276205
0.5175439538274589,1.3424682920248465
0.35129775721939704,1.446573159741518
0.3830764726958624,1.5820399471206534
0.2311891282185737,1.7296343656278907
0.4593313725467693,1.4297366962455822
0.3900485568389909,1.5647676579849947
0.42152278415076705,1.3746588347120148
0.374383043378641,1.4607186470359483
0.3187658415420975,1.5973963910243274
0.3723940254536984,1.55639352868323
0.5492781678534004,1.2595059490433553
0.3235439261610107,1.5432839281978425
0.24388459417275293,1.7021876079467606
0.5798535920131882,1.3176180363198247
0.4991222448498184,1.2290960596029377
0.5941861578376515,1.1107869562542192
0.38767601636055415,1.515278818950752
0.28736532631411194,1.6821868741800186
0.5496917884996126,1.3204193816987724
0.5284257178138224,1.3150689486672487
0.5709590093634659,1.2272662793294609
0.48275479973171387,1.3910446388784288
0.34899206294793705,1.6008408691351559
0.3177254070961542,1.6882073745789525
0.36527485491924505,1.4884089896527866
0.24380976846868294,1.7235549233178442
0.4322441828914795,1.40220898406542
0.376942830192796,1.5835901109828283
0.23670200306352882,1.7275128136699354
0.4363611395052837,1.4870325882045108
0.4595135862666719,1.4443283581258424
0.4498093933339656,1.3067377396890205
0.3807887370137362,1.5204684255781544
0.3136855740791114,1.5319801933855948
0.6888237252521683,1.0074758940396575
0.3029104133414433,1.5667497244275141
0.6012719002335895,1.2668616551362057
0.6963065819254232,1.0169788553218022
0.25181506115960683,1.6628480962672987
0.2861013294051651,1.683391842745735
0.3940974254415023,1.581678728367675
0.4004815648453368,1.4791186773735463
0.7571022468821647,0.9052287557692096
0.2296917850567349,1.6969994332512663
0.5584918557066493,1.3312799373085857
0.35392297628562913,1.6163904116760173
0.6596061467795962,1.1239958647809187
0.42867933785830326,1.4043837265738586
0.4183311747684966,1.4562094115274218
0.2763276710570905,1.6415772187487083
0.6409686769161437,1.2013903270303652
0.35369583494792617,1.6425605022411447
0.3551622657310706,1.5737168047845542
0.7031853230998621,1.0379861890111655
0.6544654153149083,1.1581010454541691
0.513697573966135,1.3915096699268834
0.2868056106589052,1.6464777175898413
0.7314897321301701,0.8993566372893764
0.6288621843394876,1.2107117591329923
0.7602693382153265,0.9184580950025002
0.2843866142720451,1.7177534707773348
0.33347427039629285,1.6540211166676781
0.42948646791675676,1.4979173624973559
0.6589019069883467,1.090273575968713
0.6226028369835589,1.1595017891468369
0.38244518477771694,1.361027743440197
0.27236679177751333,1.6394557070298854
0.5497523613010408,1.2489218659296621
0.5261475155764598,1.3154217889622783
0.3155311388065349,1.6836664606238143
0.31627304978448195,1.6695443897832063
0.44004585938934127,1.4921380118256309
0.7515626227576485,0.9091451961139451
0.3590331381799357,1.601484144054794
0.4321731428110289,1.4228465501783145
0.4862609049242131,1.4058269311877076
0.4190116462042789,1.5626408532315403
0.31052392114016486,1.6901690788065118
0.6900569415725859,1.0752198327715705
0.3611779838104356,1.3989354393646307
0.5655202437317549,1.2817262498354656
0.5641170904138896,1.15356154596333
0.35210433986678424,1.6782937286586475
0.40727060733479814,1.3982979509818843
0.32934669649285897,1.590248476870043
0.3829762017740131,1.4160266855016124
0.6279248169676438,1.0689602284129334
0.3701834188518723,1.6361590085052322
0.30846406417851147,1.6915895052923324
0.6797553305892913,1.084737458522592
0.29773290540083763,1.595755594189072
0.6741260552540038,1.1073909066109342
0.4529399576113905,1.508204152063607
0.4299752948651041,1.3845003442178876
0.4607953168123778,1.475023811578453
0.6291874675994324,1.2493314656509937
0.4054472139373719,1.5713034774322125
0.48218319652898634,1.3835509399185333
0.2402804672666188,1.6856088330076706
0.4406190316416903,1.4458579399262663
0.46071784004282973,1.406739280267673
0.5369220414002773,1.1056197211431005
0.6465666411279533,1.1778445633374668
0.32825981407009075,1.6021401073429111
0.3232200851976362,1.5840065140040145
0.3953845175613425,1.5283882744192774
0.7209526504268371,0.9392661942867244
0.5821150801875158,1.2353092460305735
0.5034394863898658,1.3596114923932734
0.44426341957812676,1.4850964606414523
0.4504750523543261,1.4368750907786745
0.4165300450218044,1.3837560267927984
0.6394644216634342,1.1020421191244145
0.3713834203339492,1.4870723399000072
0.4274110766348682,1.4008753776427891
0.28800588099762,1.6537442534929425
0.48579841166672627,1.4522950699503934
0.3214298372769887,1.6615067551846663
0.5694152672938604,1.3289619230373373
0.4941865605319974,1.3553930907817593
0.4392070029096904,1.4686350145441
0.6175730577296679,1.0216722401032479
0.5825943769626977,1.1019474457305218
0.5268101638042596,1.1444363203294936
0.262497234999819,1.663689869416169
0.3868104430449384,1.6034688138696784
0.6629622442570156,1.1185048530077304
0.33048777725327433,1.6423375903218207
0.2623646276655756,1.6603086097196058
0.5443806407741706,1.325042815170238
0.5843315047604858,1.2498140846164414
0.3309875089090172,1.5607731197218448
0.3361560436334354,1.5566835304669606
0.33313199121412773,1.6778784566595786
0.5451947505233083,1.3577745647803159
0.5713304727337799,1.330073826652933
0.880893699251164,0.5392202532597546
0.7465066135792454,0.8823457329941267
0.6479859664531108,1.1301845323699986
0.7556825604792416,0.9195517627070843
0.6146515777684572,0.9507172966475095
0.5102653851567301,1.3173084797789099
0.4273605850615258,1.4165778257281914
0.470398721907308,1.4365032146035392
0.24091805974174046,1.7401715353128626
0.6800842675759057,0.9686066101217272
0.5348605765380822,1.2716909886053736
0.3867259482033764,1.6080631121676567
0.2600450813326586,1.648134871263402
0.28713701164533095,1.6898629472239182
0.470907785566781,1.3057439075427555
0.4062779109805949,1.4201844045227685
0.43881186604572264,1.158765238534386
0.39737957490025094,1.5671250756027955
0.661515420289291,1.126366185213869
0.6100889046589202,1.172533293485884
0.7069257432678793,1.0109747498013013
0.27416485157474446,1.6512056221404703
0.44172108896518486,1.5517483772589726
0.6703196486038531,1.1114142147529975
0.355339178649721,1.622823782971869
0.30556763579039575,1.5807735059719883
0.32963885616546407,1.611231196240957
0.4764513521670862,1.2507233862370017
0.4596463604983636,1.214256262867197
0.629931690700127,0.9678253147500295
0.3819293978600721,1.5896821846812597
0.4304249905486109,1.2729943334291813
0.3910389255173469,1.5625170484575086
0.5228972177374768,1.3861765740143221
0.3082191329019968,1.6134871893019391
0.27407890218129477,1.6975350866281387
0.2970876201203207,1.6591591072146392
0.33399403342494804,1.6129097962213443
0.60531078556952,1.2514657811537364
0.27617354684542605,1.7117302890421844
0.2934832525247478,1.6211617158368823
0.453975938048969,1.4391621359816607
0.49177169584176167,1.4588022101832303
0.740731987447417,0.9295410382189546
0.49513124174882384,1.4567029204309838
0.7711146219270187,0.8767929250039944
0.36975594380567983,1.49289894801354
0.5339197227214035,1.2426833048426211
0.4157315913423448,1.5296392605031661
0.5250035187422383,1.3506812920412565
0.4939048673323183,1.3842467400876726
0.5993451330767734,1.2286809761665856
0.5987747730069322,1.274539002286326
0.2658733601329427,1.708574074320544
0.3328675551376527,1.5715047403498925
0.5747298704043597,0.9948679873768407
0.5013545507477,1.0954337524172006
0.7449377206627736,0.8691951142801567
0.7704768081336477,0.8710861033295866
0.4661872669896715,1.3998135802511706
0.35246127339785194,1.4863555981480019
0.3643893724080249,1.6107116188931172
0.2256072682332594,1.7264694277173747
0.25028832294896236,1.7204341352958346
0.29676907891895604,1.5931493058982171
0.40144376709725543,1.5902764621485346
0.26211398057130814,1.7128257772232187
0.302566434424271,1.625670655319399
0.29873958793113586,1.6516206827853508
0.661934234742513,1.0748219088031332
0.5981072531655115,1.2461493902032739
0.34595135203504546,1.560468145049097
0.6268087557398717,1.1911621249300182
0.31608447356502906,1.6285405943037008
0.5864788752065271,1.036356430775266
0.2520958233043434,1.6662608149979965
0.4741225980432878,1.423242183236624
0.6619110487706591,0.9498357155759888
0.31736471402774136,1.6316807752009792
0.6057781153223042,1.2399369027402571
0.4616247735795167,1.4386670181918824
0.289744003083249,1.639989625007665
0.3626641147788265,1.5753466138965737
0.5946607500807315,1.1368533682311641
0.27154740526570786,1.6263104890375988
0.3078686959251765,1.6384049930208142
0.7009147372921374,1.029326004558619
0.3754855295486653,1.4302613388026804
0.3697952328883236,1.3698819383530743
0.2851912812148134,1.6440566046439935
0.4884864504776021,1.4434164750140648
0.25409439241925963,1.7198486244538675
0.6329305683288444,1.057144465222481
0.5934923281403842,1.1972776363230255
0.6017036829561065,1.179893025414787
0.3283681147941773,1.615021804400487
0.25007026688994505,1.700873064344358
0.4908095499994718,1.3197203776666044
0.6068091077117855,1.1970051107544681
0.3621378996251987,1.548121142642759
0.5968454254962531,1.267779719840716
0.3554928663044118,1.5137261838072236
0.7684055170616473,0.864928674470623
0.5497933559984935,1.2837385053532226
0.3335934429648883,1.6247036547657663
0.6069561179000297,1.2451269571172425
0.28226543394905257,1.611871879381319
0.33663283484465634,1.646072137571696
0.632772937140118,1.0203482143903249
0.23577159941611198,1.704803230987431
0.38209189212994926,1.5225737344598929
0.5031996486721446,1.1052819047928062
0.44109961597143527,1.5113144856235576
0.32007744377929576,1.5237558664455322
0.2613865404713007,1.7325700729706184
0.2946876084061466,1.67908107545375
0.5388027648030472,1.348741181183009
0.37608205101690184,1.5894349125701699
0.32499526340676266,1.6094473271119645
0.49300878178556207,1.4272278934619824
0.35094149918298845,1.5168474675919095
0.5751789219948024,1.241395805394513
0.4596842482496586,1.4938102844801564
0.4130960292435759,1.4420072053767774
0.30357153375709206,1.6634169011764208
0.530287662359922,1.2649367569480165
0.3743156264573377,1.5959756372678477
0.5423924617087438,1.4092232225501389
0.27388789408885633,1.6889140164359255
0.6634281976596237,1.1169474869987355
0.3792670741723613,1.4744296048181127
0.3601534739908066,1.6301053000841368
0.43565497551105686,1.1472739001098926
0.5540230618002937,1.3252664556562197
0.3962213459075242,1.580304398072519
0.8310395866569866,0.7012257022191353
0.29409330551078705,1.6921286554764985
0.34590685082949085,1.6818151682439775
0.45313912675274354,1.4994717985614017
0.6953249773492853,0.9870314784665983
0.2815443019397118,1.6338137854355628
0.37902555513220804,1.4217869024832193
0.5120798735120474,1.1324259966109493
0.4867953444969362,1.360188693161927
0.39936740033405504,1.5302549075408587
0.3228681049832709,1.6727478960149211
0.4899551509891706,1.0064791262122763
0.5875003022352169,1.2508607038290975
0.22259627445458044,1.7292657417097872
0.42281886784044015,1.582755482867178
0.357174444770596,1.344694463200686
0.3133024150188257,1.67312840616481
0.25108552274182744,1.689419583202256
0.3614920218513939,1.6131661797157135
0.2758380395884129,1.6807360592092149
0.28669862545971836,1.6266547894746999
0.5360779617344001,1.3714726142276659
0.548900114825915,1.1505013089893898
0.37141027453052566,1.6347602970075106
0.7453115160784113,0.8697611753197256
0.5135190883123406,1.4114915886916726
0.2659070844991604,1.6880245321318998
0.3389191956676271,1.536641576729004
0.5918462640869394,1.290168857767888
0.4185819903516867,1.5959433434784311
0.62530489878092,1.0723973021089117
0.2466729254754322,1.6583592853902398
0.5159031701560749,1.3802218703322338
0.5080660357027259,1.1030879303485701
0.5195815423697804,1.2397280349155102
0.3979129366840264,1.4493284442193337
0.213538406894748,1.7278117429289197
0.27928151588691363,1.6470286901456634
0.3005621690436634,1.5641813538223577
0.39432908197327343,1.5791741676048054
0.4026877722630009,1.5413306976549552
0.34879813133572224,1.5555237072296482
0.41334547630590357,1.4460336669590217
0.2998698656548036,1.6386480378131563
0.3640801145537194,1.5986244757532675
0.5106861707179317,1.3386133439772299
0.5461318962975757,1.3854142665757945
0.6756288316545994,1.1116116919109853
0.5460538085802269,1.2150820923599368
0.2904885651783574,1.6754218655131214
0.33086502031933385,1.5658779484862246
0.4062616851693938,1.4611180489190376
0.3615957737140687,1.4618966973025194
0.6662587510420441,1.1234405784611412
0.58287797567969,1.2188668849420998
0.2604960520842259,1.7203036739088111
0.5045034994782177,1.3633832870052336
0.3225423004815575,1.5112765291416903
0.33086286522155495,1.5551686152187365
0.4615703605181352,1.4236906582461704
0.22755866105907321,1.7038387143096267
0.6278411864447538,1.1283319581466476
0.7598558582742412,0.7477434091883925
0.37880274057406665,1.3991403335482506
0.35493664137881625,1.5993333000887118
0.2800027040674067,1.6724568296697253
0.49501913725177654,1.4539415294327849
0.525776365595153,1.3711029359937157
0.497701654033337,1.2742943708197332
0.2669978067807662,1.6862759059589347
0.6099772494618021,1.0587112683929796
0.6373288299655917,1.2085569638692715
0.26529694558379696,1.705612040248302
0.34223521890094866,1.5513450602204337
0.44217948791152323,1.5012693122842138
0.28764781048107074,1.6593765076327798
0.3786208632139945,1.6136323826540315
0.36497736702033,1.5600962358273693
0.6302682594353476,1.111970447401585
0.2365939948911054,1.6812307615502444
0.2791580975126572,1.6753850287934926
0.29764525353899446,1.7298104621760988
0.324684352974529,1.6133726385507583
0.4478463481457595,1.4826801765471591
0.653639167930564,1.1513475746312694
0.3255494301963418,1.5877362963298265
0.3134855131191258,1.546327843577708
0.2662604485511854,1.6647086491283007
0.7378195126035713,0.904519502211504
0.31749459369636435,1.6852691866786025
0.511527804460411,1.4080727809822209
0.21684714392000196,1.7654789681486793
0.24858758723780783,1.7095760641983175
0.29872495908964725,1.6376606725061493
0.26273205168029595,1.6361592869185646
0.4844320763121784,1.0437156095997375
0.3437298467144325,1.3334529464533762
0.25218475183996636,1.6979193051006485
0.34327809391135666,1.6279409097133763
0.6129626070914188,1.2346692249146582
0.5666138116967833,1.352815310180303
0.6229180492127572,1.1664983264859297
0.33110386127611013,1.600230587451607
0.6075215946058058,1.2951572631149328
0.3696936702596575,1.4272184163019654
0.40335678606281944,1.5590445617103887
0.44304256748214516,1.5474863658663705
0.6918815857373714,1.0754963566583973
0.39808655500862955,1.5688928259594113
0.5895082895270691,1.0652709553958108
0.3704317700071861,1.642042144248005
0.24174286851078056,1.721660153277798
0.5014009014957453,1.2004398713957127
0.3386414762935332,1.5520243420375477
0.2696173226687848,1.6595729734617048
0.43455125679048373,1.4485266205346392
0.2431939308628283,1.7264723992591278
0.4083046467901027,1.4027498799912559
0.5449977842026404,1.3168605127557473
0.595406430771675,1.1143981309498807
0.37832020253203513,1.553442468887739
0.3891539312475098,1.5210373136012887
0.35714971573585874,1.512857231060463
0.264997736413783,1.7146127000104392
0.670100672483343,1.131927521669738
0.4498579177916752,1.2942743748562087
0.28784280598503664,1.6038383355100587
0.77407029954117,0.8626290628252389
0.271225748096847,1.6842422628037599
0.27430986104676724,1.6910723761355346
0.5724043813452602,1.228128711334129
0.3338305641993672,1.5908885575501812
0.3524563728930387,1.4988294849285797
0.3879532616481465,1.5466380112283304
0.32781169422628226,1.669552096244409
0.27846579752421263,1.6706402295727414
0.40273201472536013,1.44595513225183
0.5464010593599031,1.3389870784610416
0.5570481507945627,1.2569591518842766
0.6888897952800783,1.0428372987559218
0.6137409171418551,1.222374095630588
0.5040064536204172,1.319808295296597
0.2783107262058442,1.6976372830967077
0.3226990198875339,1.6628637142194764
0.6153678592779608,1.1075035830545525
0.4863744727417046,1.2668926608147089
0.7493338255304327,0.8291821734878941
0.6384667299415058,0.9407823112661995
0.3557906472646243,1.4809539100402973
0.667234867130092,1.0978339687773992
0.36833946644449256,1.500723503804935
0.31566423231692564,1.588383575865721
0.6007497946101696,1.0409159326859712
0.3189771440162827,1.5400010950631946
0.3715200139570499,1.6444256939463697
0.272418478274284,1.6785483215311259
0.3082358184850836,1.664113905526639
0.3353840632318371,1.5334850664516548
0.4279793357077422,1.5387355532753513
0.23892792399958201,1.7306217219402598
0.6461810374034563,1.1691348464171785
0.3098541214830828,1.6026251835439653
0.33040763284465596,1.63428708587012
0.4154495799733608,1.570896845818608
0.5358454556967582,1.1470223934000794
0.5186271372952623,1.3404392492998967
0.35823039546094393,1.4817861691165546
0.620339298850681,0.9552769670242278
0.7025437658628627,1.0304192909772167
0.7099242150102003,0.9437659351910814
0.342748958039962,1.6581352261564803
0.41681333721271274,1.3198829354306882
0.5874208367085223,1.2824583056132968
0.624518894769642,1.201320404505654
0.5098800592190634,1.4304388301477824
0.7637797404289078,0.8685741127843251
0.2596060586465909,1.653258627868015
0.4964561232243504,1.4659644932460592
0.5216102848362582,1.1896079989141144
0.7009940400466697,1.0396910398717765
0.7580787386721854,0.9061542076634902
0.5655194035041609,1.3332204666190806
0.3798135536074939,1.458966650118419
0.42013618451542883,1.5525999248534066
0.47102679920976265,1.3529726958494015
0.5223604774017265,1.4017616842365443
0.3260144376454226,1.5728937414603692
0.43599430103155346,1.3832718790948242
0.43568972180486626,1.4960944296217211
0.28243514693039,1.6713232835656466
0.49165763444335775,1.3834448447348238
0.20630711954142614,1.7780816999739328
0.5734688435466619,1.2970555319617927
0.37919649744931877,1.5759398158986846
0.44106374779595553,1.4696967560799234
0.6200426399274429,1.121592026392972
0.6203903218549094,1.0457230789407368
0.5821871990176314,1.2741108270958679
0.6297530989528208,1.1387122786060215
0.34966887549791614,1.4762874181373011
0.5636027213324696,1.203921014811984
0.6104101073554139,1.2282833399152082
0.46813480297631854,1.4143873893107193
0.51762149595939,1.3189564668738432
0.5622694208455504,1.276944532077712
0.5673841691042917,1.2570394456385432
0.5057277407841192,1.362707210774023
0.4443782956354314,1.562439895921322
0.26834179409852216,1.6811163822819541
0.40202037321299383,1.5686217470695059
0.38136906214694766,1.3723413327070777
0.43775462962366174,1.3165444844616705
0.752591252193158,0.8402115243887541
0.4660031791802513,1.4674180303958915
0.5123655460586851,1.2690391136359613
0.6051229694012048,1.2412910538493327
0.5966254814098481,1.2686124112480281
0.6300895416405969,1.2433863870465935
0.42931331067090606,1.4976540985120326
0.6617440485562966,1.064111122808968
0.21311440919932712,1.7385397176234378
0.26173108319147637,1.6799959308309322
0.3709231355419971,1.6106220425192084
0.4258698976451059,1.4290339809644577
0.48576420726014974,1.1744227994270042
0.3538188313427052,1.4034245700890389
0.5443042797581247,1.2814871292409085
0.4830723819000068,1.4673613507446626
0.5591656628697792,1.2331788581592147
0.4500665657839725,1.452099182976888
0.5685763845514381,1.1679111665909288
0.6276186720575624,1.2243153505543805
0.2555426734579889,1.6925895621766585
0.2840510218313572,1.656798127133123
0.5780528842240011,1.2325739253576171
0.3597214420264802,1.6384571331757871
0.3947008299524217,1.5217936647140842
0.3979829790329069,1.6115236086795528
0.33079834288411364,1.5033203030984579
0.2760492971887165,1.7335704082796335
0.5410739695998366,1.3078275239863744
0.22001120035571636,1.749530698999653
0.42706029086145547,1.5428412811428025
0.3003404093301294,1.6102843747908673
0.3481125008953145,1.5072662111739887
0.256567729972528,1.7317973313371904
0.5896277169204861,1.3134448020784877
0.4100996881323095,1.2903285587766269
0.5956933449673614,1.0995901296043789
0.4110062460260091,1.5986498146602723
0.287920088082935,1.6248614328571818
0.33118958788586333,1.457804928051619
0.7437971198548702,0.9423622797528911
0.42627377391595095,1.5235835045593848
0.48306396267497687,1.357291470477126
0.5941362221102965,1.2042092318276558
0.41628056741283725,1.5579500424045336
0.6696362847130191,1.0886920778075535
0.41383838943760143,1.467523408727177
0.2359353260280381,1.6719936366912884
0.4034180045364034,1.571253112472313
0.6532216324549464,1.1774824941033406
0.4056145061230437,1.4064596044679876
0.33756646102212085,1.5515569915252077
0.529504730952366,1.3945891631797478
0.5834421155058528,1.235887060490773
0.32984139652845595,1.6759408307195875
0.2321062959841873,1.7654587655223297
0.547931759250367,1.3726001418370026
0.5007022619088829,1.4190664236630814
0.33616824923986305,1.578616879046816
0.5647327345647328,1.147294782629992
0.38861697664170947,1.46683886272254
0.6455567005461849,1.1754206807088334
0.6738931809398668,1.100099575528711
0.2466715904066175,1.7213156943963457
0.3282616801386981,1.4993313899903664
0.6573605612061219,1.1486352720013502
0.4118675879862954,1.5660723768127127
0.5484145190744534,1.343509733584902
0.4036461027764554,1.5565963609091678
0.3492217358797637,1.5880551216759184
0.6537391678254671,1.05470167607988
0.5743061612542454,1.2507287592699707
0.6484132331052105,1.1632370732216377
0.6769435554535156,1.0921374214593156
0.6196560168282722,1.1282532598592518
0.4181677372584518,1.596468117610124
0.2389091799995592,1.7346686871070398
0.51847402170733,1.3739457107846091
0.42289221022827767,1.5369814690216828
0.23639586975920468,1.7239395627304337
0.6642349087954273,1.0681213676307149
0.34541628798966545,1.601360847467597
0.3266575300701799,1.636384026003623
0.5081562101925371,1.1132655716565867
0.648999391226756,1.0031418383196153
0.22605203183789113,1.7266222950599968
0.30687897280879245,1.6923080118270524
0.27261496340619,1.697636542066773
0.30327978541289446,1.6547152895485921
0.22698861733436942,1.7315749936237448
0.390263027581808,1.4967533414246306
0.3754746525043403,1.4504194673520592
0.5473179862012735,1.3414461069553614
0.28862412925899034,1.6910023852850116
0.436885570451719,1.3310346886845161
0.36166915645348463,1.6512494155582025
0.5522563372071879,1.3139653560427866
0.30362100842964246,1.6436145282731047
0.4343057875120087,1.5243309998891248
0.541234034744308,1.3790448486973286
0.3916519403198347,1.5854770588853437
0.2911287179486706,1.5343172697441858
0.26099110775377043,1.6982193194338522
0.4374851956868263,1.5216514622041837
0.3606038569873801,1.402092164062366
0.39995694137682564,1.3148317820444877
0.6160752534625218,1.181353155484627
0.21084889914277113,1.7527085735959795
0.692164778633194,1.0896008323320632
0.2915671641110635,1.6279566099389007
0.3840327328691654,1.6229321693879335
0.6273183957743317,1.15544630743813
0.48951051695701703,1.0576451139983476
0.4597178300848446,1.3899488933600557
0.454257507417804,1.45945051155036
0.29827279928476125,1.6449476338327005
0.4019140678685183,1.5243741888027083
0.2893039536744264,1.5452093558347408
0.2504078613393364,1.7157552854724645
0.505028073567768,1.4040502935290213
0.6872545708244201,1.0478429000579892
0.4673845571909909,1.472056790394817
0.5774859182056059,1.312594773507936
0.5520156021525685,1.326658164821283
0.3297550607056257,1.6215437944137592
0.7597562251321008,0.7494920568631616
0.417167684817378,1.4562688523103249
0.3159818442540373,1.623815992716642
0.31084488412517963,1.655405199520944
0.766282712461509,0.8868141586161823
0.6011953955493904,1.2668994118398496
0.4821684576149844,1.0193229195730835
0.5486272729741494,1.3600666004530255
0.4652374989974502,1.469820908536566
0.535759948542398,1.3292339207614652
0.4611368848532334,1.1883234861838445
0.3398808710398709,1.5899106144611959
0.6266264552460099,1.1848070567841642
0.3638883359924989,1.6034878016256688
0.5680871089569786,1.275087648145687
0.6183512903194679,1.1643343921355482
0.2854918247257197,1.6117753756382431
0.25164651558209244,1.7566352782337062
0.38306764666526155,1.6411952799966203
0.4107342458647125,1.5791000957884598
0.3593001127282545,1.5089128601547375
0.698272287964218,0.9915214142842228
0.42677125563447565,1.4387260813066025
0.6058650478248886,0.9954960264139125
0.4844552460056281,1.4382986195115848
0.4276006842064134,1.358916711749886
0.23866939811599633,1.750460138945317
0.3491538011303028,1.5584319402374254
0.25050036431652034,1.6997051530842469
0.31386799286730094,1.6989725111851088
0.24976200527163694,1.6858864936337112
0.3220665181317248,1.6585911231659038
0.25591939472909125,1.6532997250833634
0.2975758737125625,1.5798410005044627
0.23854435999165322,1.70634458800978
0.5027223205558508,1.2927050236540376
0.3503046230107766,1.5780573314126507
0.2399428548821261,1.6965348350017222
0.7560276655540441,0.8942981982409732
0.3167427220098552,1.6718394053131762
0.21444233517670266,1.7281933649629184
0.34821261887844596,1.6291503006137822
0.2855428449337151,1.6609002053396094
0.38424110596817795,1.5432124047635338
0.6253548618492661,1.1216041935669592
0.6071337936026965,1.2709120308038133
0.476262975932415,1.1107089775406207
0.5799824490220135,1.2329831133214244
0.4498350522545693,1.4991002369188093
0.4060049361438936,1.506446309777984
0.4922563357979169,1.3588271427654532
0.36687254148030835,1.4804951873427175
0.39911084257181745,1.434015517669497
0.26781561588286057,1.6551526740796192
0.26659937062758005,1.6292131808999328
0.6923378318998241,1.0212572052761224
0.4478044528407843,1.4795481402320925
0.24257066233973984,1.6736613616823535
0.4896954684182012,1.1700138872879773
0.6807471376713292,1.023216692625406
0.6092937395748689,1.1427329856862463
0.2733944880545223,1.7021782978147824
0.8029017884530623,0.7815489085039826
0.5266506841008252,1.3862623257008897
0.5769315951014137,1.2948620369339303
0.41915155423193307,1.3276059789497276
0.29029548743832745,1.620728477927593
0.8566036663756391,0.6248332690052176
0.36198356565504414,1.6120248114214155
0.25750121660489794,1.6637516656632534
0.4072372929043614,1.5729797436179884
0.3898986264261847,1.3434616786072282
0.4679137465238731,1.3194381137497322
0.4418461569217702,1.367873884687589
0.37439708341178063,1.5707299152288554
0.34592455971568425,1.6491918826204492
0.363028253273086,1.6545488635017904
0.4434969283407715,1.422564631874404
0.4003903118646781,1.5382783461131362
0.8654724913262222,0.5891114689033699
0.3445549740311794,1.6097408847897714
0.36550951938513615,1.6281052931396636
0.4825477180039314,1.3906110898564408
0.35634129079179555,1.5400855227340464
0.7415515569293966,0.8539814681604516
0.3532822861842058,1.5696440353926624
0.5583568256334113,1.2868912763312996
0.372659326068709,1.551622208567673
0.7524178756724745,0.875755578480031
0.3347432754581539,1.5532660702316763
0.6038785301742823,1.1693581536014361
0.5561252338639469,1.3523649288755704
0.38049368433813385,1.579825724190963
0.4177362475519518,1.275725462834386
0.2749501873340485,1.6793503973553077
0.37630746854576874,1.6368962083649976
0.3614414661694565,1.53905307333486
0.3158853100026261,1.6538264567518537
0.434969213285294,1.1475277936209947
0.25906816891114126,1.6336064064103655
0.6889199062762609,1.0993109892085582
0.3365212099020262,1.5697905761880093
0.27906357043720975,1.726765476442927
0.29005009927366115,1.6575553385328754
0.522260079099549,1.3727761390438744
0.34480429528085405,1.6000288181125708
0.49603414556681796,1.3297268605379082
0.5664500985940256,1.2210586510753048
0.3542703697874065,1.5737195944978186
0.2126649369582764,1.7351787101775191
0.6314920638734797,1.2046069693540833
0.34186543116909135,1.6643014945439005
0.46361853629926664,1.5252693941702529
0.6055361749940408,1.1950622449504955
0.3640950776424272,1.6284919172453112
0.3221620460871177,1.6382344143779204
0.2814712102554825,1.5683712015865943
0.2687904846276359,1.7199896924504252
0.518233236070026,1.4198413698953414
0.5989114584376845,1.194390558602215
0.3400131520113579,1.5487035391443504
0.6702869403647331,1.0998821537438686
0.3241305940745698,1.6413387478610189
0.5970807512322749,1.3015644002028806
0.4058064450579943,1.4639428862472015
0.7156939741437661,1.0207935657708649
0.3662634797025399,1.5276403670829732
0.22529246261051195,1.7479757985259612
0.3511517436712128,1.5902649108869686
0.3765193410549247,1.609390481046699
0.44132944212346364,1.2796982850960985
0.28939079841293686,1.6418916619273918
0.33646778882144185,1.5706272155514371
0.2878923114641065,1.6496986938935998
0.2342534730537554,1.686818549475444
0.37831740752629517,1.6066638668469941
0.36318864871920836,1.614631378803287
0.33998386811189635,1.6575910331615906
0.3171426394877167,1.5515855467632662
0.3165449471184104,1.5622168379934187
0.4525906358935026,1.4589489364799157
0.3956608414924829,1.5721529314864124
0.5963292698966678,1.2559362619043992
0.5843552077140394,1.244934802583855
0.40091448514133615,1.4973372639993052
0.4114218069704506,1.2884472040596386
0.22875315963012413,1.6880738685815813
0.40076620035983035,1.4927697723488225
0.4622009946208861,1.3647316360062218
0.6707655571806875,1.108589434012116
0.41790782532225934,1.3576268883357894
0.7398778605018119,0.9429945061182848
0.5441221638945207,1.3147130893616956
0.2703489087733318,1.6734905876633916
0.33097030801630645,1.619471280033698
0.4889046993601161,1.4406526800254413
0.6785035444545886,1.090619924822248
0.3949126690600015,1.6018494889978194
0.3142977868138706,1.6678791805158706
0.4362573996901234,1.4742858620917216
0.4469880669690418,1.3164880443650238
0.4159676949272688,1.5551379799339229
0.41083760152708726,1.5324069323231786
0.511321452787633,1.0788568184415217
0.4139817705682454,1.4157458469575133
0.6323635696220758,1.1991305328408255
0.3421816952989851,1.541134006294736
0.32657040355974987,1.5752343257667107
0.6662931627104203,1.1130551566339546
0.6956423695233931,1.0162720382051178
0.5656224303756757,1.3480805766423676
0.30921539488049515,1.591632346903626
0.7292200069690166,0.915022407338836
0.3851083570000926,1.5928192038609594
0.4595848219252619,1.5121013956198157
0.618857890898459,0.9547029794817928
0.5523272716434663,1.3145096374854437
0.6541649558563051,1.1553421782527589
0.5249847343255876,1.4247354038703954
0.6041804163447223,1.1756984421267962
0.4533911617950743,1.5408578488306746
0.5745842819680381,1.3254866363182392
0.7031021967384048,1.0275343318889076
0.29071112262700327,1.6719849676415859
0.47827275033668865,1.3524188033244673
0.6111583611108113,1.1981019489992397
0.47902516935860706,1.441340890357296
0.7461187314224771,0.9257841840272693
0.5693121112522921,1.312645022908786
0.6675128583532304,1.0085941688305058
0.4242983804306128,1.5726349178958623
0.29531304129276076,1.6467579414570894
0.2337720158720701,1.7049402991594282
0.4932199265765571,1.382166347526557
0.6208616383801008,1.2541644428910823
0.2470500352471487,1.7291376925495017
0.7096141978033702,0.9622136502201504
0.6105085811769246,1.238663039564741
0.7232868434897982,0.8622902413837792
0.3141443636925617,1.6427653741174433
0.38402828068650274,1.5159968465683744
0.5748258184450616,1.0371818613824104
0.5210041330015622,1.4305183119776737
0.5794881183769994,1.3046725614017165
0.5020713909162935,0.9311674176898129
0.4989820153395088,0.9542849307856981
0.3617506551085989,1.477650160537672
0.39750146095273914,1.5566491993839753
0.35941155095238675,1.5625822802979226
0.445504071301246,1.5134878279624573
0.6279765188054596,1.0931869586941398
0.7862948553174829,0.8260527092856523
0.4136867114860758,1.5173265543786931
0.5055065408694753,1.4088938366704276
0.26769555120602667,1.6692439451438625
0.6633032255469836,1.0906016290571976
0.35920370738148016,1.512011138001191
0.41163996089177285,1.4949825253070488
0.26503144378628335,1.7329810679229287
0.5442241007225437,1.248085419002656
0.40887274319441774,1.4600666996031069
0.36514537592842483,1.554742748897563
0.45125576912935206,1.5187060825075427
0.4234222740618982,1.4638995202775655
0.4136927789509171,1.4154202747527602
0.5163299020615384,1.205480211353609
0.5798408164200132,1.315744869940639
0.6293638042579025,1.1974527673582887
0.3794582587118372,1.5381772522355346
0.4757959968956729,1.4636455333307714
0.2691699294056508,1.64869345808442
0.491814926587336,1.403948916689751
0.33293825325332516,1.6607852973951702
0.3794282109764188,1.4786010658460602
0.6051824846209186,1.2611508327141334
0.44205232654885596,1.4384723611611743
0.3331205238237321,1.648150040220352
0.289836359147,1.5588350357558545
0.35316214356726094,1.6129829217855498
0.33878466228637555,1.6137185444291144
0.5221637831445621,1.340667502657289
0.4573543115390745,1.1988713880942004
0.7351862141379488,0.8938743267650324
0.6563462269736504,1.1378829043032626
0.5821043271508268,1.228336364588811
0.6011826414845378,1.2461009405633123
0.6139875894377935,1.1649161949992295
0.49445473322783634,1.3790812626023687
0.49100280861510837,1.333452068773604
0.5756042763122627,1.212468120806852
0.35077546956503664,1.5557199221707696
0.5434800121117842,1.2726275954428017
0.6200777734536347,1.1337661680382598
0.587448236685111,1.2097754094864204
0.5404796360212158,1.3760245265279474
0.6482201824339179,1.0974985857284714
0.4272105007066867,1.4042669558672263
0.5522799450396013,1.2443863456137636
0.4978971827295431,1.0834920386412121
0.6321844932897839,1.080551624223475
0.6319029262414355,1.231098755440407
0.46781439766115,1.3587896229768301
0.5037716591252751,1.4624635430722037
0.46470666149213563,1.393810287658634
0.46074440514634674,1.1273278048554416
0.41246804105272294,1.563657277086211
0.288260279658792,1.7139363451647949
0.4889140639326354,1.286887812228422
0.5555967267882767,1.1173083241914845
0.5482060162108907,1.2334707795263031
0.30817211975437914,1.630672200163801
0.41296871832692705,1.509589664420541
0.7567944162991787,0.8868471780517807
0.42762550792126724,1.5148312357762403
0.3700449897088609,1.5990099649379013
0.2806335992013551,1.663211317726693
0.4224852139469865,1.5353407579944114
0.4987073863239672,1.3432978510196019
0.5153031365794443,1.2720760198550791
0.4519789766748169,1.2833921865286653
0.5003293939467365,1.369459628862418
0.3459494795458149,1.6470161392995921
0.7583310042725833,0.9051573422630262
0.44576395354721715,1.519795923952293
0.8132441580718954,0.7473992702959298
0.5322148792965364,1.3780272752327176
0.49115947372995494,1.0877216557122318
0.41326414175465476,1.5246751543250445
0.43847898136794344,1.478005225784925
0.42814275668517837,1.5517204140527285
0.6180244281428572,1.251209234943492
0.26902195541493507,1.656694013717962
0.22705579003574103,1.766363592086375
0.37253626875846907,1.632278908124024
0.349795590684776,1.5799814046360097
0.3502805156510836,1.6245904990757414
0.4157555367056216,1.5504244675368817
0.25823738017297193,1.6706594268949937
0.486873446524479,1.3984618241334226
0.28581686180540633,1.712246706094192
0.506348632291173,1.1080107806536532
0.2658871727862852,1.6934726322088274
0.2747439056981208,1.6270275129209584
0.42777533583818766,1.525649704470996
0.26474853154832745,1.6963768260854484
0.3083832823232071,1.6743346626367415
0.4732223307454748,1.498620794311491
0.40344435603904594,1.5557456772758025
0.7587994450117242,0.866234278756459
0.40094172231238034,1.497439494877481
0.4966149154227449,1.4236430096348747
0.6079474672368611,1.2794351047317007
0.3445650556116227,1.6786924605911515
0.5031831841979718,1.4455518956471294
0.28026845541463596,1.6563190804667927
0.593629500852782,1.2511750505154027
0.6164866114283843,1.1288342686447206
0.3827188261214347,1.5324486346295592
0.5912557681062086,1.0147622227331983
0.6051027490452492,1.17852718961409
0.35542312416458083,1.3355180397438315
0.4789870177863808,1.4036166422453964
0.4204421543131364,1.3092419312646886
0.5160016105430445,1.1462831588591111
0.4101997162015983,1.5604608470904169
0.6738516850834194,1.1397628989779682
0.5603707196657415,1.3131566443697276
0.5963404633605603,1.2612834918646683
0.40769757006101404,1.4192549800745167
0.6712438600185134,1.0054028164072948
0.47300299449606953,1.2629995186918859
0.4214156878421541,1.5613954714086031
0.24640183944352584,1.7417399568747824
0.5657165847551262,1.24434321038622
0.5738020663843942,1.1244684293939553
0.7029340775590087,1.020591485432109
0.6324407202731249,1.1294166942790602
0.35986374877699584,1.6277593658989598
0.33796594947612624,1.5999891391455647
0.3682559038220877,1.5301856409726398
0.7076080386662246,1.0529931768255303
0.2986758141232784,1.6741578437406754
0.6846925538006151,0.9647823577770256
0.34341230625158076,1.6198268847335267
0.33616262876693787,1.6676332272292396
0.5263937819293706,1.435813354347401
0.35488270349483064,1.6036037827440106
0.4510209748012361,1.4224656421751831
0.5907130188699226,1.1609006554850385
0.3280400204125559,1.6464379869321553
0.33826804117789466,1.404033718788041
0.4605379481137471,1.498128783798395
0.26713281242141107,1.667135597543571
0.4409291160242412,1.5137895560147465
0.4557610093202882,1.5360770773432042
0.520964006840283,1.4173589773619801
0.3833409001551066,1.6263514943358346
0.25078174511243734,1.6887378205549846
0.5432962969709345,1.3487450198102762
0.28360244955328073,1.5798651367496295
0.5219712493147548,1.4108431396182235
0.810842099655983,0.7536128230142363
0.6851807900181264,1.0654379148514805
0.4639010806639478,1.5170385739938606
0.46665120095042695,1.4170126437553738
0.38583712929696745,1.459649760058155
0.29453766200588916,1.6350364826304835
0.4386661557653832,1.5019350064800923
0.36521555293927105,1.6186052498673376
0.40055891242832387,1.4601011874240304
0.2884189304029167,1.6405392795163607
0.3569709625367738,1.4202505401827308
0.36956941357018475,1.6345765204978286
0.34177577145549737,1.5997357306363047
0.38309743974454413,1.6093039228542971
0.46081959423569147,1.3902989594402722
0.35366974502671417,1.5999267992264035
0.6159832970360609,1.1456347381916625
0.374378107229449,1.342211420489788
0.4681528716425408,1.3912912404748246
0.2803659517696707,1.6735267705470753
0.3087121054571724,1.606881647002422
0.437878651946503,1.3485597548473172
0.3716813643635372,1.5538450186902264
0.4071722440589899,1.5953578969243758
0.3777051515360283,1.516753729912102
0.6231139690155288,1.001056258584584
0.31614574483483165,1.6027327007351864
0.7013371636734914,1.0242852706277297
0.24417656365783003,1.6784976789445567
0.6961371581767617,0.9640905535898907
0.3492723645073489,1.440264353998853
0.5502839493589294,1.2822488356225838
0.3932646963210972,1.4864179074936485
0.6459396802484131,0.9535729084666219
0.41667688695422306,1.3900335906366956
0.34698957087441995,1.5584086865609992
0.2822688579281992,1.6895585420036041
0.42243837251902905,1.5327047332939636
0.4420476260610409,1.4398076373135706
0.6691185854929612,1.060021297319411
0.3192767574775357,1.6415021200277828
0.5990819864209396,1.1719268889044938
0.446068872192489,1.4695218204579736
0.2599349329602502,1.666793974848232
0.5534480896484388,1.3333010800561746
0.24583721598849784,1.7118891900089475
0.6671305691373248,1.066336088939133
0.7050942943898211,0.9614065640544173
0.4104903811602758,1.5930777972015213
0.5625481832335375,1.2864957848138616
0.7052951030998504,1.0074150164970743
0.363391062636092,1.390131227953411
0.3419739300597636,1.5265968955839697
0.7752083690834098,0.8488214551244035
0.28872800508599883,1.6315047744210105
0.4604198781619106,1.0100475110135008
0.3452167439065846,1.5357280965559097
0.4483817847044776,1.377784912848043
0.4136997774436124,1.5467479667447304
0.5558782305229962,1.317817042409146
0.298570066544719,1.6332300867150416
0.23092226810295102,1.722482712561519
0.5302044325969599,1.3960306836106722
0.5105578520172588,1.259636379135237
0.4938870410770566,1.3392789935308327
0.6287772680654421,1.0708097373944758
0.29205066719702794,1.7169810433456933
0.460399194559442,1.3161594929533242
0.3174359809876569,1.643893099137513
0.4891802437076031,1.4208093888643925
0.33434732328169287,1.6209770517409885
0.4968114073490362,1.1732003828042612
0.4731148728953846,1.5245427868747268
0.348781022320663,1.5379130216458945
0.2627345724835269,1.6895016430632226
0.23134187104857823,1.7054532580741097
0.41658931102605823,1.4342631806015311
0.29743893642177177,1.6851812462018956
0.7352780332026037,0.9810373184125349
0.48156480876392477,1.4578724196303843
0.4166943159468478,1.2663616731593552
0.3773408911616725,1.334214219581043
0.5208670657854911,1.4203434562714017
0.4455808914327734,1.4505789928437016
0.4238488622447969,1.559801812887187
0.34792795721040376,1.5498072639197524
0.2870358653847775,1.640932390452615
0.6019684071451231,1.2870721077807479
0.32296919266543755,1.5766930779073065
0.34140121676920376,1.520889771334727
0.47257403116595137,1.425795151076303
0.6937080629797044,1.0702232723746528
0.4411669739605795,1.4768717682275452
0.5653381569024843,1.2677939793242405
0.45275714897363883,1.5546740883378116
0.3935362861447475,1.6002064116341372
0.4101869628685056,1.5747871646692884
0.49907243001339263,1.4252097660992837
0.31922304778918065,1.6743408350623774
0.6006146363727128,1.0507310457514167
0.27171340446346604,1.6067171824287918
0.7005113764798471,1.0025915808614494
0.3739917603351979,1.541932802519196
0.2957317103683102,1.6899366988450018
0.4364724387386022,1.431185885002198
0.32123946374112955,1.6151154075142842
0.27104672466735513,1.6856883579807191
0.2863146978075309,1.6040666470589708
0.35429593158474826,1.4736414563897684
0.3601288047847736,1.5696290732253457
0.2360147089542185,1.7216570657120245
0.2986777901745654,1.7009398369759332
0.39220001307762403,1.6052630844688718
0.4649425725617484,1.1577503099875637
0.6441706820822919,1.2075051019622245
0.4878868299790767,1.38185790605239
0.3694098191410723,1.540187898172154
0.48966501427652204,1.277858726663551
0.7515285368739172,0.9236362656912716
0.6405187102383959,0.9752519690953466
0.39624269826427444,1.5650242565035952
0.5092487515022415,1.1808454196020826
0.35937321263738586,1.5184745833595346
0.45829623341871156,1.4619542654896032
0.6035119122787296,1.1916553302299044
0.3742525412096372,1.4282482827430771
0.28048216271280824,1.6577704916032605
0.3172590040126894,1.6939170845428444
0.6615597610821023,1.1489117641344522
0.664481575693382,1.1343006563044018
0.5165482674473169,1.3084201804826296
0.3155620279200314,1.6909946384251981
0.27757603340048376,1.610943209734286
0.47168046099354605,1.4621135407539259
0.43549906060190713,1.4967637258497104
0.41752156270969853,1.5225960178546694
0.388643334055784,1.412069526754884
0.6210432386688939,1.208627206341056
0.6386913313062986,0.9881749879893005
0.31394156924714484,1.6181611734197798
0.31737815569576144,1.603843683203612
0.419213673943465,1.5256416861405686
0.25432487992119135,1.6107828040828522
0.2664483257603228,1.5943869169510492
0.4571857151356667,1.4697758432173034
0.8271793789803152,0.7140325564693669
0.22532878447091503,1.7253678800229264
0.43578369428237224,1.3782278551111298
0.31375548972379147,1.6666581609851792
0.4129229693497618,1.464379693594485
0.4754389507880826,1.4787485385306076
0.4378929233803325,1.5352994393652515
0.6114348438009389,1.2599008167529195
0.40689164041912523,1.6026552252699973
0.5574028066016251,1.31602101645146
0.28174940001937954,1.5908555049020534
0.7649932442504509,0.8768809867152034
0.7300113540603351,0.9719044883328025
0.4133388712327892,1.3473760291449957
0.6515042299120654,1.1638650459753344
0.2882467170460815,1.6630471137552991
0.2290389840186296,1.6745720072101906
0.6246512320834997,1.1037066904382145
0.2868091253283,1.6154857514947278
0.2966350927161865,1.6056600654240647
0.3614868899759652,1.541859196866555
0.5779028951685041,0.9302439434956422
0.441929249369607,1.4280022135353434
0.32490829866168597,1.5945746954521156
0.5814538203307571,1.1886529625947073
0.34711453898920247,1.4036392544050353
0.3200895632693309,1.582348266851073
0.34512005945290425,1.5636602014345895
0.29843087947541364,1.6529412318939312
0.6177970594825399,1.1106263653555732
0.33570586025081667,1.633804388458538
0.328564818490634,1.6413085640987168
0.5461437303355823,1.3499189793808193
0.2852533659295008,1.5578159394336457
0.27462878468709145,1.5981037494797694
0.4368436714523889,1.2296979154777121
0.5056921958988403,1.4431504992042563
0.493607071340342,1.2813658939645796
0.5527910814689398,1.370172407123391
0.37951686982961225,1.6203130723088885
0.25895743349625683,1.6656641214818475
0.7542246570189779,0.9147966158296656
0.3915883973583317,1.3571136185860881
0.2445805133078441,1.6792444494724659
0.34955462686034544,1.5792029180554938
0.2414420447556059,1.7332193218002931
0.2688935041441696,1.6917910142049948
0.2877087651862335,1.6300482200312303
0.24449858878288874,1.7472952290168724
0.30299446323531193,1.641069506885803
0.520143650510912,1.267550346029111
0.3152316031990505,1.6424334221906984
0.5353421694047829,1.344634057482173
0.5599020495841306,1.3049254138156696
0.5205370349416756,1.4112229238415968
0.6189387110735779,1.1284014250885526
0.7467294841295856,0.9282147718058211
0.4968912002282141,1.4499991106626953
0.5520556556941111,1.179781096442426
0.6885632803140376,1.0114984862133891
0.6198488869782725,1.251833622372036
0.4775003447947555,1.341631585212769
0.26195538060442225,1.6759284440310194
0.4180967229440869,1.439630597782286
0.5865617056011043,1.2792293394319718
0.33601070287100443,1.6350955668488314
0.4951247384771996,1.4647834928305397
0.3347002016905114,1.6322726955705262
0.6574203630708655,1.1715467930296988
0.3529548505959898,1.6062116207474968
0.3199293558527188,1.6487946789778252
0.2507885390428105,1.6962055107313467
0.5161549105168881,1.3358354436057867
0.5892778974795008,1.1703415728243733
0.4123422771346693,1.4114631951771237
0.729880484822587,0.8970592192784483
0.4838492860418915,1.4529519682607053
0.5619475405260077,1.2618191656195885
0.42241185951923854,1.542701753497773
0.5079303011661701,1.3680882449333516
0.43068152313018054,1.1811436546811733
0.41333476538118963,1.5789453437357799
0.6581460373236748,1.1494463443453533
0.5554437367987547,1.331493905560743
0.5872582245660473,1.2221711709200673
0.4480015981109779,1.4875389822388445
0.3718895183375702,1.6217282359249232
0.25130690753239066,1.7241310396050156
0.37611469530711705,1.5518946383048917
0.39944156383888146,1.593285306596134
0.5239101761295124,1.2217146662577372
0.47612533076113234,1.4268973603039865
0.38628260314821106,1.5407402549470537
0.27367295833870475,1.691785667301673
0.3654594609322542,1.4424523096610216
0.37712622549722397,1.5123065594690568
0.5583999476906617,1.2916091886164922
0.5914255523314749,1.2484761585449877
0.313049621939705,1.628063723913327
0.41010350742807966,1.5349436052025793
0.4400958357132567,1.4356117017853502
0.3402124603761987,1.5774394704810577
0.36930766742217164,1.5704860429265783
0.44777019419034647,1.1331284065356726
0.3430055725526415,1.5136884045234533
0.3040181101253869,1.5350954977645748
0.6046836781645882,1.1947439019584865
0.3417649348043976,1.6298882223934088
0.5621147246115882,1.2788726978021134
0.38686860333224476,1.5022624971801906
0.4102601679546798,1.536555346267447
0.4020872078908378,1.5295921361729286
0.601295806130408,1.2491276473728605
0.38702844117011,1.5812585248882824
0.4774872619581499,1.2816458042882513
0.3252975546579888,1.6374461357249712
0.42862965115476886,1.5294340227930845
0.4855608448934654,1.3854110680784646
0.4855743193864273,1.437667184090495
0.3017568927998023,1.6484558234944275
0.29558331725253395,1.6791329489569142
0.3594560821650834,1.5693896785798032
0.42506415646015117,1.4670065812384787
0.36008863247523754,1.5814424570085535
0.3608751396486748,1.4964433722692643
0.3596304370596056,1.4051155614752107
0.3088896437133068,1.6738021812500257
0.5195796432727856,1.1918211889137367
0.5273373562532365,1.3742235715195958
0.23280898106094106,1.733514901476349
0.37799196099257704,1.430154916770073
0.5971146169283026,1.1891856392391527
0.24478255344053831,1.6935022730378757
0.34145342130713263,1.6735125647476998
0.4965263483530573,1.4172910090882032
0.5098382056306923,1.3512707145036904
0.4797443180308908,1.444113786257252
0.5561967203239082,1.307694268489595
0.41031233278850293,1.3282742218812373
0.7517399153416214,0.8477231453316518
0.33761836574604287,1.574851970380847
0.4900147312890237,1.4240408224675976
0.40467303233668794,1.5786769504374618
0.2878717602269043,1.6322670774426147
0.47770760155969116,1.2687691835738515
0.3742869326487225,1.5409907464773518
0.2435133426094802,1.7196644727755401
0.5709723596124757,1.2784343780401568
0.31791655139020314,1.5849215046134006
0.4872765235458855,1.3919680309424514
0.6328387842754399,1.1650773606919742
0.4713656670495279,1.4948117242115764
0.32401886924723433,1.656263740676554
0.4546536919998253,1.4792531796401862
0.6169366470337827,1.0978975153143617
0.39254793486580497,1.3414834977172199
0.3018528357465703,1.614827197435338
0.43311694129486134,1.492205168567386
0.6194423685674679,1.212813116097531
0.29700736107272124,1.7125187014876935
0.5449796202743468,1.3497086971387828
0.29605762370704014,1.710111005110142
0.29129498335515924,1.6642117464497992
0.5667746941282147,1.3662554458541918
0.37142938882091586,1.5382927390093832
0.3195405840485442,1.5063277967949569
0.591571850930635,1.215975042518665
0.6244811159355868,1.1703626055267882
0.402336109326993,1.6077403645925004
0.6100875349989688,1.1447916253187906
0.2888286130839907,1.6463858712885564
0.46304896226168735,1.1313615855686208
0.29463791219628654,1.6711190230775157
0.6436192372490555,1.1106532754488088
0.4085782645625412,1.4586468448984333
0.34404845630526454,1.5317201863407137
0.6241165362570948,1.0949248156316134
0.7349827850858885,0.9194147207409822
0.3002611469075737,1.677208343140912
0.5311612757331773,1.3611819554856943
0.7514591681210773,0.8824073379648698
0.2680389901221963,1.6715880999847545
0.36330611162704957,1.5621460990049303
0.6076126628117771,0.9561343426340785
0.5494078640862234,1.386948036080538
0.36138291682244217,1.5501873676636888
0.500305580872583,1.4388316157081658
0.47016311789484283,1.476779370494289
0.33346397868128697,1.5774324161928452
0.2071853210677068,1.764310611129365
0.7705375006246548,0.8841193505724352
0.6256329544074046,1.238172010994133
0.41553821814501396,1.3809989901811521
0.6933889280259968,0.9875144595076759
0.43535558865691615,1.386709877943853
0.7273157551761597,0.9851106895904282
0.6773877679469678,1.1295030949632159
0.5274667948899242,1.393189845012539
0.7445623059722957,0.8042658464107031
0.4309909416109232,1.5034229461508986
0.3124426304420268,1.591668641127421
0.6319254579608605,1.1596988821629024
0.23948343836690142,1.7142539530440777
0.41539670528703077,1.6159170886142757
0.6709481450523449,1.1406001167526698
0.3412018362458157,1.5920357928973758
0.7248264403902496,1.0092941427836408
0.6344702722242447,1.1019312148481422
0.4438431718780795,1.4931964489395881
0.29651556180492245,1.6135397416306252
0.7638740899823047,0.8348147626924156
0.33710276987397986,1.543367050079169
0.2932090126771533,1.701565088555807
0.24220617297298266,1.6808641343343778
0.45436558589781995,1.467164266919024
0.3568632625891823,1.5603328854425556
0.6493846119581608,0.9585390403270241
0.3281034045612377,1.611262091730359
0.3745266643919624,1.6383441044878921
0.5137592862221371,1.3345065474730118
0.52609808291483,1.1525741703204821
0.5648254984686961,1.254733176214197
0.6340026506237016,1.2243551165440856
0.44233130802908127,1.5709930968831447
0.4189770385948213,1.446092581702938
0.6373081453213931,1.2275614790057021
0.28621409436274686,1.6491335839740842
0.4316511608813416,1.5324371021199135
0.5521437558193591,1.3028362337784096
0.2601242913142769,1.6553015055646383
0.5766539173623837,1.335773563820391
0.27622143432188373,1.7214376656136163
0.3140768675350542,1.5873912401097046
0.5763589125542886,1.3263799254785247
0.6981667340852303,0.971995649525832
0.7543784390457695,0.9280853660331152
0.26826722059911023,1.7042270115179579
0.46181936499748294,1.4361532773909145
0.24668547473387856,1.728270814715958
0.39547002317112784,1.4436623642466404
0.2840841894514379,1.642429231768788
0.47971002008386915,1.4331499273305794
0.5353035603625453,1.3310190134993698
0.49299642810221883,1.3100172783642399
0.5019496699939123,1.4479308814717609
0.5538740866213384,1.1216412671048754
0.3084577392364293,1.6410701373185526
0.36718503963112503,1.6205719393924747
0.286655105309218,1.6549095062462906
0.29870346381507684,1.6323541535037676
0.2634901169793033,1.6607025902756585
0.4601572320740805,1.3573651428769384
0.522620954445134,1.0270102533841299
0.5533985935803799,1.3711391608666486
0.573964459187601,1.2637738486191772
0.7660254837389402,0.885592772557309
0.5186783389403357,1.151990428882157
0.48502797159751876,1.3497315048510603
0.3238039923852354,1.668563400075481
0.4260107014679719,1.2979801734259855
0.5992924045732652,1.2107726841087978
0.5981431622726437,1.240621470569099
0.3209286368511189,1.5946545377666699
0.4782112069952449,1.1606626225967522
0.2624337507859767,1.68719220711167
0.2803335596419171,1.679727908228039
0.337263311452136,1.6265153245112907
0.658431055374125,1.1219728290220428
0.48264552728406485,1.4128199261700833
0.45785303404825634,1.2933535601815076
0.640680250563482,1.131802312638735
0.6196146024965283,1.1261965978476347
0.31233318490323175,1.603372982072173
0.513429714350743,1.3321721781877125
0.4519994745776541,1.5303364943140674
0.46494779018510257,1.5373833994125872
0.8238241772431341,0.6962863237234078
0.4104786005080746,1.5348413355294208
0.6332396324166414,1.1741477534865417
0.3901731609145369,1.4775764002820408
0.37693871829199765,1.6333129598480756
0.45302306749702664,1.3120099586110212
0.2439728662277284,1.6866804826434125
0.3642306770433104,1.630814866419599
0.4867427196529981,1.1882799644078919
0.387585046493225,1.605233733141292
0.34123293078230604,1.659359560975996
0.4365002310073077,1.5039437174763723
0.49939033986836395,1.440022114099686
0.785059705111005,0.8285282378075993
0.4302120815402986,1.5129369385213356
0.3027733204851868,1.688416434042313
0.4502111341702155,1.3827784999242705
0.6730368905389947,1.1154376998241269
0.7159811271702865,1.0091617282655214
0.6946258969477248,1.0896869976103805
0.6372062045648542,1.203752363256194
0.377402131344715,1.5287957604113616
0.4625998603912545,1.1791887192652166
0.39280319523709467,1.5683984862767701
0.38146429945943494,1.485185477374396
0.6548404462957719,1.1472243339419566
0.31194508923660974,1.576751937494754
0.5836753851755954,1.2567306512552898
0.30336636756389146,1.714087563690326
0.39764925144115515,1.2604772061493497
0.2725699507846096,1.6110343486489223
0.24957300538938046,1.6898858982372782
0.6329923206990966,0.9541729571954682
0.7090587881923546,1.0289819292637887
0.30112614503265767,1.6569193436635563
0.24979330536934766,1.6823230987495355
0.30146409333774754,1.646084323552062
0.52008593692162,1.1221980353145133
0.36708190975619226,1.572237757327712
0.6910696216243244,1.0551094574299578
0.2614612041965594,1.6356192142359354
0.4207171417637005,1.435209392002287
0.36829992454967914,1.603046177926604
0.5825675447378217,1.2114340964615646
0.4823697340438507,1.456976771993744
0.3603141781697236,1.65563006138455
0.4185073607716058,1.5292378799693647
0.5723509825684903,1.2364082321410659
0.48511999793050975,1.4905363592347827
0.44567136488816295,1.5110148747941472
0.28926872391900854,1.7087432980544146
0.23908595218472525,1.7125374394382527
0.7757282986248266,0.8522033781276286
0.26649878344618555,1.6502251112380069
0.5105024138686322,1.4446068978921598
0.49628870166846845,1.2984237501235585
0.5927695533893257,1.1928606026585684
0.29102439715600914,1.71872293483568
0.30549898483426796,1.6519672710994378
0.8358841035062137,0.6915650226874406
0.5297459880388853,1.3831592423293322
0.31981718687799304,1.6623209108086856
0.2815054312727467,1.6683068877023324
0.6040050027815499,1.240460641415686
0.2978728939422725,1.695410063720661
0.3718542246199969,1.5667307897929097
0.563371851277897,1.3698025258707278
0.4856639695562892,1.2856280753599703
0.46423519394013285,1.4394612313605695
0.6303726233897997,1.0716719034399935
0.3486662183003003,1.5794416570381216
0.3529898125774776,1.4897041602684316
0.2799533312221733,1.5648696308828671
0.5015240892637288,1.4756623190762264
0.32441883189105963,1.6528057602560922
0.7029067213772723,0.9756139628310132
0.7054386981298575,1.0066233237104014
0.4175164278483491,1.5533261886864875
0.3851788658729807,1.5003886523932837
0.41491545791116125,1.5286539125362175
0.5774828552499117,1.216372889512208
0.474354382161323,1.4659537559563334
0.5894527436657857,1.2991345762822626
0.541092176085267,1.3776483429271498
0.2662915591861769,1.6221946030496743
0.6108834003896022,1.075009522601318
0.2983489186863905,1.6067497926271264
0.5014748375777842,1.3968351711427829
0.5558999470727877,1.2966019119327736
0.3791718928617474,1.5866099673105551
0.4841508913614886,1.4565599590450162
0.3166261448146599,1.6921956373292295
0.5202584804725593,1.2377200571175935
0.5350559304348692,1.1142729097769868
0.47537448764622353,1.3771774432009618
0.3406330663429605,1.430878246112371
0.7224517505932271,0.9450055018167998
0.24768290873364762,1.676159602453
0.4647845779396337,1.3564379219492082
0.4458128313517371,1.3423069786195603
0.296860170228568,1.6321113935968967
0.3208416258773235,1.6303916643508922
0.439361846251813,1.4644696491682836
0.43404499050454737,1.1879339300414506
0.3214206845768772,1.5964135033325477
0.5384105695227283,1.3669689839289008
0.5099966184009953,1.0523588912884396
0.6175432453015832,1.2351929305212572
0.3562150601735713,1.5418382224536538
0.22972634174502035,1.7211492277652842
0.25106802936000727,1.7331353735211563
0.288295906034529,1.660271679794779
0.32654791069669026,1.5817482293114677
0.46904237098768076,1.391231879982416
0.34896812354596307,1.524817392118859
0.49485697704333254,1.2700667689285134
0.5324005712313551,1.3671615255252203
0.38238823902905394,1.5419864729239574
0.6918104328643979,1.1057853258591648
0.5435776036280993,1.3573347174783439
0.42141845473677764,1.536362399520443
0.5012551055712985,1.1396284820270441
0.35473108671205184,1.5126734041815042
0.7821071645966036,0.8219191847278536
0.23201550859966036,1.7160778598599464
0.2945946078247859,1.5616682357917508
0.7002128021280896,1.0074274232562246
0.5301254061021418,1.3644073494604458
0.3859925470221516,1.5414144070489186
0.6616038681078994,1.0758647547396138
0.4637057273117928,1.482029640382561
0.2925212862132532,1.6616100163421197
0.5046344912154044,1.3527474250607816
0.2707675656828548,1.640275594436776
0.5105100091923253,1.2630773204610537
0.4789920534804314,1.482342994147622
0.3557646444871391,1.6126598022520195
0.388490742070559,1.4661689639274504
0.5197637207753483,1.2189580577710544
0.5614810775166741,1.258609450997422
0.4198773765283843,1.5713881392217162
0.5406092141604654,1.3380901299737205
0.414480413696873,1.466558641599377
0.2595987860183909,1.7000092933787643
0.3812486169906424,1.6015039291165458
0.7532853700889441,0.7714649154278208
0.49790056331564725,1.459828659682307
0.6977478418123726,1.0532539045524603
0.3064397924117736,1.6600858117570447
0.40435286402715087,1.58403768975232
0.4905535711337964,1.1960796695397349
0.6493230238430414,1.1817669497363672
0.29468948016291174,1.7212498238293124
0.5300090498851165,1.2760511072593175
0.4208589673157376,1.5164713516404236
0.5243841674134169,1.3397475274202955
0.5804162775677411,1.3169560319259728
0.7533002002901209,0.913861552263166
0.414432607554896,1.4946005395483373
0.273737118223421,1.729213656059229
0.5803662203369089,1.1037546067268833
0.5547017852797789,1.2981767402401292
0.3361466365005349,1.6469445867595804
0.6746133592653053,1.1112648160224015
0.48067126441794406,1.2250726567580805
0.4920973397685676,1.2584074389984732
0.7320823682991585,0.9202349061123382
0.39463892164452713,1.4664541806829592
0.40588902249634273,1.5397727165099657
0.6647121445025311,1.0528836275173643
0.6902496262235712,1.0870622398726624
0.3433316978672142,1.6558546739312126
0.3467838725990959,1.633230064302357
0.2566301605613316,1.6597769336823467
0.4389538675579336,1.4026198599010549
0.6478774187528228,1.0199653671136228
0.3269667662105101,1.6014009844374557
0.6143952546088702,1.256148655653074
0.3363270977863957,1.5683804786225173
0.41678418773535353,1.228430897864745
0.22804045414364665,1.683529712600396
0.2620632423005161,1.6108382567434032
0.3408365365166229,1.582113233134985
0.7444529370410946,0.8809304452587783
0.33505159183739497,1.5180855627766159
0.31122545459751677,1.4980887423142275
0.3262870539463538,1.5383941691363907
0.2769980848061382,1.675156633564114
0.5157609993440258,1.346030425593429
0.4269186838029454,1.4574699316117863
0.4456238650759002,1.3836113438540507
0.3192430546031884,1.6365657811352878
0.6162426886671525,1.2305769500590005
0.448949002387376,1.510574394488045
0.4496339433073217,1.324679762180943
0.44099313409296087,1.3643990235742325
0.46441191304111945,1.4089536439328667
0.3050578325722082,1.6796260206021445
0.5895151984510335,1.2758499674597847
0.7034840413615769,1.0335537373920085
0.326202771406676,1.5596707366257172
0.4226406592408317,1.516962543741293
0.47480191907657254,1.4042347802649244
0.32056667489949925,1.5869211885607548
0.2454870123612333,1.6686579087704003
0.3036018603587173,1.575601726488501
0.38913113593284515,1.600939438459057
0.750888339505618,0.9438770718770981
0.5793295979530564,1.2824937901554605
0.40413984002812514,1.4792575056645707
0.6144810117113342,1.1828300941170633
0.37904511831570625,1.5418714258569355
0.3263761985133006,1.6333857997556063
0.2726946505879699,1.7313431394992698
0.6473053163103114,1.1499980027290837
0.6561671053138292,1.1445408617104473
0.4817963673593697,1.4515283950527542
0.3380898577263687,1.6693219633729717
0.4506868436910315,1.5382703480791136
0.38040063852314837,1.5848841222383727
0.32010543207437625,1.6887413339421649
0.3991353828744442,1.585567029761741
0.488673649035713,1.426328452842067
0.30425089640610287,1.712874594969056
0.6824043511682881,1.0312570280333513
0.5340723783097492,1.3691022575676974
0.37704776347078484,1.5544553535884726
0.4661278736682609,1.4747245929158743
0.3910216827023766,1.494092829906856
0.2661391491499752,1.6565911339269268
0.6859152922924834,1.0198413022820965
0.3872333963655947,1.5892617909824986
0.30747700834867536,1.5771119321702702
0.24886087902610854,1.6458062444775177
0.30356996150556603,1.6683187485052766
0.4904798996980717,1.2406189704366954
0.26799111028021866,1.6515586395596125
0.30517881626525006,1.6205048222185305
0.7283839198583796,0.9712079997241875
0.3634435790962385,1.5498970080789123
0.39258160400631437,1.5674103210202552
0.5118168268689802,1.4161516998059844
0.24196419037900593,1.7349473954239873
0.4070560483331666,1.5579243429030118
0.31618663576022493,1.5235611285779345
0.2691246365428005,1.6571929161757941
0.4275280410103527,1.5084481419234952
0.32095178851759826,1.5595302860403244
0.4450727139260935,1.347643851261005
0.4551136663373049,1.506100089708769
0.43636544179653947,1.5190919935330491
0.3429355120564561,1.6054553633111173
0.3919499054714789,1.589874892868984
0.356674463460967,1.6398649238776215
0.4430082787016168,1.5461551133431173
0.31131363884110475,1.6920317090238977
0.41896771236305597,1.3873711991919955
0.2619945909535543,1.7352403629884345
0.40072599286698063,1.3511324270387897
0.2349483101924463,1.725410427920095
0.26020410365629515,1.7051856337654991
0.26372125339545316,1.650871087091947
0.31749498817098853,1.6471737057909448
0.44378523605184106,1.5106434413027754
0.5035192008450705,1.439242999137356
0.6192681390455972,0.9511200415737575
0.7090483504277297,0.993861518107662
0.7525887858065993,0.935131734331278
0.4798041983947723,1.3902341702869516
0.5777216963602227,1.255628140876621
0.5729667072266711,1.2896957243111593
0.6378472906093082,1.1645842254489847
0.5950957014834833,1.2815008318175085
0.3265588967088851,1.659135932088885
0.532488408973741,1.2910417845219042
0.5993723077836942,1.2292854211423667
0.30695006266359254,1.6304239726801382
0.39154186720580036,1.5929772506016908
0.4818946427541389,1.3812346049363668
0.3117025393471123,1.644554698958355
0.3085763447246813,1.6207751797226342
0.2298414892249633,1.7254206073568001
0.328707163342491,1.5648690000896806
0.562162827446136,1.3509063196711453
0.720089726180865,0.9771418624802704
0.38517991756077574,1.4416713376942134
0.5256445504104148,1.3910598790156483
0.28660518924798534,1.6541494883486987
0.545646216951347,0.8996498898191891
0.4599650802830328,1.4461798208805114
0.49915533241964555,1.3364212339566315
0.3398598310596981,1.6256780596597329
0.27838841645574847,1.7289396520996925
0.8086643448541249,0.7519397025943975
0.36530510503458613,1.5951884028742382
0.38784512052433584,1.6422792396132604
0.36973860334106773,1.5536843693887146
0.7500122237385441,0.939310350450373
0.8399972081218686,0.6804572964894514
0.5855858051699331,1.2460540438760677
0.3122700289701139,1.6000681150732303
0.38956385382722,1.561897832366233
0.4094959209933135,1.441464702777072
0.7014740891090501,0.9637435894030415
0.43415121232264026,1.5202354877148334
0.5391437541645918,1.414850147765065
0.31025133762117424,1.6269956028717516
0.38699595317218866,1.5999236241736423
0.5656623609569191,1.137964172136276
0.4390995024900617,1.4453136617185431
0.30263412595533906,1.7240715884879967
0.26307491595521476,1.6832122263617795
0.29223817356050513,1.6238686052778815
0.24061218768720244,1.7425090574489859
0.29260704339356763,1.6094296483823087
0.30487791844772977,1.6452889112628237
0.4422183135602015,1.4747671862782925
0.25998131959362575,1.6520630134162577
0.46794092097401635,1.459861276113522
0.5976969317980851,1.1774708033215975
0.47850209376876596,1.3668902169166937
0.48658340395599176,1.400451907436542
0.8118258327625916,0.7526129900099059
0.43280766588507374,1.272519680588486
0.23439057138590288,1.7241977931490418
0.38768633603506447,1.4014799343494717
0.4654515428886271,1.1749733502260322
0.25377542277713416,1.6827244540316821
0.4090588359423318,1.3901204506835625
0.33907984847597494,1.6099948355272102
0.7396028698433083,0.8715858940064666
0.7246014383105951,0.9126930970243192
0.33080585291313375,1.6876954310059114
0.7229570125344497,1.0126392660270025
0.5321718245088815,1.116766984294614
0.4440244281183525,1.5495996618442702
0.356451385267363,1.5273459818006159
0.5955874234618096,1.191769310536086
0.31685555937401205,1.6545902212348216
0.24767153539211104,1.7295162080476791
0.5275197713645152,1.3042336541561237
0.5599196018951705,1.3081549232129626
0.2305474663977858,1.7285940486817353
0.4443730662528355,1.5136364786796794
0.4537832153393792,1.4586204473285125
0.5303630122841234,1.116826878235248
0.3483885503334312,1.624773308232726
0.27430796719418676,1.6923979960550621
0.34890001198692355,1.5747091612558644
0.3425554037796804,1.6423602316802521
0.2586894163356009,1.7275410310694783
0.4072792838251273,1.5405798163310283
0.36236022347823466,1.5209109701057304
0.3638252134203039,1.5428621589613492
0.4097628734792993,1.3792390262687637
0.369267725471691,1.5652734438221694
0.37802284721055196,1.5536560877478904
0.6772741702301621,1.0973232416168939
0.5555988118257595,1.3279762768671892
0.32326823890547446,1.645205259087624
0.33600955292911894,1.6207269519918182
0.3199063677802938,1.5751096596596066
0.27160625083708584,1.6910857876487224
0.2825129928223623,1.6680352345313547
0.5097436530952465,1.060824533337215
0.4318046164268965,1.497393547738589
0.2604454154195281,1.6909477522113643
0.3567431539705159,1.2563563325023355
0.6478495608921379,1.0568260918666639
0.5106312604013449,0.9576820390708707
0.6250825519613559,1.1965395469412263
0.756968748709047,0.9228804931779357
0.2205510665623583,1.7448801865793526
0.42506652334979766,1.4366521624354414
0.3146492226740927,1.6238486420297755
0.5218874253991045,1.4327550942682366
0.4384284878579551,1.300939481949936
0.4098481408017471,1.5292853215829898
0.3205044507653388,1.6195094481160022
0.3273052755352909,1.5281574022876212
0.3770287343805758,1.4518440889393665
0.3038521123621104,1.6146820948933716
0.4740320235739272,1.0576636719786614
0.42478374434737365,1.4648818567687487
0.40673104010739014,1.3043196727424422
0.3567572802991684,1.5650568263422684
0.41394341291811004,1.4906045857786852
0.26986038478529634,1.6650865385156939
0.3047312218497462,1.5829188915451742
0.3826967632961468,1.5438133740449245
0.5010155990655245,1.381488959637496
0.4225651569126298,1.517213857729952
0.5261519503787564,1.2132311242610996
0.6652369528857366,0.9350852806961452
0.3773328588624247,1.6160380161349686
0.41084487500476996,1.5391523043535509
0.6518489956652945,1.1141250797774906
0.35930362265032045,1.6625641648645735
0.28385916102831477,1.6369925319034397
0.3925916472134257,1.5600221182097285
0.26192860869316775,1.664123417843183
0.4276188943764589,1.548040626151611
0.6181084609549647,1.22163371962352
0.293505664802005,1.6669178245171052
0.6337269904181674,1.2283909238112276
0.6163033798929629,1.1811999945608784
0.4171780570231645,1.5436863020722347
0.48206570312346625,1.4790594469152536
0.355950017818792,1.487149639725553
0.6827000351370964,1.0292365392483993
0.6293539872165295,1.153752089861168
0.2234119875049804,1.7364233972907686
0.42441808243489076,1.435998513880791
0.5588447535002534,1.3172285492126365
0.5512453374928103,1.2234678967175334
0.3084523401923872,1.6026787081314013
0.4015049160971403,1.5881429362507455
0.3084811905619232,1.5659399851071312
0.37852507639256483,1.5633301681921605
0.47032621431706595,1.3970622291032548
0.26402574632421494,1.7264153213348359
0.6381480813109279,1.2148711316081595
0.35358926179635836,1.6407650533387261
0.4365547043856844,1.5093064982723288
0.26106605698613866,1.6546610022804047
0.25005785406907244,1.7057660195899207
0.3523948624794024,1.5505431253624058
0.4764438019089927,1.2752184002838816
0.24421282470339772,1.712634485078004
0.2750573310344628,1.674523155911084
0.7841923901354608,0.820258601113943
0.6720241278015795,1.1407422594508172
0.5108236110475933,1.3905726535935063
0.44809774926305673,1.5220256952315854
0.49197603323112105,1.234405793923759
0.32448259217042436,1.5446861978242272
0.2856270926092151,1.6585258921298969
0.7694059857694053,0.877716028914477
0.6582267045833053,1.1339887136571716
0.5316252597351834,1.300114209646754
0.38362005359204876,1.577006175138277
0.5198468741497982,1.314051667567862
0.4452523655549653,1.5002240824111688
0.4581260882510083,1.1054098322656793
0.2847516923051153,1.6592611641093606
0.32776071769066406,1.5436193205826878
0.5642870248720384,1.1448235438061618
0.41138729389959255,1.4709659313927883
0.3727179949662284,1.5253636421162757
0.7183171617593175,0.9901721300725472
0.6267157513616536,1.2317960108006052
0.44026168853998315,1.4106755735844783
0.5176239591165162,0.9172772947552951
0.2793557830994875,1.692797639084128
0.32967911278868384,1.5386194559447108
0.48945924595463025,1.3044860415808772
0.6320616906541192,1.1011786093212326
0.30480686962612585,1.658943142659127
0.36908254321386186,1.502424143879861
0.2598439351631234,1.7148805402529144
0.4166386898085677,1.5732798536642274
0.40894986793706406,1.4280984842800597
0.3428780012430356,1.573188529631532
0.2552315680048523,1.6486487987671392
0.557296462239565,1.2824484163340493
0.32802399667763044,1.5943120068243652
0.5628671534036163,1.1225822182321235
0.6838441716382666,1.071461656955989
0.34382333192093434,1.6536285679790317
0.24981036660370332,1.7215131989469392
0.5066694911083176,1.4411806843046313
0.3606247122355442,1.5124109412045494
0.5307074465816095,1.375259701365588
0.4407329090384441,1.5300029870877307
0.5082057316856938,1.4344031485135256
0.2424030870666593,1.6894039320310974
0.31104890262196727,1.592583545294238
0.5801876505180275,1.2986369881172952
0.4224286055657834,1.4337653136401622
0.4643730035705372,1.4835338022054125
0.37965862732279754,1.6253307710439842
0.22667252326338727,1.7387916347746297
0.4646688952182093,1.3976975684268755
0.342719756322566,1.6159898710258722
0.32592992504399865,1.6679973442917926
0.6934669660911984,1.092882321074548
0.6579532340070664,1.11820577978259
0.6706331399739509,1.1355378556019016
0.2747817810127527,1.687959484082569
0.5027313194732046,1.4068786112663134
0.3335302972155179,1.535954587286596
0.6178446827692459,1.2224430636197394
0.28265095781510663,1.6690918202830858
0.6146958616225591,1.1305208953288697
0.2913074963263913,1.578117938877836
0.3611519419165012,1.566909214648052
0.5658997300271117,0.9741989955342707
0.2853509307760419,1.6022295260163744
0.3722233873867387,1.5869502082606985
0.4585039881341614,1.4427034373921153
0.5166193116921334,1.4499763053391381
0.24498508175660882,1.6159706870226511
0.4460658754641398,1.3211204940101962
0.6120821594643894,1.2213779600350534
0.4784745334173785,1.4037035201049277
0.3079261485235959,1.6679991432676333
0.6573252810179051,1.0837977950781639
0.47847422605227846,1.2131567104408472
0.3506831072815992,1.5078641932216779
0.4675094557826127,1.4833182400012872
0.29444931374828975,1.6352866785463829
0.4440482572431205,1.4983831545019624
0.7101674973339088,1.002950437437684
0.5682438357723992,1.316968937818977
0.22982031878021938,1.7552090020173565
0.870372308141783,0.5772139656554007
0.47947932887965217,1.488260810978129
0.4140569874537549,1.4933588717995427
0.35999176682183076,1.5997332858384334
0.44001467239291203,1.5742780187143257
0.26057793755766184,1.7137518420305837
0.45248233203143723,1.2878638754505447
0.29978203291975597,1.6451574888590446
0.300908625886364,1.6962474863876829
0.5896781179393785,1.331780088172498
0.20868505667323303,1.7428239588940504
0.26925714008356955,1.589455420768257
0.43839790289765806,1.3229947472834749
0.5002870561891879,0.9804357258729478
0.3362778623565293,1.5668187440667305
0.4419614866444895,1.2142634611400145
0.39150096064575046,1.499340973399589
0.3448972422793875,1.6478786241173147
0.3545412595584004,1.6414434217314398
0.281055976644184,1.658660456343441
0.3536838872939817,1.528534625158292
0.5300866032639039,1.2647924484792425
0.4881621747523759,1.329003312307134
0.576598200215394,1.3453412763213088
0.3861709562811031,1.5993292953065947
0.4640520691541599,1.2957999070253643
0.25776115081472023,1.6840975505598854
0.2908174121657995,1.6449672302008873
0.7436929841271461,0.8667011377679965
0.2670619461136759,1.6875331000957
0.4469144294974817,1.5074367608676311
0.5817216709419168,1.1384910497746092
0.34288892933355997,1.606921275336489
0.38077985595063457,1.3647945173504479
0.7448356212301543,0.9481515741635225
0.4808337671657103,1.2712446869419216
0.2591842979057599,1.7199584394262057
0.3513138805433635,1.46067283468788
0.790686796332675,0.7944834897816235
0.7566561968791418,0.9156136136765116
0.44778916113913625,1.4953556860993926
0.41542528499733444,1.551169483524443
0.27046652242932273,1.6633008630181252
0.265095771383198,1.715815603545689
0.5153220702716547,1.3553947632595635
0.5903472166864613,1.266692632736633
0.2939583949557265,1.685551618413303
0.5644511115653179,1.3345894388106456
0.250824703391362,1.6906214281855645
0.6011231476745874,1.2995628877804815
0.5646616612378298,1.3321885795610677
0.5005416900926153,1.225533850740781
0.42127090002737805,1.400140592039317
0.288617686888583,1.6554923750827188
0.3813422168548693,1.5895240144637368
0.6794888449521199,1.0727749141089733
0.3520440937490964,1.6300974718536332
0.5733758457667937,1.3293277392471552
0.529971133117025,1.334340973865269
0.4581343203615855,1.4832996076472147
0.3717541753836308,1.5925102002476148
0.613011137219098,0.9963540646639736
0.42006403443210666,1.5636308075920777
0.5518602721472466,1.1960315865795108
0.5672200855443614,1.3279679894092076
0.4257099894816661,1.3335146140670722
0.42321404740359675,1.5234249719490427
0.32268613864598655,1.6062003440750008
0.3175255437594126,1.598931553890075
0.36699625958095755,1.4484319650559518
0.4376412017572937,1.4107641069468335
0.27216908435643244,1.6814657590180444
0.4012693565040512,1.528616466260767
0.6874307932135773,1.0977241060543046
0.35660181757495735,1.6635704244059188
0.25938010660883637,1.6658023544546239
0.47568479075470027,1.3543857600417868
0.7234545702823957,1.0145086941836376
0.3218877122027372,1.6140559756975643
0.321962336892997,1.6406326530141901
0.5835896351939908,1.2823653711832408
0.43228310666647385,1.4062064831237917
0.3445495049034645,1.5879655422795311
0.4897049802170516,1.4143067853166034
0.6248353982077315,1.2245496347815417
0.4970109266644407,1.2280611581442975
0.3987092416817894,1.5228754491036829
0.37425592783100886,1.533448731123362
0.5114605454147582,0.9239765389789105
0.32196966760195184,1.626732115173024
0.3326102309072485,1.6199999711160473
0.24322503601706513,1.752684889906879
0.4494041670737028,1.2833878065176423
0.6540683271771393,1.086448112789589
0.6816905647047533,0.937584186098718
0.3809557191568891,1.6015315473993748
0.4098851889665203,1.5704087268611104
0.28927640619431083,1.633482317850692
0.5711884526721787,1.290398730809006
0.633663572633691,0.9554401456226229
0.6632477503390183,1.1223877349016176
0.329013945055921,1.617003374559905
0.26918245734584706,1.6328415940232186
0.7997346787497168,0.7812473706680355
0.3103661210416269,1.6834637705026307
0.3043872188340897,1.627091026223286
0.4716010091430112,1.2688145261435064
0.6082517079411061,1.2564850478740883
0.3153254834101122,1.561528414037262
0.5103497048672421,1.3722735215011244
0.5161465480642268,1.197173070397935
0.6025108285865756,1.1662834625618357
0.31457202075255897,1.5803526505596905
0.7045161956791953,1.0055490792464596
0.7808743992621925,0.7839837225707931
0.4302323315146945,1.14899345519936
0.34868172844012935,1.5797129929132758
0.5310018737263789,0.9906916074742605
0.40032675230462794,1.5794941384722134
0.43527452058893623,1.3320098937337852
0.24990136921509135,1.7003942617284589
0.30835391228742454,1.6849594541926418
0.3738844060219835,1.591191846776662
0.2823542484236694,1.7117656020050585
0.6219781404084254,1.1011559245772427
0.7146157477701364,0.9573191444615079
0.2987292241387004,1.6077154161570721
0.32940965580404785,1.5084433984304995
0.3667328715758144,1.476818526255583
0.3703281405971208,1.506835628693867
0.42693681314148335,1.3949316725013767
0.31657649217912676,1.5614636990239736
0.24031865450976106,1.7331046985522645
0.6184175840748704,1.2565851568087671
0.37464341764312026,1.556244977410817
0.3931772680443885,1.5858977962389507
0.3156192720453561,1.5820452463599335
0.3388971580545127,1.6288423852040117
0.5897167008437234,1.1921427345140583
0.4577481182739641,1.5184419173334225
0.2807622515105906,1.6729897298716867
0.2754899626973967,1.7049723917236528
0.5138929826567793,1.0690688785684486
0.2455810379532534,1.7108849464775044
0.5961380500090028,1.2059434126219606
0.5425045089783906,1.3043456563953457
0.4288465753016394,1.4195819629942854
0.2661366777708308,1.6135548609539068
0.43366719653324315,1.5625724697449166
0.5336670226894409,1.3868015065740162
0.30351547882176605,1.6469806601145713
0.6449217426862062,1.1528072445742408
0.378058628008425,1.611939757199361
0.2737516987536347,1.6171796909423484
0.6721136326486212,1.103678441607428
0.42134631446190757,1.5785416818441278
0.4359404951665757,1.4931749872888609
0.31489859723354896,1.6239074272087817
0.6026795533237693,1.191326229030991
0.46955067261184286,1.426445922896883
0.37780025452091365,1.5980282436236952
0.40564208563444554,1.525317883448221
0.24814332670994788,1.7129663740896757
0.4535031349800773,1.0664451309262795
0.4004573062511038,1.3399544287133454
0.37285034838064485,1.4463527261569329
0.5839822022403741,1.213903704240717
0.31721983384486135,1.6169511385215265
0.3645371795123759,1.396188608879645
0.779740507532964,0.855900713566317
0.4884368609746545,1.443135689082993
0.41674472226896925,1.4810158519310517
0.2691177574201453,1.6910594402938999
0.4575848057421011,1.289343703905859
0.3908420664331938,1.5458220873998405
0.3841888224005812,1.6191716958900524
0.6805856944368077,0.9511746301500876
0.3292443430735045,1.6508857592472634
0.5226912485512457,1.1901910713536874
0.344404120469755,1.5509577798795617
0.2626661406468894,1.7039705529469833
0.3485840909631485,1.6183952223081204
0.39930666595926717,1.5627723612859379
0.24514681970091812,1.6977719596943994
0.39629417411641793,1.3375247790493934
0.43800519622003736,1.3456038828831007
0.5948151824664927,1.281227704928066
0.43493660209329527,1.2945462460715351
0.4475818688760361,1.5176540554114135
0.6895676586175217,1.1082925966247759
0.3138204093755803,1.6454056131163777
0.4665399516017897,1.1332262738515568
0.5259431212456458,1.2748691661032736
0.26625720728126,1.6913434602171575
0.34905935670138766,1.5880437706730808
0.40907069269287916,1.4686359724031008
0.528090843777508,1.3067494228957421
0.4192644707353021,1.5341219365507506
0.2763984002602239,1.6258727091732625
0.5536702040551991,1.244893894293932
0.42580043098322146,1.3816999318615866
0.495920203628921,1.43784431898453
0.373159894218798,1.5057128132664162
0.46523228733918703,1.418283091678481
0.3959949806895235,1.587249278013536
0.5977728642220458,1.238702286625362
0.24903591602213912,1.740336941691794
0.5074173791888111,0.9383295125890236
0.44988965184461915,1.3674473282538466
0.5287936716595589,1.1414732470987263
0.4077803996706886,1.5319458382651254
0.2862180974627742,1.6872381513109578
0.6631803814124236,1.131639043174986
0.5745348373389415,1.3125427840733739
0.4175510038541681,1.541390447059091
0.5128437728216622,1.3867375340251202
0.22127961213175396,1.7556802220064167
0.42200286909115753,1.1816080900997548
0.29709306949658393,1.6908489072537656
0.7239212295713088,0.9397859270621567
0.4208928872024645,1.3508512330190223
0.7397894569138929,0.86201856161931
0.4951206995659841,1.1223703897528918
0.41986773245581926,1.5770283829355225
0.39909836727145304,1.2840802481814
0.3184723703657178,1.5966907846865497
0.46153692071216706,1.331087099727187
0.6499734759460957,1.082227207926484
0.24436318991170208,1.7051004477337954
0.3443116615761448,1.5991533813587495
0.33722166245151275,1.4674014875702168
0.2928235804331564,1.6135562000960624
0.33013868690179343,1.590604603285211
0.44048122667934814,1.51131320883316
0.39199544506944356,1.604876405482234
0.3893229760273744,1.5259987975962763
0.25824870709249076,1.650042431256714
0.3535149248156511,1.5238714505709745
0.5633032469800667,1.2451399131291623
0.5024684503847103,1.1837514437188044
0.5679367788024434,1.129209625313039
0.4585548781534736,1.4297947932140103
0.31400243329419397,1.6264660475750623
0.4142457095953263,1.1894360002189281
0.3824157987797026,1.5781875898693352
0.35836527559619924,1.6502489727900083
0.3780584926582984,1.5108888283110335
0.35457794788240626,1.5252922325956348
0.5760237845349894,1.3000685273248949
0.24034717322798024,1.702334771245235
0.3557864387999906,1.6059007360545934
0.2882057078812202,1.7117157093941116
0.5228172963027484,1.3105264785862887
0.8534770469526385,0.6392362880337764
0.4805256386238043,1.3599966959203202
0.3421100623848144,1.581391847451629
0.35604160352350606,1.6041053243753636
0.5658101569385459,1.173330512881344
0.8341554590811208,0.7034930588556968
0.29376325015392835,1.6093860482874303
0.5087008504780394,1.0958499081966424
0.6747899335068133,1.0483927293898998
0.6617643638607756,1.0337686924584333
0.5407883907074797,1.3601524343763047
0.5129558612688163,1.3736372025887096
0.3557024319526938,1.5830808314357758
0.23774922212289173,1.7173165038408058
0.48570597499606755,1.3606773985308311
0.328101970025331,1.5963144195149754
0.4065975407416958,1.5427116238925527
0.5787549682650676,1.129594407588035
0.6737767471835349,1.0996085401411846
0.4602235073199308,1.5107596808788557
0.833001164250982,0.651027077777764
0.6852545618726811,1.0161496024464134
0.39182313477137803,1.5923544983806255
0.32082724555744446,1.491584418517634
0.44024133409337624,1.365266981287003
0.5038861331161895,1.360013427138843
0.29208725016665715,1.617494853285041
0.3045915495349714,1.5430463560570935
0.3259507632928722,1.597289808400708
0.6487466484305441,1.1685200611402868
0.33352559143327487,1.570461675912803
0.5195730120765492,1.1233291448468172
0.5343096927790418,1.218012488604007
0.4700148187855307,1.4454209453220004
0.445496708154648,1.5386778252506383
0.41068470036950133,1.5159034543697474
0.37740266811746537,1.6306324428683732
0.5147334987550347,1.1344068090070138
0.670865032449444,1.050135509441356
0.26192192513768653,1.704035556242275
0.3321727568954295,1.6524564597032114
0.5225063068864318,1.3181125459015408
0.607656456848282,1.2142777232173836
0.32830721812211827,1.5654511417304668
0.24542031223114713,1.6792260225596507
0.605752098837735,1.1916676815016074
0.5034676540577957,1.4099022540351123
0.7264320243419607,0.903894861559863
0.2628645352791651,1.6459687629821724
0.36588950470673615,1.4233755499743437
0.3082626034573473,1.6554230447823957
0.38356638244696795,1.5997336821308807
0.3473758625505081,1.6169972476208763
0.3524579287690864,1.61949594790686
0.3069062941811858,1.6883716137531524
0.45383902972552465,1.4757884574816011
0.36013222117100585,1.6003595182577983
0.42252060031978494,1.5032076357528277
0.35153089464834136,1.519524954243036
0.3529876874439121,1.4755384459746346
0.5928611105369883,1.306674815119403
0.32201604851935756,1.6551467671784514
0.39637192295060303,1.40971594382949
0.5959478024414274,1.2619830420277394
0.5845429162537782,1.2984459382889628
0.6634438409889635,1.1235304951564875
0.27439014839028003,1.6017685335748872
0.7600278223711356,0.8936743799244291
0.3593023697410717,1.2472853644396313
0.47763144495923815,1.416155657698206
0.7092397571734604,0.954611019499488
0.49154379016585775,1.1555527446090452
0.45329866496732585,1.506644508641059
0.4797102425529937,1.240197028458375
0.2774165066440767,1.662884093855726
0.26785098526591167,1.72085206688712
0.3935777403612251,1.5869434359523762
0.32164275675197007,1.6882750638777613
0.3919435941115603,1.551032227324208
0.3670318120439769,1.5611497648937305
0.4822204898648711,1.466610328629266
0.3062818287424972,1.664840337924067
0.4313536125391188,1.5015411718162597
0.5138274172861275,1.4234370300453358
0.26759805061643394,1.6774958104719335
0.5447120439030436,1.306019149437384
0.6017992237402354,1.1726752819778818
0.6432241654311321,1.1913656911474584
0.5109512378272941,1.3227695562934596
0.6048528330042415,1.1650949414957212
0.41049203605277673,1.3347703462726985
0.2654942394064052,1.70112101744043
0.5425582786950429,1.3471605596792537
0.5091150056439934,1.3400433151336366
0.6000943197371621,1.2857537928957463
0.29778347678091316,1.675682330902416
0.5700454335944052,1.2707493931912772
0.2822243854055189,1.6334791651057103
0.2627578363705041,1.6809046705558335
0.4613919224614574,1.289138234956605
0.43193819598376704,1.5745780961753437
0.5205373713921263,1.253503616195377
0.7348468322439197,0.9073307609004122
0.30783002950280436,1.6082965692892486
0.25193974845583655,1.6774443561739667
0.5981734974886626,1.1050265722125139
0.38385313076347355,1.4501909205515762
0.7151810620761212,1.0357537391021487
0.5027601433872385,1.4722452233944656
0.25669601912813844,1.683877391463509
0.6858846567077947,1.103063409539515
0.2988540642110585,1.6805401776928401
0.45827510639116037,1.245095313084994
0.4950647490461321,1.4363020807981337
0.2308501850216141,1.7565802005823838
0.24924961825743228,1.679352895107209
0.6291355737457472,0.9786760109402837
0.2784416667354406,1.6366457450031142
0.6290468995588011,1.071951505712169
0.3658708279821361,1.6316065006630498
0.25807345855519254,1.6705122364138656
0.4534907410992829,1.4514180188336037
0.4604184206702547,1.3672373336339843
0.2579066286264649,1.63215357495924
0.3140696652948362,1.654712939975661
0.5621725126566487,1.2744058051139397
0.5157413444186504,1.0757815469154053
0.463401625558609,1.4097650354749969
0.2577632104503602,1.6998899333359985
0.4801888411858717,1.4164526226494094
0.37601108780026543,1.5928357264152984
0.4231922910578046,1.5366236845196977
0.40727387457271835,1.397224846155225
0.49026528184180357,1.1993705116123008
0.7440296371744352,0.9542467174042641
0.5265574230158795,1.3514637047943996
0.6335034799217822,1.1644361599501316
0.4482947324600698,1.4874944039661357
0.6175284813629922,1.2579407384124859
0.2916735971443233,1.6072183505901472
0.5780332080364369,1.2963441895003707
0.564198258500229,0.9593072865539463
0.33137795699690603,1.624738080590181
0.7609094939042128,0.8311995974086271
0.252828374826649,1.752138630482234
0.5451111306196903,1.369278518651632
0.33814759651327353,1.5388775807660635
0.5474625882575753,1.336104392123564
0.22989236329558907,1.7402486235380241
0.2544914439726422,1.7279164075704145
0.7618842257942925,0.8220930858691806
0.6470942953609307,1.1814977562776008
0.2974651611387217,1.6273331222707998
0.25737132475904523,1.6568781020348262
0.6076944558624394,1.1811642371130011
0.40920439904306455,1.5743968360337968
0.6433428845418739,1.1915269649442175
0.3547790890195048,1.6579891138676768
0.3816228386862542,1.517040294989738
0.5484645633607059,1.2737283673698325
0.3974547369047713,1.5645284605986427
0.3542734945664572,1.6197161415617616
0.4746464164008431,1.4607576707061793
0.24859694351637082,1.755305053568947
0.4939546454854032,1.361149903398728
0.612118043957272,1.1548667085388078
0.5001928243687347,1.3417926033591354
0.491301799729189,1.4786650190711241
0.3718088692967884,1.6091573615167605
0.5717433501981543,1.2086372874388571
0.3514807488473654,1.6652938332735032
0.6230801082254781,1.2378024921625226
0.2881852470430929,1.6587635065632762
0.25118036163617125,1.7058427102325102
0.2705262196480345,1.61133403188204
0.2688059241755548,1.6961354011101843
0.6423187076456734,0.915857781559742
0.3312778091486482,1.593931382971741
0.6616648743655734,0.9712645472692374
0.3925582612750126,1.5399633364039973
0.732618711626372,0.9905160821641374
0.47072717574000306,1.3776235888968995
0.5796017558480615,1.2970123665958146
0.7440357549233672,0.9297865142053301
0.25725449385667953,1.7132365095902446
0.40356928400280806,1.2754094876802688
0.8001162785239119,0.7543140494469661
0.4402904437086632,1.5237939156332159
0.45967647062001843,1.4469326767845847
0.3971151837180306,1.419069627232638
0.3029868977413335,1.6528930477525101
0.4268322961726151,1.496974449684067
0.6226595519247359,1.1050309228024426
0.5908961474209848,1.2290713168451552
0.6148944953432929,1.081677987532752
0.28819906072765605,1.6052629183415748
0.45921763468309923,1.4207603222479852
0.5992642759258677,1.2062330484619594
0.4396069026373283,1.17697970730363
0.3248699424218058,1.5611434538432614
0.38222603172944947,1.5771865912737728
0.2727565418201887,1.66129537797233
0.36897674835629574,1.6079134953031433
0.48453615193377336,1.0207075361717037
0.5137581305904554,1.1114563398772894
0.6007361406815666,1.0842069446483644
0.6396669618626942,1.0817880538538207
0.4944804635369537,1.3679906716293018
0.3996201318850262,1.5742778734708105
0.48446577754653686,1.2032554742665194
0.5972841078087825,1.1904711824714005
0.8114003477418514,0.7740930673239464
0.45666245734172906,1.4892769517759468
0.6600118424409455,1.1543019361155185
0.42756865991740894,1.4735231331190612
0.5081717275221673,1.4026833202448035
0.5726023369473953,1.281266139610008
0.3740441653977457,1.579020507019098
0.6269793453320144,1.0144309565600438
0.26351465053354156,1.6008330448941557
0.4927893163948541,1.311710302637622
0.3128531860379853,1.6307524546450514
0.429101528712814,1.5333046408247757
0.6240922969301743,0.9856570400650331
0.4057096673443943,1.581955048829351
0.3616058111540386,1.505613915543254
0.5303943711202507,1.361779151620315
0.36279008122078,1.6048947325349006
0.35296536563099357,1.4477475464033849
0.8157844321994511,0.7518973155606331
0.3397740913084857,1.4982866952132297
0.40955175706489383,1.5714173913712741
0.36587044861124235,1.5337327285658293
0.7308104090652361,0.9039283902213535
0.4784233441298036,1.4654858406414617
0.372675925081343,1.647718978613947
0.3324362051226325,1.54415839410945
0.3510789559489254,1.5502451696565598
0.35292853701158533,1.5828828621761162
0.3678241146980015,1.4060719515166502
0.492812927532903,1.1306922256745249
0.3462008050244406,1.559408441256339
0.3184569107986353,1.6479167333220026
0.3519696760259819,1.6379883410611866
0.6480781576088485,1.1714023510241602
0.41771439662237625,1.4468277631933455
0.6903660213260965,1.0596616237467327
0.7833015086900151,0.8090454686554691
0.7105656525880916,1.0243201816690655
0.41028539109762807,1.5445770114258686
0.6984343100260166,0.9854769192460118
0.3171965783896152,1.5721542802810295
0.5014136674005665,1.4554226142457982
0.45198963174379,1.1346846878262855
0.3362757941313112,1.48121928582389
0.42541359842878984,1.518077482651857
0.34144941554106323,1.5327563418716639
0.6126822491568431,1.2419592375926238
0.4569225974723698,1.3846974668771392
0.3849750477638251,1.5307011589841852
0.7702404223499818,0.8743231756038199
0.5904301437355823,1.2181595244913106
0.34050024920403754,1.6828633713752026
0.6419667149030939,1.1978119835353602
0.4760514263536139,1.4973470126778594
0.2926936789286669,1.701901947897106
0.2878846278004868,1.6744852733217739
0.6182517193656683,1.2209891459181454
0.2725469518939503,1.6303769504070522
0.6177522384014005,1.0698448871864257
0.42373583295680206,1.5327144252331062
0.3742563839890337,1.4937367408087099
0.31810414451547214,1.6316786576072524
0.3238730752214958,1.667779894175879
0.8070385228891065,0.7559120743386505
0.4154596175278277,1.5458172659355112
0.5339792885212962,1.1120863291285819
0.2941475564693545,1.6872602310255704
0.364527462398435,1.567335671982888
0.46641571616081046,1.4858709593418626
0.408906785208369,1.482605684635162
0.26106595476496053,1.7339946629188883
0.27561993080383285,1.719274178085257
0.4307125314803077,1.4906088450514363
0.5881922289292772,1.142267194122906
0.40777977323183867,1.435706822703993
0.35861181387331287,1.5760704087426651
0.5207906191591821,1.3508572019929717
0.3140107866699308,1.713315242482279
0.41228440980532954,1.5933252221639305
0.4437261870176175,1.5118285891340406
0.6046709241308368,1.1480112759581562
0.589615629221389,1.2582073980097181
0.3495810040148977,1.532322609805352
0.6443926416206358,1.1109804411147808
0.25138705118282556,1.6633187332912793
0.33183451621946713,1.6771061375583367
0.5255328244180407,1.0252260165781735
0.5084831553369014,1.2812045557109406
0.2721177501414721,1.6413245837409316
0.27039987996453013,1.6916719215726381
0.4792301952027053,1.4027002449392247
0.6762185372884696,1.0430418210938288
0.41898758376176926,1.543195725625808
0.7030360985515646,1.0298629648898823
0.23453140990422508,1.754651143081001
0.6190405279432518,1.120279389741134
0.32370212346102173,1.6259710908610168
0.36330948375581956,1.497382941801376
0.2372490143157932,1.7377084173151567
0.6728974928605436,1.117504431611784
0.36850437575548833,1.4413620763560928
0.44361644839442704,1.3004130151487188
0.35164582288706203,1.4992225682919684
0.48923563362258465,1.166334092632047
0.46293039289063126,1.5011487274544397
0.3501115468323115,1.6227561403213993
0.6799298874912715,1.0501876384681474
0.2593704415478186,1.6344330579354571
0.5910109148113697,1.2575723037256266
0.3488684213505954,1.5984038232478748
0.25801399202712433,1.645684335222975
0.2521034017460481,1.7397581795057644
0.5561896305089279,1.3121503153593836
0.47955655844783546,1.4895427780300516
0.615625662417663,1.231623192183552
0.6595084475303026,1.124418215509745
0.4512939145387065,1.3458115555026136
0.3074439210515753,1.5971292010828062
0.5355232728491832,1.3791402011338991
0.516517997215064,1.214828112413535
0.6075975266151962,1.1568291616251418
0.45461125644788214,1.4207917228853106
0.4375413029434323,1.4109508079284179
0.3489499334959214,1.501507932698708
0.32309630702213327,1.5358535728156357
0.6852897812133926,0.9810197162052924
0.6975698299055338,0.9921009262648759
0.46537529032995373,1.4457868084405923
0.34699547523953966,1.556182865365948
0.3571128754900026,1.463673312325351
0.38649719799969584,1.5078002725788937
0.3063818869213928,1.5729826938897573
0.5812678969426658,1.2552467677143508
0.6265496218538954,1.2175873986961276
0.4071661622538396,1.3891463160193336
0.26825482224272834,1.6823134014128833
0.6056108537683798,1.0196650217139789
0.6551570610476454,1.1514745492280787
0.47185315086341006,1.3741839127247002
0.43063843031233456,1.4405243977313018
0.3121298841214457,1.6148105257240064
0.48895495895224605,1.448055428285468
0.254854470761232,1.666918418561868
0.24631711139452708,1.7358093327727557
0.6039968718686353,1.0387224372322774
0.38913687063702895,1.5093989402995007
0.7242796323012695,0.8972205342243986
0.47616686119980517,1.4842139691170861
0.37577552492297195,1.5941419875257181
0.6559535995493354,1.1062644343752164
0.54579831173821,1.2526058694908282
0.6127397037304773,1.1516686058084191
0.6139184047470246,1.2257631627486165
0.36424254972099446,1.5128968672793004
0.3738704934376902,1.5629035827938171
0.27932086685715973,1.6765778975647643
0.250785297514943,1.739796376743428
0.428073137433068,1.4545118068859462
0.39937891339374704,1.471715344786989
0.40626201822666685,1.5636412370332209
0.2539685087870919,1.6962074114285408
0.516810284299117,1.3336278157440937
0.6011850595417348,1.1574142029907581
0.3654559936297739,1.5805218175228026
0.7612559611448831,0.9089765433648541
0.24239862202824003,1.684733617764023
0.35686338310348936,1.5818990419970687
0.4024732855110902,1.4222662491562474
0.2661682716822645,1.616689166812547
0.4487327288896134,1.4806073849918666
0.383487645364714,1.6064398858529503
0.6098499079956974,1.1624047663071095
0.24678864574686193,1.7294878672029372
0.3121004168979886,1.6597807616729001
0.5063035240012399,1.3755797817435245
0.27040046134510104,1.6909643078945282
0.5651152915470817,1.3662911022089101
0.3521966078659058,1.6234374591960534
0.5791844684980604,1.249778585178665
0.7183069617914739,0.982414136537794
0.3147294509332956,1.6611986824818972
0.4055459032798656,1.4941911959603773
0.5791539203304936,1.1465447895443737
0.5974305331164763,1.2396135180392418
0.25497043679157816,1.6579457327254816
0.7635413794359767,0.8967260920885682
0.5204653943820906,1.3856952917534242
0.3850813002511635,1.4640792582971505
0.3350079104046211,1.5708931425560648
0.4661561147691426,1.4872565304905399
0.248552110331679,1.7559080320098017
0.4410262670242012,1.501641247444387
0.557182796876072,1.3331043956518729
0.6284143369517455,1.1184667991324226
0.40113967937846795,1.5718431468379426
0.483520389475364,1.2652701321664273
0.2622458715872518,1.6984980006902455
0.7167016406763926,0.9733999733443561
0.32194098449198316,1.5501900710021328
0.22927618252055385,1.764848777921137
0.3232710479088094,1.6887540751820957
0.5165065902142703,1.1525558332898511
0.7764894815452005,0.8040909956796699
0.5914895244250143,1.1668654878039328
0.4339715043743363,1.5826772192822085
0.5869805489394279,1.1424623610991291
0.31682142775424543,1.6156681433327045
0.23972575389250697,1.6966063541519913
0.5151247263587988,1.30143084074037
0.7413575742886382,0.972540923382677
0.362097030224276,1.6335445956876575
0.56261800233425,1.343331727311822
0.3014273131816332,1.5649817903822054
0.28675540621775597,1.6365209382739128
0.5973847205058207,1.1967682638791448
0.6013934077152524,1.2846848633089039
0.24478696115021997,1.7448130641654453
0.7030155524220927,0.9274018714285693
0.5354744885681055,1.3160957459080826
0.29502368987660793,1.6293584150987628
0.23778540021913736,1.6985448349006813
0.34410880088437695,1.6264328372103773
0.34155068201988037,1.4337779636779517
0.6921914200560338,1.0550166353031194
0.40332932783317277,1.3393186715043612
0.45313181797132285,1.0968503613963592
0.27189556091607364,1.6594442559645475
0.234479247963785,1.7286769718174264
0.30701639084859966,1.6779796603434685
0.6519465704661457,1.1606120024521975
0.4097533402599603,1.2259647369289428
0.5776014111913946,1.266370214459152
0.3126975756946559,1.6756871247354708
0.5930937466736128,1.0672110813563893
0.4184078718902674,1.5025459717462486
0.3328250012218964,1.564036130018901
0.3311189956667639,1.5898476470481993
0.3078676641800487,1.5935252948129885
0.4186323530519831,1.5296450233673544
0.5113774010592359,1.0546397270211165
0.3783267364273371,1.5756087651833597
0.2910300419096245,1.657817986821014
0.7085788526393406,1.002917252569198
0.427876616935378,1.512300276925595
0.38344104562909054,1.4520047621366596
0.2803419435839469,1.6310468997295098
0.5975155207454805,1.1685551589543273
0.3778214589955238,1.4804985298518396
0.4370842221892014,1.4636070034557331
0.6751191830784968,1.0426448485831235
0.3401836169382577,1.688399336095381
0.8294586241928639,0.6977717882961538
0.3687133154971742,1.646951312531793
0.38544621103040705,1.533484668973817
0.32799881752148874,1.5679250477289093
0.2533506234149806,1.664921893411481
0.4718503074484907,1.3260201852376174
0.36998548377668783,1.5652770154265954
0.657399564885906,1.004939216140488
0.31159189650199537,1.6226105850460504
0.6844905952459713,0.9265765866106624
0.5012829706720439,0.9398948799371601
0.7542729040187143,0.9298684399868844
0.6072475499316828,1.2516864612052205
0.5967863012234652,1.1791832385114054
0.3573962383734192,1.4644900288368081
0.250548168782806,1.6371639557718063
0.3937150841490537,1.5688544537459252
0.42588280394432765,1.5431384764710785
0.7798226318242624,0.8373478841187543
0.6381736379890025,0.9927123844359531
0.46144077880368795,1.4700793958077185
0.2897040614347439,1.64289009524496
0.28277496595228946,1.591605822178163
0.251942938566951,1.6605962263810883
0.339977574694957,1.5351981091621107
0.6573434646985645,1.1203810953496904
0.44484648947049477,1.490703377721117
0.3992046775491673,1.497264655164844
0.20157816563538353,1.7750572086008087
0.2875492689388845,1.6066684803331328
0.24975468873387968,1.6592133345140168
0.3402788136772496,1.5153845413294067
0.3934830183489906,1.5137590385189452
0.7184934075712582,0.9884836205865624
0.4302900052174136,1.3730318759612925
0.4592368590859203,1.2906910282307678
0.2740471078893954,1.690578735841806
0.395012773808606,1.5301693005846049
0.3287211909173678,1.6777464757923983
0.35718202971334834,1.6424801431346168
0.2778366146312117,1.6787919212638462
0.2484154015913803,1.742240311868899
0.6331547922641397,1.0381297016155902
0.26037702622737235,1.7155505579374026
0.32774408916306547,1.6074824667823202
0.4152361468919478,1.5435822997755555
0.3213987209980314,1.6662526969164222
0.30546650172235496,1.5733340520320973
0.40161733123921417,1.4481582901309331
0.63485515670381,1.1598545802557618
0.4852999334784831,1.161770007692638
0.46508310956529303,1.227505872694619
0.27760872235004563,1.671782686566186
0.2909814645578851,1.5841693477962706
0.42713753112950564,1.3040404656297684
0.36882950749614785,1.3510463026833586
0.4607974718911203,1.3361206935163126
0.32205046297432266,1.6998813316701824
0.27241138430523865,1.6731419611651994
0.35787739943815,1.6269435931074172
0.6783540014846308,0.947319262138669
0.5934445858956812,1.2232693960025673
0.25690726678721854,1.6972999570872283
0.4649647258899288,1.5311414130338614
0.439131473053907,1.4741550440368638
0.3848774402571463,1.527538647814704
0.3232441554311537,1.5597169991404396
0.32994276777588133,1.5872296271076944
0.5065435849404654,1.1762903809863965
0.4674376280353422,1.4050554419605001
0.5153759839960701,1.3837896807340588
0.37295209139489194,1.6462936654830593
0.274297602394699,1.6866161834889837
0.8221650252418907,0.719129903149133
0.7432103746685129,0.9447683178371795
0.2995367439733294,1.5759114710052837
0.362872920126335,1.662559637118418
0.29054953787910304,1.6377670431434863
0.22615826577500087,1.7424889708509452
0.7083098753199468,0.9781528495834172
0.44630729503000105,1.3543003421556838
0.22679430643954077,1.7728114976311118
0.8276149758592359,0.6989560779748474
0.38568051023143346,1.4533033073117478
0.6324613522248531,1.1663468535675696
0.7201346572967295,0.9254261402354007
0.27668033382368845,1.721974607058458
0.35340909418005184,1.5613973679504372
0.3252486352979941,1.6575777201799182
0.38098702711256915,1.5966979709610678
0.29426937332936826,1.62298612716488
0.5850059851251236,1.0569301801991906
0.5940165838886924,1.0643172146045181
0.4963964483712247,1.2006960302058383
0.3054207084874302,1.625138562990676
0.7395570161664,0.9752062632532507
0.48962258279511145,1.3272835709814945
0.3813786710869342,1.5743822514791732
0.47549493648713326,1.4482738788245042
0.2755505343048062,1.6477704628448997
0.6541284347568859,1.0371274970417046
0.28191696224416174,1.6216935495465636
0.29240234362255435,1.6186392927329079
0.8164624079120727,0.7078118020346355
0.4802819052846464,1.4395386955072624
0.4251886622376613,1.2828173832918146
0.3571278751251754,1.5930562206492889
0.6839671032233992,1.0236399993649874
0.386988503252641,1.594469047387937
0.22125324185779138,1.739784324906086
0.5814167387013593,1.2912998932173145
0.7555514594218721,0.9286872732992146
0.5602940441113649,1.3474604488669983
0.6181466475117572,1.2265485963929317
0.596591229778776,1.0510076150506995
0.4335634214038679,1.3569960780560548
0.6103847101077383,1.1491655311863562
0.43344902227512005,1.5187671960331923
0.48821090932053557,0.9979165943104498
0.4180268892180982,1.5342263292304013
0.8153796871457866,0.7366142823465937
0.7111897559111497,1.0125067892572497
0.45090100647927595,1.4597906882111238
0.29587121356494755,1.7005415097360181
0.5167211758075321,1.139475203525921
0.40095849152140334,1.6113141056209688
0.47930725808256824,1.4062736048168203
0.3008525566826542,1.6322945244488392
0.3571258547342962,1.4956064622091587
0.2784949732533245,1.6690774665902746
0.2583354640370974,1.6467001577565648
0.3326304276439439,1.5677892007253584
0.3180101658734752,1.624710881169228
0.31054380812228327,1.6657740235145082
0.34457682246826477,1.621430305335635
0.27496856569875766,1.645115498469466
0.44413592800332924,1.3312056535908061
0.6519385708233407,1.1093306476460123
0.36643617429145586,1.573984178174826
0.4054653472078021,1.5808143930940401
0.45062888864688155,1.4968771449059612
0.26843591989505483,1.6702491729353297
0.6157278519222681,1.13935065295047
0.2602978731458841,1.7107183573201543
0.2623895109944281,1.7377550330011104
0.31032875895341916,1.6792337022275552
0.30200478048215457,1.6456024469928712
0.4014194651358764,1.5656032738660937
0.2927099099607093,1.6971165453962411
0.30461095573652397,1.6919822290681403
0.41437529807293455,1.5335591534446307
0.24902865130465832,1.6705992075685172
0.6457557647152817,1.1562667584109168
0.523085203609774,1.2627005355776586
0.2674152188147521,1.6643113311598934
0.4108482478289841,1.396783358921517
0.7244150203673836,0.918510102479968
0.6160406915070921,1.25651443213158
0.7778004640078081,0.7780499606682089
0.7555840945261613,0.8625370782670083
0.24602411763055257,1.7064840592093122
0.31802360248746475,1.6897594467691106
0.40598857674490385,1.5445942003781685
0.5186634829465124,1.2758041312613444
0.393646813580506,1.4332021930037357
0.45978508867210505,1.2672945282160764
0.3081963626925081,1.562390456445999
0.2879208667918668,1.6647876702704714
0.347109692473692,1.6093437956917622
0.5138729058645852,1.328759938243096
0.6221613691725189,1.1451208600820204
0.32636038939513373,1.6315668266397674
0.3128581132174152,1.6147270325576992
0.42711767927247857,1.5503228345152194
0.35690698217399464,1.5526331658570334
0.24550037234013225,1.7302075495708165
0.4150093777837206,1.263940846339711
0.6278319540318765,1.2227783737671223
0.5035885267275115,1.4428931157403162
0.2719700396509922,1.6386106305824655
0.2877676811271881,1.6016948891514273
0.656332473832663,1.1283174593893184
0.4287689341202323,1.5529765193449083
0.2947749593872093,1.6477852349582733
0.3959336304724998,1.592335562238416
0.6610377926387544,1.1238782530438005
0.34025326308054626,1.5258018577822112
0.4483772322066071,1.3334180746551507
0.5119797382695896,1.3657133988427086
0.5383271206152324,1.297763633583371
0.27258626286029297,1.6112795874039327
0.5888170218238798,1.3200703630265795
0.5754983236722028,1.2268407819720828
0.46025771183332187,1.1114260147466313
0.5368091277699126,1.3699555571260338
0.3210706254697509,1.5508409211131418
0.5882795061447558,1.2480748197328608
0.4266078433330724,1.555644922236056
0.7222391049531276,0.8527066050302533
0.5671271150073225,1.2583061718854807
0.385670528632336,1.6293624017584427
0.24990393535717007,1.678391759318224
0.38718009877896464,1.5155672617085008
0.36072483183240195,1.6489615364034158
0.5566692038593065,1.3126147691506644
0.37979957577061807,1.5772265930875713
0.4683113450185026,1.2643194377745008
0.27276919984870035,1.6942960802128488
0.5907441376793318,1.2248669113376656
0.6278810115949895,1.1834017536717
0.5117190178001357,1.3601361515099415
0.451797873759346,1.4525384978499023
0.5552133319967547,1.3692046632573038
0.4670248018035274,1.0954496756969458
0.506012122818866,1.384461355688674
0.3345580854267887,1.5584575114977643
0.5932331554566422,1.175473571472956
0.6886927685903826,1.0862115642040269
0.39553604004065906,1.39804709026409
0.2589425464397432,1.7007175896702105
0.428669928506907,1.5518843969050762
0.6132145592292223,1.0203073101234186
0.42215158464036273,1.5453993372096972
0.4498134117706745,1.3207785150360472
0.42035040364172543,1.5701314083435647
0.2538108487979132,1.7235144240822944
0.29664505703413313,1.577759621353897
0.3900497091474392,1.5681888532439066
0.36868996967210654,1.6234518585122384
0.2440458765373349,1.7419929445072904
0.38824714788475884,1.426125545492882
0.40325747243121596,1.5211474576579656
0.4953904831113284,1.3850019938215783
0.782768798468675,0.8370491597806222
0.686114797369549,1.0177729330321759
0.27326497910972136,1.6687944990785137
0.47123137065455367,1.3802407144372286
0.6315129942510804,0.9584236867052712
0.47185898521072056,1.430409723330856
0.36066898310001,1.5230038754921087
0.7656576978167203,0.8937813424975558
0.5238894473879402,1.106903397383923
0.2566949133655518,1.7268235503689708
0.3758235167724925,1.4914872101254437
0.5416005715950203,1.1012423723671578
0.46513538947861494,1.4952148577297484
0.62083568421191,1.1950975218451474
0.32431566401819506,1.5375847389290966
0.30682465846729645,1.626464789203248
0.326616098805564,1.5388181981721938
0.418620489094757,1.5881641365048462
0.24595765118546692,1.6771247860853518
0.6684058559402025,1.024115354413952
0.39120024877804893,1.5899917155934709
0.2692414532805579,1.7030438089657773
0.6472264289068337,1.1194403088337912
0.2797972191978388,1.669544951586587
0.7646280737569445,0.8643514331941577
0.36470606212046347,1.4520179859594045
0.6424364272801236,1.1591816989331292
0.46016405395382337,1.5390131437524148
0.5671545961559823,1.2698761202285576
0.24678721575898277,1.7374159045421695
0.5639743787535333,1.3597530561726192
0.5907393196766794,1.269896523680514
0.7494513550605275,0.8999709831937314
0.2505082022816025,1.7287081782420866
0.4965562272383932,1.4329003771538833
0.3247951726451884,1.6488187968444121
0.6100794463029183,1.2077395160583746
0.4698515064058001,1.08803128029884
0.6549469205045098,1.1611691517823486
0.5402378644167097,1.0880329253955794
0.7296466231246844,0.9951895392359885
0.6756074811195059,1.0426336414346502
0.2874942789452397,1.6402627403840284
0.5122338648264966,1.4140725480231549
0.4318519614238054,1.4061523146021215
0.6274880192875705,1.1819960236247289
0.32771940449631387,1.624048538331114
0.32800012205037027,1.5286510664948976
0.3381839708144641,1.501950235636712
0.39421787867629104,1.4866034825363361
0.4798134840951242,1.4657748801455894
0.517196372359226,1.3386655014491426
0.7388926100681253,0.8552368670410435
0.22565101602067683,1.7224019587203836
0.3080494403415414,1.6221203404887155
0.35748752926117877,1.551404226518106
0.4418720756011976,1.5179469698756285
0.2829543422950812,1.701608325653801
0.6194698186418117,1.2131180893655593
0.3739595392277507,1.5352785165068448
0.34499618958690625,1.5490002956955833
0.2536045675596885,1.6884840917748707
0.524505008020095,1.3445698792664258
0.42849497356610494,1.2527216790008957
0.3460000280011151,1.5213778587247837
0.2760988787338996,1.624157405003946
0.4510239994984632,1.315553105451095
0.48401968840509285,1.4009720673626356
0.4912983537542907,1.3649161997392114
0.4644111196081489,1.4881021989886756
0.40562081374747255,1.5364082770143273
0.40691747118341676,1.583085204953352
0.3589659937856196,1.641936149138288
0.6030522904712454,1.1879669278713645
0.48406262801766553,1.4005194408067745
0.32727764369280576,1.6300098239453849
0.7686137290219567,0.8716008837401392
0.6079305051774727,1.2891908328567199
0.3328105623073393,1.6000042108375028
0.6003762995646945,1.0729420381179768
0.4057378512440326,1.5521880904538872
0.2666929557529004,1.6906634461710837
0.4011489271047186,1.5278529909184169
0.26160686131565625,1.6884839064766475
0.3934288685467769,1.3817015961566035
0.647017928635854,0.9353134297246362
0.7805367007361704,0.8714989431091005
0.7504224156986365,0.9302244613809872
0.37858917695813105,1.4369882572339219
0.3726179654071507,1.6582371947661705
0.5547382549695996,1.281358725039055
0.26979641949358363,1.6446755693359978
0.6937627344274182,0.9637717696320446
0.2630302977812099,1.5837202636977867
0.3928079946096068,1.577292376272082
0.2969346920665831,1.6858546018873448
0.3410501995145966,1.625226551195
0.3801279856525041,1.4806108494074448
0.625646380854453,0.9833425481930351
0.47428124552462797,1.3190790048399852
0.31128911630927597,1.6249111504372429
0.6196648798630462,1.090344170014129
0.5739932860126531,1.338410904838512
0.2707494961326318,1.670139116756423
0.5344886993131149,1.3295390695616496
0.29333931931143814,1.573949777896963
0.3971340052981417,1.5862789919673308
0.31511899687978484,1.639827160574243
0.41414776999850994,1.570354636861936
0.4453211968938348,1.462150642456308
0.3064370941104772,1.6067493671212036
0.5548215211983144,1.3280876531927648
0.8064457596473374,0.7190344629323707
0.31231637659383266,1.6620326184717544
0.33439556170080925,1.5165433105717443
0.33282059704091904,1.5933816275835242
0.33614829616818387,1.5472483264211578
0.4620377766412063,1.2802569601863696
0.5580167164609002,1.2922475996699894
0.4670665098165945,1.2634832297854208
0.47916674124269126,1.408590116549555
0.3538461741702218,1.6491004202350399
0.2914420467266866,1.6086264186042576
0.26128342031871576,1.6725168909968966
0.6108073616833647,1.1509234082591355
0.5147780621493413,1.302559750944949
0.29408902386623487,1.6991095125024187
0.28459380529732375,1.6521439705691332
0.4863367488031401,1.479779164352077
0.8248310892237489,0.7152176035521791
0.5527295532138152,1.20327609380263
0.6063694952533938,1.191463806586865
0.32742791022552875,1.4690163344192497
0.5442280216249125,1.073675985198586
0.4114535992621106,1.53862756217323
0.3106068338547367,1.5222516586438004
0.5077192191805968,1.3988384480180192
0.2897301701382925,1.6275815298761904
0.44319493108355507,1.3199365276135666
0.6150849074283181,1.1589451705221503
0.2975984456320533,1.62246414889641
0.2729960252336263,1.6448792499568483
0.4966540693692841,1.3370634542225812
0.4479781700159069,1.5044631118176253
0.3354828997202854,1.5907655572574115
0.5805954016400556,1.2520693273429582
0.2473706845935107,1.729869587197404
0.5109971919534103,1.4177770463172714
0.47738175320438125,1.4508514123006488
0.39648965310023765,1.466232657963171
0.4336021430200387,1.5486756151061405
0.4941416722518983,1.2206937837810796
0.41774471674025987,1.530609664850442
0.4481576773939113,1.5152748186655733
0.7069936167836279,1.0456829582992968
0.5842461452020369,1.2064563683822822
0.7570352462134395,0.8496237628807258
0.3530337279441944,1.6003523844365561
0.6735583290344167,1.134962657495178
0.5408716730184914,1.3531755826370737
0.41300057664443335,1.56545812616769
0.27751015613830143,1.6587078621578573
0.41862439705502813,1.5183622662382779
0.5924543917393152,1.2901626519196938
0.29804440095765034,1.621824419172523
0.4533880307782273,1.307780792393871
0.7336546596776979,0.9155333283245818
0.5952431419991626,1.197243598902621
0.2862950624171366,1.664257036902692
0.49798889993550693,1.399074671757999
0.447097358232193,1.4958550489700506
0.2641058063904273,1.6829108025107204
0.6364027509895025,1.1877172169068557
0.5861383013068949,1.17931817434483
0.5956247746239408,1.199017387422756
0.3665310885568617,1.491672231189689
0.26555934391976366,1.6880436983488158
0.6325692437303404,1.1641448720312586
0.482178232589517,1.3531294138950984
0.3441126379695725,1.5642485931711547
0.5358074202133201,1.0661824897816645
0.6427876941013949,1.1130782695382289
0.5718837065250864,1.2635012707649698
0.4861652341270112,1.3960234423015736
0.4455613274296693,1.2926059186605245
0.28194543175713255,1.6673753834846128
0.5091586684260296,1.4195917096680526
0.3284522616452107,1.6028406993467992
0.30826648226761416,1.7171446787344626
0.4690289633540079,1.405354186553401
0.438016364465127,1.3809421475938881
0.2952873393252421,1.5924613337366043
0.39235596331140216,1.3449473924155277
0.3383848898979651,1.5784113013571988
0.28328585550029994,1.6111796438493406
0.2887290694368925,1.608432896093765
0.6326712100441636,1.2058614038736555
0.31068758101973326,1.5974269058095727
0.3685741008109477,1.5697691032882615
0.4032580220734833,1.5788536751860789
0.45166012729261495,1.3138799045676426
0.5636520802974533,1.0626511175048359
0.6235596078743797,0.9482185903707953
0.3746598020009506,1.5934255315359271
0.3941804421512739,1.4511996400506024
0.6101596495182982,1.237840798058759
0.4209296722004891,1.5422413988176658
0.5428740511884824,1.1562422181146854
0.7225684382443929,0.975418645918565
0.47588160342341584,1.3277392841494453
0.6252671359500763,1.0905849744267573
0.4352329191313587,1.5735519724170137
0.2476399161953206,1.7326979234781539
0.4335606505692533,1.1984736490945433
0.5065898161764671,1.3866273623161214
0.3328757354529295,1.533921894494972
0.3897626735532985,1.5007412406567506
0.7270647246232336,0.9113871132688798
0.517329176616205,1.3145780654954808
0.5382953789109501,1.3781867982221179
0.3250900898143534,1.6625097922692154
0.23144209720694434,1.7178271361805988
0.6880016387086633,1.08707007046181
0.40653181234424224,1.5980532149373112
0.599165464365624,1.230025897507116
0.6146240901177384,1.228788869800308
0.22414810583885109,1.740369521803772
0.4920117527209846,1.2262362937433686
0.6189842800351194,1.03170036987822
0.42892423357107395,1.504148050181617
0.5031931761635136,1.1859416059510992
0.3910948954862211,1.5594167387842957
0.3462958867617084,1.4262662323150388
0.6595546402136556,1.0939424787673162
0.3792529800697617,1.5792825465083216
0.6911399907475666,1.0305377291485227
0.3275264918001695,1.6076963989001463
0.2619516843485803,1.6300080586922214
0.6282097245988755,1.234625117303108
0.6958908975858714,0.9862137990201932
0.5952262212446404,1.2546595506724134
0.4020365337832972,1.5774861836186072
0.30572552145808546,1.6166760871023511
0.33936704626761166,1.6785463675561179
0.5595641221745897,1.128310405666626
0.4054943121057928,1.5764417121810168
0.31607074928472895,1.6763916986423884
0.2608677680090667,1.7137945282223823
0.36434136355771823,1.570238620976466
0.25343953642056777,1.693068645460135
0.2538199052074159,1.6772605023183667
0.32793687646280806,1.6512113026910051
0.3305036430739766,1.642420895336972
0.34991859587117047,1.5848894667421711
0.25981612646353924,1.688163375048658
0.38993729278232586,1.6019717653295604
0.49868567257927077,1.4234478180549686
0.35497389427889453,1.5562389222019828
0.7437450294769956,0.9379392506677393
0.3421103945580414,1.5474846750681956
0.2738432624829366,1.5931540625707838
0.6554126255792533,1.1560218072598238
0.6844542647425216,1.0676964280584367
0.5815740105626767,1.3276664861925647
0.43968487850065363,1.322853774289161
0.4913374862388603,1.4243297160244335
0.31924819975417873,1.6361597850866572
0.32035371738966417,1.628101046175897
0.499368652895025,1.1826692028694674
0.2657142671717292,1.7072026720853413
0.22297631221388148,1.7213255049744043
0.7808524088257547,0.8549204771003247
0.740202624942408,0.9747968223155479
0.5281722699484933,1.3430026720982666
0.4064362213439982,1.4617118996401297
0.22257134564092887,1.753529108601372
0.6528659541996745,1.0804082221896376
0.37266205182723955,1.6051316671864786
0.7864894970611073,0.8040416187683418
0.3667148432669287,1.461790393081143
0.5727582784832648,1.2506101320045877
0.446925068458744,1.4170472824825335
0.5396279167454674,1.2177615306183323
0.2663505136413065,1.6477220498039593
0.44613185347908946,1.5259991803046613
0.3958473123349462,1.59815166084485
0.48460141345493163,1.4735982507904783
0.31999124878958146,1.5888721997294812
0.6676147498752163,1.1033364655593283
0.34245117018470694,1.5629447030127896
0.3908851747962301,1.6058692844139426
0.2543494295855025,1.728913449331782
0.6621449936231011,1.0494806164261494
0.2893204351268602,1.669610989932233
0.44853349391722946,1.3917280777599201
0.6459518179921385,1.1186760440363361
0.2808339863752816,1.671658031048976
0.21498019817828876,1.7351088833033035
0.31546560026689663,1.545481828043273
0.2879286707477807,1.709810354405388
0.322187493153111,1.5814190801254657
0.6044740563724764,1.1810633760129319
0.4333797497749147,1.4337290000247718
0.21468882993740307,1.7278327736975516
0.24488743153765485,1.6635012952181285
0.39906631683435917,1.5377090754514653
0.3877346558668981,1.572633512572899
0.5289259590116145,1.3012427529689754
0.23733186140702303,1.7395487183175207
0.3521321101850235,1.5583975466865334
0.2476111899439661,1.6945633767078827
0.5762804574083364,1.1328168608842797
0.6839466251144521,1.0766394153738001
0.3403170729176908,1.6662473790588064
0.6482696075873895,1.0287018457090327
0.5424027220119244,1.3928097146649885
0.23653029749803034,1.7038653581608878
0.36352307048589444,1.6050184879768743
0.42514837033961905,1.2257525553621336
0.2436890005430212,1.7126850604834136
0.7042945445189462,1.0303161852435108
0.6052850466587175,1.224165858054283
0.29985201200442535,1.5976141949907212
0.5702106027658812,1.3213595072088087
0.2807628304024695,1.6447148563571892
0.5784312206246546,1.257219238666793
0.7253121824599563,0.9603562615131772
0.6516718864254903,1.144633293559359
0.36315417806534706,1.6271080400148477
0.3551512232553082,1.5813945076935219
0.46767991343002796,1.5180062786554154
0.3650946270137452,1.653317973723798
0.4912947876751789,1.2631040818276473
0.4771816128128183,1.4288501009457195
0.2828260848627622,1.6789244570600752
0.6034782793961475,1.2655368373865472
0.5301841895124378,1.3711595934400502
0.36705927897217894,1.5208646911266603
0.5310823779720062,1.221858107710526
0.7304642910893748,1.005354750291681
0.5654049984291888,1.3462327214810978
0.792040914920828,0.7972999297485146
0.2914910316203938,1.6204639367770421
0.467169002578645,1.456372069696784
0.6834956840457647,1.0715890967993518
0.2742982465322794,1.6846730624355475
0.35505677243112704,1.6235767519309756
0.44440283008664644,1.5191858912649732
0.224201766574903,1.7465620492004634
0.36620840556538575,1.4728897013128934
0.2922751550489583,1.60909887843541
0.795027090260271,0.8150178559373427
0.44598137588984954,1.5172057317672338
0.42361048447182503,1.4274039711477386
0.567901940937784,1.3205958968319975
0.29829276704900815,1.6608947871110182
0.7317403625386875,0.8423510694752327
0.3397637227358001,1.6099309297685127
0.33863225491567733,1.549580958745306
0.5429620241531616,1.3520986016601677
0.3839519215493559,1.5411934728803867
0.379966193332081,1.5385607064815716
0.4152338359422473,1.4170059486536615
0.2593856907348927,1.6950997532406162
0.6000259835057058,1.1868729425042974
0.46504584083526807,1.3439925461807902
0.30444431964182,1.4639602931294888
0.43234770508008763,1.4873779957781812
0.5282724958904634,1.3413602008012664
0.7201211775984825,0.9264511245409217
0.35060131677863837,1.4893458263650348
0.355674056948782,1.6207991897190595
0.6580941621477732,1.1177522655879228
0.31591179129912705,1.583060444629044
0.3795385980169794,1.4977961267787872
0.512620645718943,1.4072981151241626
0.39016382578862185,1.609095528737519
0.3136732239059839,1.6100265094414348
0.4208325024500588,1.5661805875888448
0.50949183181188,1.3884329674040692
0.364566221756943,1.6107763258288106
0.6079648686646616,1.2509630657976862
0.48115203491583075,1.2424240215585722
0.3133710683438594,1.6352902891500343
0.4220775481106746,1.5418423144518507
0.372409762667939,1.4675823517779572
0.2703014736130994,1.6719352296025773
0.7125872630355552,1.0418310898564602
0.6288461914215309,1.179560038294877
0.5190745781800993,1.1849586452450203
0.6828589146152722,1.0159074718015246
0.45846601363211104,1.5121165254382616
0.29533153626935843,1.710472941875148
0.3225179166846762,1.5851192924043813
0.3754800568334332,1.639563218134052
0.27394558640885835,1.7132857021199586
0.5532108702017411,1.3096333865248986
0.4011608012705583,1.5818015887967258
0.5473950225776304,1.2383217418309225
0.444359983167536,1.5399416326211925
0.563399860742321,1.2860386104296264
0.28056457977443494,1.5970220633190557
0.335471174699043,1.654091927595413
0.36064898453628425,1.6024279870006721
0.6836702267506992,1.0794954953657632
0.3619622020897689,1.5230639473550442
0.652687308750218,1.1636942282328409
0.3868899856230408,1.6006675223115965
0.3473025103247928,1.5729070267966225
0.38292234236485323,1.6249179425010063
0.4378384943608525,1.541621712647241
0.5209818157743199,1.2576562443647141
0.4264784744553783,1.5235038243005012
0.6657917215182364,1.1078263224716134
0.46432138834672143,1.2080314073152987
0.40611546778960605,1.5509246093791118
0.3410103487122976,1.6503394909206341
0.37837292580002063,1.5029808662598096
0.35051957435602527,1.5617437605888305
0.39183299526647575,1.5456185276225778
0.39178100886420913,1.5943345410943968
0.47712409790886284,1.4847244786755391
0.3388283364298949,1.61162360241112
0.40577642911384365,1.4647605302329465
0.7297357277452877,0.9795159791993642
0.33219255816472315,1.5400490992539093
0.5678251577859583,1.264551439305598
0.41425708343124334,1.4738335553041968
0.3320757076861314,1.6475098244258886
0.5199238028534376,1.3122818498030993
0.6118993035741315,1.1666942893394228
0.5151109242013937,1.24334973483842
0.5629404460337268,1.1292401371824827
0.45800543043290265,1.4600944967241012
0.6421240436522956,1.0576137041586438
0.5217338536245368,1.3997772317976018
0.5820048118240385,1.1998321973684787
0.39466758788068085,1.5972674088190721
0.34098408591865936,1.5784909661658606
0.46996378156643065,1.2116595960166456
0.39566426657806897,1.5586232392051844
0.6218681337123336,1.242035269995856
0.6048153721618014,1.2555080329279493
0.7234136239709746,0.9823362815103865
0.27311969372796735,1.6790637340998145
0.6189165060519747,1.2022058349241758
0.24748294907033785,1.7148219606664106
0.7117022825135249,1.0305793171629258
0.25225015624677016,1.7213964412513802
0.5796292190109569,1.2499801570767661
0.2553363794727416,1.6641225187168414
0.41820840635780815,1.2224965412572044
0.4867583135475896,1.2583876275530013
0.796598370225863,0.7660483545690008
0.5204314650089872,1.3439343785829525
0.8386831021365272,0.6187381319940455
0.5114100932937202,1.354208508850498
0.6098119090778262,0.9759949931098209
0.3308049394105001,1.4953541271117845
0.3475197270883612,1.614217983259365
0.4693184960757724,1.497826714591546
0.3248104365050081,1.5789319646609166
0.3345791925262061,1.6547102102654976
0.2891581489833236,1.6715492890707777
0.32598574358798477,1.6128242530260586
0.6600743356713654,1.0905760632264925
0.2269630323694337,1.7630174521099842
0.2860274115877035,1.710165754413448
0.3990940394446979,1.510758336508696
0.42709202931407625,1.5129810853476802
0.4603005516551725,1.3035574381133102
0.7886378814261328,0.8337768833786406
0.3285547813128693,1.520941721218304
0.5293935600367707,1.1405415942782255
0.4812649853736161,1.4207558416778048
0.2509296280444865,1.7245023628952878
0.31872622924757116,1.5689523871663082
0.3029818065555551,1.6810111096653484
0.5958766827122701,1.1744713928275519
0.3660291202246091,1.4418683232375287
0.26985492411481465,1.6471408737330795
0.5106816472288928,1.360364957970521
0.6567522268022044,0.9776584501119723
0.4255048557848296,1.422275072508267
0.4952420290745013,1.3244331734737718
0.40993712038998475,1.5368113494792839
0.5342883459372101,1.3933373813835597
0.3735618610909623,1.5438839581014552
0.4353884931618517,1.4733769510825556
0.22212314647178447,1.7652050187184192
0.2479404866671834,1.7252212776758524
0.6440877070650061,1.1705870466664647
0.4372943370345113,1.3786425562296616
0.27405042695188414,1.6023849528852705
0.2859150459142417,1.6459388625854303
0.7244851860545471,0.8492606678703196
0.3242157889108579,1.6880983198815518
0.56271833640624,1.3400761200913576
0.6291384112612594,1.1555699055875035
0.5431545831649693,1.1833237471507203
0.3828703049970753,1.5946832184433037
0.2655845383305186,1.543589350379289
0.2630423311643267,1.6356172481157238
0.606436116172936,1.188944501324305
0.2622941477904421,1.6559408911725062
0.3100721069387809,1.6865468017658574
0.373456348732676,1.5848709837251898
0.5358229493018124,0.9450133909645306
0.29437280753073747,1.655471575772992
0.27576044794020366,1.743696410440024
0.3782056930363816,1.6119841724966326
0.229096083053863,1.7574301511111206
0.47449267991758876,1.3648155615349098
0.5442290850534885,1.3888768526416575
0.38482815527095304,1.5142763684316614
0.23184467048168203,1.7669858939908862
0.37872646918432523,1.5307059266795937
0.45244232307233656,1.1768416109138093
0.27422826185278804,1.64282690560746
0.30787611078313176,1.6905864236322983
0.42803900952224316,1.4182664305797463
0.3969533487167042,1.6069288342140546
0.4340167135593282,1.533938432793318
0.5815569323499553,1.2392294464896025
0.32355687043772086,1.5556337743567559
0.6370975638629948,1.1857368702969682
0.4207993277572611,1.1763177450215119
0.3224977479204686,1.6774976200967189
0.6005076929792051,1.1842011869321796
0.34925537875801005,1.4499005142357122
0.5006444470488441,1.3621379052349785
0.3403710202208198,1.5936158250342878
0.3857825434021589,1.5681815751602608
0.2826025947591043,1.7078018859616335
0.6518355150724249,1.0819536873998794
0.5315672105251018,1.3779843459393046
0.7040241614600192,1.0551502321417923
0.7301619176861437,0.9422834091218775
0.5217845020582872,1.186803279427363
0.3738496121662477,1.5608786923953102
0.43488362520205026,1.5354800530958075
0.3480697486059165,1.5831742066034649
0.7084358418112708,0.9513852693615024
0.43270391019245985,1.4925300026495556
0.3687914551775546,1.623874057222832
0.41106345222281715,1.5703595819684566
0.5483398414820948,1.3111021842061437
0.6225299613413446,1.003668240351667
0.640044759860607,1.1267760303862138
0.6281005225005406,1.1162112024087567
0.43068622643503746,1.5488885614840737
0.3108894703749242,1.5834993603080374
0.5049373662471178,1.195768424697561
0.6288535204385874,1.2051706688307946
0.4879309175489251,1.3725800018840397
0.31943074712322933,1.6190195264238132
0.29881239289012956,1.7151828109316687
0.4408129931001448,1.185541159611915
0.663612965855692,1.143163009478427
0.3689738640986003,1.5789848453804252
0.5190073959105396,1.2444355031540761
0.570500362820498,1.1885306255952073
0.2697530882767757,1.6490025899053105
0.7815410450084552,0.8362040785848184
0.35617840468329165,1.4508185709261712
0.23829480982563858,1.7142908010644056
0.25143070642705706,1.693225341744748
0.6607964707627921,1.0493728541709895
0.47763894568999926,1.3712558760464582
0.42678731602351655,1.3013657862564358
0.43966118831346285,1.2164191973957452
0.5675291178346693,1.2673256675802926
0.5792207353487381,1.3023042782008245
0.5160308168006333,1.3372097733933312
0.4806085872992349,1.3729433573555614
0.4094005847602782,1.4789085886272426
0.377817846838518,1.4812875480527479
0.6124579158365333,1.201505202045113
0.5514581069040123,1.019574510891648
0.571558915675715,1.047630713313024
0.32774001115873014,1.6082866468057753
0.7667176589352822,0.8745662077823152
0.6253814622284238,1.0241593585005186
0.6613051755024527,1.1431226817631241
0.3033146923934494,1.663073643223676
0.2490632471190208,1.6875027294013696
0.600460709827859,1.2675104556371586
0.22825481074434933,1.7472800554828327
0.3866956429803142,1.5942554689480288
0.47920026652535974,1.2440571258600865
0.25950480171835855,1.722169831981224
0.5997489110651426,1.2892597782595794
0.5908323948856729,1.2160649614633212
0.552813617180662,1.3620837426695314
0.25368095523100487,1.6641747196475676
0.28617252340004334,1.6224885555970947
0.2464752399443092,1.6981921805655937
0.6603735551049431,1.0847091129800117
0.5938903134114405,1.2492662093388631
0.356468378873502,1.5703842988186087
0.8003187855494376,0.7714552784773565
0.5717427993864325,1.2328684541804817
0.24731152491916233,1.7375378820640048
0.4266634651283439,1.5260616381253929
0.24758616021932217,1.7039148331454925
0.6725891554007085,1.1417420764014976
0.36843514274909545,1.490109371847941
0.4541399620121664,1.5287812998513122
0.29755665878775833,1.7008393353277418
0.5141903254135627,1.3753456021072028
0.3536895520970962,1.631657817175705
0.41935382597365156,1.5646282343186004
0.7693856768756447,0.8776178044297256
0.42312471747419267,1.5316806423979843
0.31409318963873073,1.6242528481370888
0.22925654049651953,1.6930419763347835
0.662110427196848,1.1376567575621346
0.5318155084691788,1.3533019173239442
0.46613939750472794,1.49255319340259
0.5720717440686776,1.2244606571507086
0.41467664993515413,1.3432908245739124
0.5940170325841184,1.2799091238064557
0.3760605855220916,1.3984284499926047
0.8188638419274248,0.7405046147927838
0.3132827642473541,1.6248660090129703
0.5594445954768148,1.1407366186029002
0.4744557602124439,1.483254909059995
0.4899219658739042,1.1617485054164296
0.5140106932112752,1.4285937741615684
0.41651062431836616,1.5708427902590265
0.5924428260807351,1.2310452649013306
0.2843600622001677,1.6528666531878624
0.4276993090516074,1.5401450682254485
0.2653068741480815,1.7390859683242934
0.33079464644023443,1.5652652653630956
0.31135254153300973,1.6872854971100528
0.4762847525794808,1.5081389005554313
0.4291512084038734,1.515403542624227
0.289788887987476,1.7132124277040273
0.36371081868983657,1.4587749018458607
0.6158233933933326,1.1391532488349707
0.29804005011508117,1.6671564950965698
0.30103195476826305,1.6243423209487542
0.38871846669563004,1.383469594692545
0.6523838245409397,1.0398268812515257
0.5021826411634099,1.3559848204734593
0.5892207187564795,1.2171403346650684
0.4225252495292187,1.4634521406552694
0.5831890093204609,1.2293383341875352
0.8434285619649949,0.6646758090141098
0.40354245587867804,1.5503189497546257
0.2541468168944682,1.6925602629596521
0.5808765633781711,1.2365117441614384
0.3626263083742787,1.5312323032303339
0.5027559919700969,1.1388711671344551
0.23540979514003796,1.7243988419758118
0.7193882352444964,0.9701397798565143
0.31833841856760814,1.638277948605265
0.39018955776729425,1.5904657138562996
0.28432866231582404,1.5681041554983812
0.5365003958418927,1.31432064089292
0.30371045299962,1.6173017637725593
0.306035907813294,1.5971092200470158
0.28221555411473753,1.6501585899179858
0.5901017171768785,1.2085818678951528
0.36040096454219667,1.6462030451159861
0.2531242846456754,1.6597792077245386
0.40298487055809207,1.5874787742286633
0.4202102100642405,1.521178624379134
0.4985367286802961,1.3384932886983039
0.48514781262752527,1.2232880855815766
0.4865859035890519,1.383061340445928
0.32109004497593857,1.6076085496109638
0.25728764280975946,1.6866254878026403
0.49404577128411864,1.4273030875946586
0.42754631128817927,1.3990581324112699
0.3911477982493434,1.5313894408786468
0.2945705073463831,1.643028548578263
0.36585872701812394,1.520609987806186
0.49003112984914976,1.2808665362102953
0.5264439938928555,1.4057554905370164
0.7485508566212565,0.9232148703254983
0.24444498874280834,1.6863638282826063
0.34649987997034776,1.6095497421521845
0.6454674205353201,1.0608047195537103
0.7053804279176322,0.9752142381957176
0.30161775468485946,1.6418104902781265
0.6815506884941049,1.0891301301665366
0.2905708274515109,1.6384129833138208
0.38009774008146907,1.644038421986653
0.35704544442462327,1.5715606938388622
0.49450551722896047,1.4037454329915373
0.3559551074921114,1.5778615974203647
0.33864320814526644,1.610803325674847
0.3922124166180505,1.556282378159622
0.3359018979546533,1.6284435811176547
0.6534960365403149,1.024025107491895
0.41472363399597967,1.246758848733433
0.2942644372941599,1.6674071267480721
0.40584925520232673,1.564210661615968
0.29002571867924604,1.6348963773926386
0.34044287124139866,1.5426936084563645
0.46472491983825104,1.221671788641175
0.365373928098094,1.654557586462082
0.34827616667156086,1.6373533911103646
0.48696261434150795,1.4055215225571942
0.5957226447935035,1.0559177493275536
0.6020966050399614,1.2764632992279439
0.3259334718575085,1.6824623540296846
0.6208589249299648,1.1371551994388218
0.4814408905759056,1.1702783731313637
0.6978622393460424,0.9862579719245932
0.2853343729427018,1.6476346744549386
0.4283479597389364,1.4026095576933009
0.25571858603028125,1.6830437384135417
0.4141410800552925,1.5485239925058436
0.3688692718694428,1.5410462799359395
0.4089432178747312,1.3146795112020184
0.4057623722873797,1.3442698287752017
0.625110549907905,1.1922437449334082
0.37403586160585717,1.5718867131089604
0.6222189778711629,1.2081531062915272
0.305910301304246,1.6784633205695774
0.3960372878225038,1.5660637595370328
0.46034640708026414,1.0919982607549414
0.23296422943477013,1.7095665787794851
0.6742720643547147,1.0701763838164167
0.32531595381446043,1.6011662787904086
0.35497302521334523,1.4470149227406748
0.38276690679206227,1.5676999555715565
0.286725709543393,1.6969311742210391
0.40825586981076706,1.5792592660118148
0.516683516430606,1.3934441946125649
0.4224527286356499,1.5622123248918174
0.3968090177174645,1.5418914021615202
0.32618896422808524,1.610544647960416
0.7885265773657977,0.811579814732849
0.5118103770520976,1.3658048802083456
0.6037669999669454,1.2568938599713433
0.778072258969714,0.870246599818054
0.355632792268585,1.506369822269537
0.3998416405515212,1.5812005814670254
0.2813472771459188,1.6326576108250785
0.4461377701254159,1.4106689367918874
0.3484105891320589,1.5265964541319523
0.34822468898654374,1.4850445185047934
0.2569970559079671,1.6609995932723547
0.5169040720535704,1.0555201643174807
0.2123646078505503,1.7565718652370994
0.6812910368140727,1.0715333430235665
0.45174549734118574,1.4838048645763304
0.40422788764144146,1.5659721145091594
0.42146265596782556,1.55153037264123
0.2734812105677646,1.6515082327240589
0.2261417534528065,1.719141605030747
0.2707905631012919,1.5853180736848127
0.2554833706657515,1.6784044502784319
0.6853869818703642,1.0659959116448245
0.30342674848535434,1.655668168285504
0.4549978913341502,1.4605774850809343
0.2176909243842967,1.7299596901620538
0.38082762631788675,1.526949621645917
0.6386365110875762,1.1847782072319393
0.34110571471474094,1.4968795241155064
0.24556613226145116,1.6846820646106218
0.3476469860213566,1.6664908306621877
0.28646930224270534,1.6292720981016806
0.3242688463087298,1.6579384128223895
0.7777075734387803,0.8541306700463825
0.7721115924521905,0.8662116655966194
0.5506588131234788,1.3300038690780158
0.31527122145478165,1.6454601253873742
0.25188543341369884,1.643281454378496
0.5286189646053447,1.3763974267011059
0.2812098486003197,1.6424410753072036
0.2564948830681233,1.7427487050626056
0.4292074254102196,1.3268658378574478
0.24309276385695341,1.7098249179515401
0.699884162049942,1.049006039259601
0.6588278915454872,1.0601768940893788
0.5017793627562323,1.3136259342899392
0.5038591922051111,1.4126930484736178
0.6818175282049908,1.0107375805802312
0.676850985234232,1.04549250360374
0.7678289170208707,0.7752573607750713
0.266690412254827,1.5742949227538685
0.75053278289649,0.9204169935506451
0.35317241808661315,1.5903661582304423
0.42747165301297546,1.5783786413016339
0.49718342362174733,1.3898894588184831
0.41456816369554006,1.4419680873000988
0.6226981023914175,1.1943810335038956
0.2635463229658165,1.6050769587615545
0.5489963486236484,1.359331141557068
0.42026684215706916,1.5669278632958579
0.49267877622492945,1.3176552385334055
0.34260049879192245,1.579576846017057
0.502429523390223,1.2744977457151498
0.46127601397513923,1.2161978834560851
0.3909775793940998,1.3757514480043036
0.28984162947282754,1.6272712284107766
0.4972257854462376,1.4616907544748439
0.28067711295986597,1.6198061605535174
0.36316342864553286,1.5033632514245545
0.45014663974846186,1.5071387374386578
0.4006708201908749,1.4400454752988414
0.4521884851663602,1.5094158759215572
0.4256619564042608,1.3896362051336684
0.3448045763562729,1.644187238683392
0.733059544675909,0.8981501346607963
0.5794413917418421,1.254974785991521
0.4472784257477874,1.5181340288466947
0.2712493606254639,1.668437199606352
0.3054194214159269,1.5828432192697528
0.24950402697939103,1.7230094961090434
0.5738925288305433,1.3188513926986825
0.27581727276251244,1.6380931429351095
0.5172138092952215,1.3893849037768498
0.5406530523701734,1.3366351837412653
0.4058783463308517,1.5885034453780351
0.27011710656521715,1.67997885115783
0.6603361060613666,1.0956577452542637
0.666212720900243,1.107961121551493
0.4664311825222207,1.4422856191757618
0.5817335545367004,1.2892603812568955
0.3594712573880319,1.5490367950008876
0.35475461139855574,1.5283092494582533
0.5182514248018206,1.379436159692542
0.7824011842324328,0.8270774504561095
0.5856039724714089,1.287409447484135
0.3147686437118081,1.679585528859112
0.39703681328851337,1.589685618037196
0.25028040705666904,1.7016605374400238
0.2655955405114867,1.7349066580416141
0.48120784463400146,1.2508298284953505
0.40011074601415,1.61592991613862
0.5168505345585594,1.388731102542416
0.5423479089564531,0.9221423558230266
0.26950358608022085,1.6512472973174102
0.43930302891273465,1.4862728663819946
0.37707135378771334,1.4288594700355126
0.4517655826799774,1.3126368772770447
0.309691590226103,1.54217026119201
0.4010225800690061,1.588989034338733
0.42148118512504323,1.4310215322684683
0.3478036362192028,1.5251061215438082
0.6038323748533508,1.238487641455199
0.3446440523131111,1.5331444417174964
0.2557689096422599,1.7366301490419387
0.2998615782754185,1.6556967865894934
0.6993362363123765,0.9848535710730721
0.2345307705956402,1.7178398846792928
0.6514397985724313,1.0782394466309015
0.3674725748742754,1.527427026294434
0.8027803038857926,0.7913802746573918
0.2699909456648612,1.7073526661737977
0.41355099109996024,1.4554582078158391
0.37995669836857493,1.49835352832749
0.41226270469589094,1.4472126131687464
0.3451895197119431,1.5365890955572095
0.4914731514032007,1.0295798045027371
0.4173645452074515,1.5156904540185168
0.6364131243751413,1.1447504040870862
0.3684280600835731,1.4846966752011899
0.35024901486065146,1.598433571542269
0.2828084479072543,1.6239787401339385
0.39801172159333426,1.5529224971677564
0.5524313162853677,1.3687823283302694
0.6014503950909333,1.218239024055263
0.35477499000159485,1.5535565836055016
0.43307627338667426,1.2773666699489006
0.4730713526253973,1.0967757519802706
0.47602437448667617,1.4032113444240837
0.3461749657580688,1.6300118074456795
0.5067814931462972,1.3903750978066018
0.6627351359892292,1.016864399546431
0.31546104832643057,1.6392986962997522
0.4365894876260528,1.5312728358354333
0.3368462379698129,1.5879059056458256
0.550512780215652,1.1969704673224277
0.7570905186386775,0.7586562145121181
0.6818715658762726,1.0870524408746354
0.31421662679651896,1.6274041147667921
0.3502060078021486,1.5879296216092529
0.3591075113102894,1.5855868562136837
0.39863083118051457,1.5020714889742033
0.5144440836316407,1.1539565630232338
0.2853636387960456,1.6447700531605272
0.47727462752030253,1.4686752647473735
0.7623006756723524,0.8000772882504525
0.3069890672013311,1.689476668650948
0.497722150121074,1.3380797616314037
0.41386879478111527,1.458640657735637
0.4247079580929606,1.4515765250426633
0.7661595684880665,0.8234956911319306
0.35128154183291443,1.589134741234699
0.33598054358536783,1.5457612901001663
0.39664177349364116,1.4990000594136916
0.3067764407182978,1.6855953845865033
0.31716955581575856,1.6268831840867164
0.681293948608019,1.0857289205418479
0.4891110277105452,1.4265225048842014
0.37610268320828977,1.5276064505985838
0.7121072764662807,0.8931929488152017
0.48377001273024567,1.1958780961561588
0.5901731235727001,1.2835301186887282
0.6148449041805558,1.2641701534471008
0.31174360114983024,1.6291314475428302
0.443454566226852,1.336480910199473
0.5282524797017111,1.345826411887274
0.38233202583390513,1.4596217928467645
0.3308672871855722,1.5932473356865224
0.3824154753502403,1.3860420473611579
0.7704449678698758,0.8790281206360611
0.3574640257964794,1.4795153793142135
0.36159147171098477,1.5362645002268502
0.47077217216354555,1.5118067531744988
0.565634365129561,1.3385318832101551
0.23269994548781395,1.7582429152386108
0.3032988168545345,1.7008798020512006
0.6540387225782486,1.1654275997755943
0.6915756217736385,1.0558012121901996
0.5121858728135817,1.4020159548733033
0.4095999148553303,1.3108775887618762
0.32681026463498064,1.627462751062101
0.6097650142497855,0.968206723998559
0.32493308197787135,1.5231282760095144
0.28097367645760374,1.6794629579445877
0.48670070428599477,1.5109540475850383
0.42625614442043397,1.418455475471571
0.37311631037087273,1.610592241934582
0.32178636832675955,1.6269582696406546
0.4363188869670887,1.1690733997847023
0.43231965825589397,1.3009355240162188
0.4114741102879186,1.548523140753387
0.30796716491330145,1.6111326730126458
0.48469799754265186,1.4409971408611268
0.2910097008478755,1.6598331488635125
0.5914036200225625,1.2383290652837262
0.26660405742965804,1.6862104042786576
0.5433301181623762,1.2093569056391134
0.3818101903119097,1.49452513170532
0.32759789344516443,1.6800221602716112
0.5688561489413482,1.3240809317866256
0.3808941631647701,1.494578957279274
0.5617786385852364,1.2868867784105402
0.7925150413154313,0.7823312920545497
0.41387115759240417,1.3168527380766444
0.31005644842670915,1.5782389456021475
0.465870889450355,1.0745663031595427
0.3184226766376867,1.6001554132384654
0.30265172264109835,1.6522539536906982
0.41220950904997455,1.520888434733557
0.40757637188796825,1.4426208657711375
0.6242526993791297,1.1791101540409556
0.5234075212769276,1.3891495374365854
0.7404293164721091,0.9586271684323915
0.38168611508740435,1.5457954350335712
0.4490353189007743,1.4200318621169825
0.2998732773584968,1.64178172779124
0.31724753793770605,1.6341669600636923
0.6611012381767005,0.9586070683987041
0.43224371983486876,1.2451647529152923
0.3454665564489112,1.593702474069761
0.6608275453317016,1.1112742097936834
0.2883729579122943,1.694544297382948
0.5521402404671581,1.3638535275040298
0.3799453596474802,1.5853536800838213
0.4582637284183015,1.464823871998641
0.5772995608910751,1.2631493849991033
0.2935079276360583,1.5813758088348782
0.51135166117305,1.4223081931233352
0.24664994892208317,1.7482840325962932
0.23035807442337908,1.7427390889106622
0.7284820880942503,0.873456858366916
0.5155963254906536,1.399162256983888
0.6876610485697302,1.0684808773217025
0.3128476549716268,1.6379520765688014
0.4014831147477672,1.4469736405707945
0.3101715276810279,1.600329349672448
0.28813693452050054,1.627387427892379
0.4289666405290066,1.4308343841422162
0.30867912420282817,1.578642133815175
0.24678520152164748,1.6783588495440873
0.5862764348140239,1.2479431950922182
0.46977817754626716,1.4719109920710198
0.4314332314910703,1.560765494767341
0.38697577581289777,1.4526770612979498
0.4287971788733157,1.503560186106406
0.2540983688786626,1.7546788974316574
0.3226708216129295,1.5715456243245918
0.4576799552193394,1.4105082659746542
0.4581431165268349,1.518762331923401
0.3675914402998104,1.5662837191813408
0.22848997220858824,1.6762856431688695
0.322572891610935,1.5541082765692065
0.6995895058759167,0.9916896359880809
0.5723589188569003,1.2604731563726663
0.5009133295120619,1.2483623136586228
0.4814200562539317,1.356065712846184
0.830141384592724,0.7027745167117155
0.22413956232741927,1.7210197108033147
0.2449903256929876,1.7285625012654326
0.39365534315821804,1.4327608750306275
0.5506545001376192,1.0727945318215886
0.4034048421341068,1.4679305143795742
0.4969087665423985,1.4786256024144373
0.6084252294365126,1.2269714895750048
0.4217139789967928,1.5530723856731832
0.5407721065269858,1.3363924729705483
0.43012387899210763,1.4828694976958858
0.6358829039940931,1.1942938467211635
0.4034463800506732,1.3930189210871042
0.26803073682943734,1.6649067093989582
0.24982607033780593,1.6924184808578948
0.29005718153473964,1.6650821868473067
0.4249024197272984,1.5189080286464836
0.4246597334816199,1.4913453024427201
0.49198218935420907,1.401279981181645
0.5631746860393002,1.1587434541545933
0.27617714850983166,1.6270928511058627
0.7715502974446838,0.8633015544587364
0.515930080542149,1.394124243766936
0.5518942393296876,1.2881814445200994
0.42861076378175156,1.385610697155396
0.39749906425607345,1.564367536736712
0.3487044804637981,1.585307835855668
0.6431152272496202,1.1026387428256528
0.5247699636087907,1.3986632004845791
0.26850015493203744,1.6345638396797664
0.2575996353279459,1.7149625321196509
0.3217073963995108,1.5540683649502416
0.3145866382342297,1.6991494716126407
0.622521470167691,1.218835288569188
0.36611933031457566,1.4933220788199768
0.42708811313461165,1.5198825324707281
0.25781302139325496,1.6996507274314172
0.6691838165680544,1.1253499391285473
0.3620336460445605,1.6208088942644654
0.26012997673883426,1.7088913586457346
0.6979476918787464,0.9899499198657913
0.6010326918689229,1.2661549016316038
0.5031619263862936,1.4599180588704237
0.38922547072087793,1.555193222433033
0.6251963666271062,1.1891779152912074
0.679110139790364,1.1275850961540808
0.6301712088981853,1.1896054757307069
0.6612981705515064,1.1508721187244277
0.3916678560956305,1.5158983847336784
0.22903952511099354,1.724518949522043
0.640944019102209,1.0313206149684047
0.3000116390890051,1.6893439173560059
0.43950205778019963,1.3760847859002483
0.4332867818566895,1.5286598572364962
0.6578462723967183,1.1680525192968556
0.3597584873729208,1.4639862609325442
0.5492818507373515,1.2970922876670152
0.41402279900013644,1.5660464896682604
0.5493367604055873,1.1444847367585251
0.5539612875153807,1.0764124166813083
0.4062250777624746,1.4307177804361495
0.2817092028400112,1.6651188427174464
0.34648667004762584,1.5531550381168735
0.7501055618855181,0.9055348554041546
0.6033355985820332,0.9986246480756635
0.47954332136490313,1.4316159622705724
0.7600746228384428,0.8436174093066163
0.5446870519409102,1.269753523286845
0.3578203862319686,1.5898767159914597
0.43063178317222073,1.5109869825768136
0.6080911404178713,1.203248649998224
0.4958448509775995,1.2521535279645966
0.2687275514825541,1.6385155528809108
0.29595622925132004,1.6813759658352896
0.5857229242840373,1.2703641397883876
0.3254731745791032,1.6511297861669354
0.5426532753882303,1.0307178170300395
0.4697818678223844,1.4975177597266747
0.33706440482907474,1.5212582744890568
0.24484799778171057,1.7121938287975929
0.36757270047454194,1.5617911401780087
0.2164111326892738,1.718165747283233
0.3056229440017921,1.6166227481687208
0.29954351743784646,1.5183921641876474
0.3107923937697995,1.6525823777270956
0.3624951638176332,1.6396494031973912
0.3503543261382336,1.5282259155641513
0.4587003069952665,1.386782122563344
0.733898967254304,0.8844530279462244
0.7736059021140985,0.8875340135967779
0.49277733085738673,1.4245650225162199
0.2783529379169589,1.6779907139986006
0.6527749979661781,1.159235383323149
0.5934118157743475,0.9995491346406042
0.5054994524548868,1.4581939579369245
0.5058285344852412,1.449794941377315
0.5187523133830377,1.414759395402419
0.44064506549310284,1.1842504476645193
0.2926601037494529,1.611182116980973
0.733276197457363,0.8406154164128351
0.44840754124079274,1.4908777983150916
0.41211062589336617,1.571224700013289
0.42492867529558237,1.352717435914492
0.3371994580830543,1.5563825668985594
0.590095546475036,1.1948800650500804
0.3605109453329694,1.655829431099027
0.32149963031943907,1.6925909308480267
0.6176069396555963,1.13876184836246
0.3342283667887316,1.615665671336306
0.23724911659881262,1.672928273656407
0.25270402650440094,1.7523379173279765
0.3667424732519388,1.414125542392816
0.7243754794323473,0.9622807326669582
0.4723749230139359,1.499534791765968
0.6888272778038352,1.002184579184473
0.5845102173817087,0.9264585610209504
0.6694311512246239,0.9760490953956633
0.6280547891740612,1.2125396644220858
0.2578696806188385,1.6645261167550511
0.5792271125274285,1.2582736960852063
0.345342483577203,1.5226149283328252
0.3424113828524953,1.5725906723366772
0.4487622659120353,1.4072234553284724
0.5204193007307779,1.2224722577018503
0.5423207175511152,1.2623212325341484
0.37646799990590957,1.487805553467906
0.2965246920630193,1.5886458125966996
0.5036913330099105,1.420885581761697
0.42162297477823246,1.4983645185891852
0.36537688823847986,1.6358652369989368
0.634640026995884,1.2017433629580854
0.5170912915971888,1.4597554988949386
0.2607781553644172,1.68722360490649
0.2874516645833834,1.6417007002143407
0.7796841341781561,0.848832661909495
0.582355311148956,1.2357835682308698
0.5019095993566278,1.2765538384478046
0.3921419772513175,1.5045205306723928
0.38974798917012576,1.5253254330451065
0.463428257287963,1.3898818298486757
0.4553615563548976,1.438348751841099
0.7920603422576484,0.7881131721969494
0.3227375227195972,1.6743445160170543
0.40332601321072875,1.5902815539946027
0.5993987748863201,1.2714827208090227
0.30842829341936334,1.6620723189974282
0.5162626978882137,1.195895937373486
0.26087167980835513,1.6917011673259041
0.39854088949696914,1.3587388745300746
0.4286252523242733,1.4158370636710602
0.34638396127276744,1.5093172281522929
0.4836672381492549,1.2700950308445698
0.8066064354422576,0.73654206875786
0.28730459400333225,1.6291228424011244
0.6513502631293411,1.1595703341448922
0.5174472509115393,1.1727555501418374
0.27723730205948854,1.6573553429710999
0.47649787685764006,0.9933150022284256
0.40311472896660355,1.4147272410457419
0.3076666431008385,1.5437997350508046
0.44496041284059795,1.5128909901227154
0.354112644557947,1.4640350286009793
0.3725876651496678,1.5347566721829236
0.47526446674240175,1.112185163064474
0.5126643878893835,1.4197009140108303
0.32527080582306256,1.5634376580394356
0.5089531697549889,1.4660821590157107
0.3088921750811043,1.6331069953627475
0.5974681281183312,1.0808974818550943
0.46912350630141425,1.2998297780979051
0.667434933988774,1.087140295241599
0.3121745027777532,1.613391594771254
0.31129544237827955,1.615074490060218
0.5052417926319714,1.192649426421103
0.3651695008964442,1.4879664704025026
0.5634024477244695,1.3492345044524656
0.378923494897274,1.6315154988678628
0.6393188142509088,1.1814453789890211
0.2589441697559367,1.7191656994224782
0.4333590735819979,1.466241474251207
0.27040596239559966,1.7024648339018396
0.35372826664120033,1.6489361153792177
0.6977268757111869,1.0568875901517985
0.7245440638194932,0.971697215774931
0.6381320887781335,1.1868199109570607
0.31953753813791114,1.574098325261971
0.6242149498303978,1.147338196180275
0.29132678628430203,1.6226468647446728
0.4541184507229144,1.3966702155349786
0.3951814924901462,1.5302154941992872
0.4216111866175958,1.51774007114797
0.28546461735733775,1.6092953319414325
0.6351836632422954,1.2298434180243032
0.45589913467096094,1.527661436398681
0.37192914851996195,1.5544545540179215
0.6417301291749147,1.1340326094861857
0.6272117929248695,0.9808380712973251
0.6332053796904299,0.958418932229429
0.36425156248846285,1.5558158608502164
0.3359049203229203,1.6262940459632547
0.6335088485763204,1.1724805474291824
0.5476223322098285,1.362212929561556
0.37397920276618185,1.4372950034857075
0.2574049565758269,1.6877023104911943
0.31199399144094475,1.6114099148735097
0.4343909025034598,1.5346276109590105
0.2890117038332776,1.6129579307149187
0.7426085135034873,0.8811972727573792
0.6850446523754937,1.0422540901148747
0.8062574626411672,0.7893563276344404
0.35705685519429053,1.582500020352305
0.3477565934341466,1.6352365164317813
0.37972861655338774,1.3366808548439686
0.3357049024847348,1.5448622432014034
0.5595790838151683,1.3683931448220292
0.33897757317814814,1.6677866774251364
0.6848452399170433,1.0976971612245525
0.6426425314831166,1.0307214106048983
0.4787950431492501,1.3557995029400605
0.7077986100157228,0.9981374964019611
0.4932416381587039,1.3093898547038625
0.6752108219102452,1.090588015118898
0.5238384033383492,1.094455005782381
0.4748944267439966,1.444763015231866
0.32899969442300353,1.636625885611096
0.28112378935963567,1.672668014705668
0.4569783587980674,1.0919243480763121
0.25926016704962773,1.6930575541349169
0.5263634508578756,1.3741262267084433
0.5048075868931539,1.465165885342129
0.38484972574955684,1.4205879247769981
0.4911913837310599,1.3654557956877127
0.607415712446802,1.1996836199781384
0.6805943435519433,1.1185470268507944
0.7679116878227727,0.877821754754277
0.276078427613545,1.6588377538886663
0.38631612363693923,1.5620991750386786
0.30688781465038656,1.6875210558369576
0.2936417504936456,1.5915634668385408
0.2717189393275041,1.6856971638364404
0.5258829460295373,1.3657915246201453
0.48870714937130866,1.178444547031833
0.353523117611036,1.512341822827861
0.5971366274423915,1.0195811535364208
0.35781778873631187,1.6597418832875492
0.4578492307321411,1.4793370924659386
0.49751217038404183,1.4479154766357951
0.2846183677338865,1.7082009416414836
0.40783726423862243,1.5335053137322765
0.4641740137350881,1.2287841165303885
0.39542158616423473,1.4743269335001647
0.4567008212143666,1.370107509617525
0.4803618261810628,1.366092815154806
0.28653463941482604,1.5737265432761673
0.40978180240379725,1.4620663154205833
0.28157425015571036,1.6597547575382499
0.3125958626392459,1.703652163335156
0.630598710932174,1.1099245218673006
0.6247697549973907,1.07379325960042
0.47576010835825,1.468610756722039
0.8184501160573948,0.7589635525138597
0.4563058651742925,1.452516699536015
0.3883836718778311,1.376222620028145
0.45754913467303654,1.50167099094683
0.34787757923513346,1.5819412215193263
0.8148624905618503,0.7560598488162517
0.35944908755996346,1.6423382246296097
0.24772005627057628,1.678576788494292
0.6863498132047914,1.0438565550981862
0.6068941002640359,1.221698174020208
0.499572931440917,1.4076277851886592
0.721220014717948,1.0163784810831693
0.43017498552233907,1.4305739313220798
0.5992775017394197,1.205268248763238
0.64776149488804,0.9892415581100034
0.37406251898070164,1.4068965500779327
0.21903251060878445,1.7296608936294076
0.3747722603697068,1.6203040112819256
0.5928706689908392,1.313939447150044
0.5291947124628988,1.2727735271263745
0.43571454637738377,1.4621603410525674
0.23896191504121267,1.7064445835283126
0.507852550554499,1.3483539218216123
0.523179913237154,1.2115451602982552
0.5205174170914602,1.4114429694942174
0.5539230377728037,1.2323389229708124
0.37540450807009007,1.492583646173155
0.6826500074316155,1.0664233507498466
0.6896421533300713,1.0779988006446204
0.5948400356443954,1.205700249479454
0.3478771873282472,1.630426648168117
0.2870825020842567,1.6510901927087165
0.23043476034419869,1.734604456542922
0.2625877797349627,1.6856764480261948
0.32296726089159766,1.6339892963621638
0.37610987048777306,1.5947822408669126
0.263165354210866,1.703032440851576
0.5011906582218207,1.4368746767671325
0.45979005261971484,1.4819180779904277
0.4739943725548143,1.2769191360372092
0.41256643942982646,1.5194584762523347
0.3244502722870946,1.594976402971937
0.5371764763217886,1.100065831016816
0.7055915931599859,0.9903173076558185
0.35822704577576,1.2806363186594465
0.6295562128935341,1.065996139667062
0.2968042357811946,1.6403346950960471
0.2870301082959257,1.6694653282339753
0.4702857533776676,1.5159438206472433
0.5368718388129621,1.0877710274230814
0.5215365320107654,1.3840458998350993
0.4828217247012506,1.2349432623160599
0.334446693041463,1.5714851802223864
0.6422364675520573,1.1939247854457278
0.5838212546485514,1.070749878311078
0.3019192785586426,1.6062444949680947
0.7006192913565485,0.9781451374683056
0.24368163802462459,1.6859591136836007
0.3289900951986225,1.6988242675638792
0.2592262777011695,1.6233578546764318
0.2232723021707244,1.7053332744827698
0.5283885572026956,1.1251589949572751
0.5947301790543021,1.3027037073826784
0.33787464177442855,1.5866574796669077
0.3568321421904711,1.6044950463615106
0.7238658253765404,0.9969743030369089
0.3093921131469943,1.575840025658025
0.5994872228286335,1.1834525217057186
0.6570189694219124,1.1292193919937619
0.3053282909100353,1.6094137999151463
0.47227812638695027,1.3850854866345697
0.34286141361253314,1.562364904126942
0.41278731633579163,1.529102298215899
0.3171333164028098,1.7001315139919955
0.2652793866814049,1.6985521638552663
0.5119423912757141,1.308406028115532
0.37093197129206124,1.440113039972104
0.40650011474135234,1.5320528057412182
0.4258861381138201,1.5135152363321467
0.439718696519787,1.5686006103887102
0.47472470691618995,1.4135975035215345
0.47067635300714766,1.393913904951328
0.5330873064119833,1.362631759085839
0.8162127712009493,0.7552469448501149
0.2733185822499965,1.6934747342840202
0.6811007447036739,1.1040797957750026
0.5619879382313409,1.2829302138183984
0.3269797783594214,1.5783506433523846
0.4293646108052553,1.4919151819407226
0.31620283042181424,1.5209629943322431
0.4160765423961385,1.4873594233836087
0.28187107459178895,1.55528488525343
0.4328880965071806,1.3373400935939106
0.703026310801934,1.0372489652597063
0.33660131006681315,1.5825960811061572
0.343205821723126,1.5255643243897583
0.32960554393098807,1.6123913447051375
0.5652869028950481,1.0961719384347857
0.28734738337128535,1.6729581074332387
0.7056321434278858,0.9870898371509571
0.23640393040550278,1.7217209427534315
0.29017313174762627,1.6908260556550958
0.36617454041023584,1.5383223131877137
0.40180621931436933,1.5295463063933004
0.29264250864109914,1.653741153344054
0.4829834981239896,1.2206770757236707
0.5782171283386479,1.03898622003822
0.26959662228226744,1.60936660545787
0.5865929117265247,1.290173391915645
0.3869979068106305,1.494228571031781
0.45985170114520774,1.4542478555897933
0.41884631995352806,1.5496384947887698
0.5907767341761856,1.2971160429976434
0.535602230647581,1.3164089846798377
0.35401720106330786,1.6262006797811992
0.3863255431769707,1.389239520223002
0.33542800840517756,1.613827954705021
0.6211813425831326,1.2238419912233103
0.3798425023316318,1.5800211482728281
0.4559118012939628,1.2185624063619578
0.6059575963285272,1.2400874644585547
0.3943523898456804,1.3716162794961893
0.32649102998163865,1.5849663485052183
0.3159091534447859,1.5581304024425306
0.557981627783583,1.3443529962920104
0.3837942525017374,1.547094136431516
0.5183195205885158,1.357249690518245
0.41954630684244704,1.1420063417219637
0.6852103594292368,1.066739034085427
0.5140945960776366,1.419549667174708
0.48603023563362885,1.4062712558087282
0.396047173503501,1.4884094493718787
0.7345454514569413,0.949002097359797
0.2606594819106424,1.6469382112936433
0.4497647587531119,1.4182544513800202
0.5143931541170581,1.427439745019836
0.3219342096230866,1.554662460450831
0.40184410033209444,1.1710912919194387
0.28342614866162374,1.6649048924136671
0.43403608772255586,1.5448394437562127
0.31126206537551976,1.6904268188458236
0.456188641223938,1.3733706617188919
0.5248442277758458,1.3130539554984768
0.6052419706088102,1.160794663426944
0.400736654430252,1.4894085729911595
0.22513437969667263,1.7313533521435418
0.528041993463279,1.3590485255568483
0.31652148603423524,1.6252386395907295
0.5040186587355279,1.4261025512137362
0.7130099832558391,1.0213801121446706
0.6963770063512943,1.025552708234664
0.6218981942212586,1.0052383697987486
0.3792088302748275,1.5147913423443087
0.4188844107428824,1.5421135707919809
0.2982751660620984,1.6135791586246495
0.6040820911189494,1.2341571285825212
0.7866420916888595,0.8293047987882057
0.2820182757726139,1.6275876271826746
0.3163214838095445,1.6562620012429254
0.34740977959509994,1.433164583188875
0.39596316986016666,1.6046391646614355
0.3293135954308774,1.6661550205005602
0.4085870790793168,1.552314800614971
0.3281562294626287,1.5387217171343017
0.6472773183149418,1.0855624762457994
0.3312012830693497,1.650632695317863
0.5471171392105277,1.1310627315397124
0.4056414042921267,1.3097998042434644
0.511329692741422,1.1962598028399354
0.41028306649647256,1.3781324142776399
0.40232121758187944,1.593676707951702
0.45798860910255335,1.4855589283058663
0.2923695225748309,1.6353501938326993
0.5998077975258258,1.2708756587197405
0.3606995189386088,1.5648953241686567
0.5549750649226387,1.2806885790575628
0.5160806413925647,1.351054313844927
0.2504080899314676,1.7254694908934671
0.39398615838229667,1.5151042353886883
0.3261393250135786,1.6591022656700773
0.24746146733301952,1.7519460980207553
0.403397041804071,1.5425023567290892
0.5291468207946537,1.390776190347488
0.43654361261768193,1.4153092089415504
0.40680599037217385,1.3435795441429876
0.22650000372646698,1.7308261268264964
0.5141074984737071,1.3553876638208386
0.5012112854847445,1.4486236376569182
0.4787652912556284,1.3195328937141515
0.6152766450826224,1.1502258049562275
0.32537547428796976,1.5812192203725868
0.5781613438861772,1.2776201072288669
0.4216944431920204,1.5378424255721228
0.267292156269041,1.608878842902317
0.25814702027323494,1.7285039335491168
0.38730808737986505,1.403361295137978
0.3651298071551604,1.6242183096592369
0.46056848955236823,1.4422839997813406
0.6393699371232945,1.153229803334588
0.4117991198901617,1.5299991128548964
0.5503266386684239,1.1321811443829959
0.38956750465116535,1.5810310502767504
0.3965651905103947,1.6103614193909732
0.3542387994101476,1.6277145882618869
0.37179700945586286,1.4957810678787649
0.7354673239228017,0.9351143060319117
0.6547542740673159,1.041535962538136
0.3580049738186865,1.2569203943329936
0.239652097682123,1.722466755669438
0.25906209124121116,1.7013400526549045
0.3146515667667512,1.6484884320930115
0.24136604153593486,1.733680246402765
0.42522260668670114,1.3249048523655937
0.5595894536207836,1.3442034652884969
0.2371584025536257,1.7485265164337795
0.3154565151792685,1.6665860642646069
0.6126817322315058,1.1514550601510671
0.3858283420924306,1.559066110023934
0.5467133642068235,1.3124055206714682
0.43900495572136533,1.4233613293279872
0.345539253454123,1.5053788920409992
0.36981005966241365,1.5601263357253676
0.2656815784271088,1.6499455495569832
0.38666761943066436,1.6027619413533842
0.6037230413445372,1.1656526211483946
0.2815375802596065,1.6868820796691524
0.7594989504037672,0.8686736732420425
0.6015335785579004,1.1996995484960482
0.5888689184266477,1.2896868193847184
0.5228415591776986,1.3761837060420525
0.42187813948399666,1.3337071123902124
0.24916719904505596,1.703415421476326
0.6135128175566484,1.185249201450247
0.35078443482584404,1.667904258912532
0.42532670639256936,1.505342867017234
0.3095086749127704,1.65522757274512
0.37541258820961854,1.6033592900439442
0.5611252648695849,1.1464718281043031
0.41053534578792383,1.5118150465646991
0.23618374949349463,1.689327453884275
0.586290651741918,1.2064917131090693
0.252690273821606,1.6516344834745111
0.48447638634674683,1.5049492999690572
0.627835863685713,1.1627889062802248
0.3093668125740557,1.6412959370058187
0.5628038739298107,1.349683944182983
0.6487391586221962,0.9884700221528433
0.37531895116932845,1.4851748665756968
0.4569314351311636,1.4136141909773787
0.41255538048042534,1.542039267668574
0.43559002704548355,1.4683739592301026
0.30398627316191945,1.5807640140606976
0.24367809683043692,1.7440040657062434
0.43097127458271667,1.4997435936303996
0.46181356959968467,1.495517256878672
0.3047831789032996,1.625382079131847
0.4897167766364809,1.4827280182721996
0.32387767198162676,1.6462200915988148
0.3193472101686218,1.6314047221395733
0.3532186627428164,1.5597651538720603
0.44275846411908715,1.4930076562220422
0.2352460467078269,1.6682312686287157
0.45526923095122296,1.290368325534307
0.6456974533969996,1.2009169292274176
0.4364898977290838,1.2904726554329473
0.3913952492999362,1.5366351431123308
0.3000444342386524,1.635455823952758
0.2860323692406619,1.616435441895744
0.6649109123742462,1.1580763757585388
0.5280240430714725,1.1246062131395522
0.37579270828517397,1.5545722798741168
0.5400529040495478,1.2962433346451174
0.6242615969186114,1.1986796021653428
0.32640888233319587,1.6810201778201819
0.28737796916835334,1.691059808526461
0.4888773446581305,1.4851271467712595
0.44103373272871477,1.3456607497605932
0.2316743038135916,1.7247144230476372
0.4115659336576676,1.457538318828576
0.3662219280414395,1.4357305473739155
0.5905932765751002,0.9102397517654583
0.5240693055097188,1.3519758480677389
0.5576266161093627,1.1493461033579289
0.5632433183976574,1.0363707289074493
0.43518817670444093,1.5016774969634046
0.4365251100501893,1.2476254904637507
0.5141667649167125,1.1548293498676996
0.7186890894838277,0.9201491727453133
0.43984012937859324,1.2795465007218993
0.2691675763112262,1.6747872814864464
0.33991096019836653,1.6311212267284518
0.5750272191998569,1.2067463513355752
0.4732375273414997,1.3142845117845219
0.25184975314603303,1.6896948251761297
0.4919431101584491,1.1634485550074034
0.3579175228220093,1.5690673361100025
0.43135561255989785,1.5080527605798686
0.3629812777283488,1.5348686117874422
0.4150046000560075,1.4225787568070398
0.3121402477735168,1.5850094352797752
0.2672463994451104,1.678900476452563
0.24902692459251738,1.7334065437378299
0.6438769769470468,1.1879435444464015
0.3600833985386187,1.5305628413142403
0.3293398338573549,1.65661928886952
0.5424178313011369,1.2337328981039195
0.5767801532016948,1.3077590490873985
0.3603008250457249,1.606906649668527
0.4979424589986977,1.2837257796705992
0.35060566440507523,1.5345086273296944
0.5274415449127173,1.3790084432421932
0.330239965179803,1.607789626947677
0.6883212513123833,1.0529268915986123
0.294545041027151,1.7031224245262344
0.5488509732968705,1.1531231369718666
0.6146025770890972,1.2513680022259617
0.38297325364589097,1.4484640645961135
0.687962625539791,1.0500916836685366
0.5219153284086266,1.394091753291741
0.3115684272924182,1.609928281197016
0.5989094800755892,1.264031542325494
0.512524654539392,1.4386057262276903
0.43891639066632926,1.3921775118641473
0.5901365435019555,1.0797853590887878
0.6240830590965414,1.2130904453062594
0.563283705849231,1.2766475045700363
0.6890595418923675,1.0709479621903653
0.2224850549745914,1.750291322322335
0.27084539761723325,1.730528934813547
0.752542243090886,0.9219150018057645
0.30472997402866936,1.5571590024987318
0.33401209727652453,1.5139474289273054
0.7809505491983,0.8008186083232105
0.5303819120857441,1.3042648481973202
0.40956042325471337,1.5762676519825771
0.517557841396374,1.3541906106059023
0.25767181220428687,1.6871590350163164
0.5479798812370054,1.1332553382865556
0.2578942366500444,1.719982560079356
0.6464049725612142,1.1720158177100695
0.4318653444813506,1.5447765117450567
0.36855209811709644,1.4537203847423164
0.39030122385495725,1.5532540772413004
0.3682652139159935,1.3518955845649527
0.3036712862889775,1.6309407054077376
0.6127802670675111,1.12187261338148
0.468405770239317,1.1719357441412523
0.4872955163926772,1.326326659186878
0.39154782199432736,1.6068682075773812
0.31582396534912127,1.5076668411373795
0.27321958551874714,1.6897879419773785
0.7466691306783619,0.8245919388401899
0.2599071956131303,1.6695097120012576
0.4276323957205557,1.550719370857182
0.5655601414629993,1.3023367157122925
0.3614166247584425,1.5701710269918232
0.31624769116739887,1.553548234259671
0.5360365130415095,1.318442064705141
0.2903674411635101,1.5489412760676833
0.46657914555361674,1.4374566970163043
0.4136480734896109,1.5301673501258979
0.32603103458433436,1.644779477063702
0.28393191851496596,1.6429864563901209
0.44058139923414963,1.4767356255058317
0.3748589252095202,1.500364082524226
0.2918072362031047,1.6160277994096268
0.7290548917322643,0.8395106866374596
0.22719379389995717,1.7091015919195085
0.40725036456804353,1.5354976950478563
0.7565376616131099,0.8924139754570575
0.34540465919003444,1.5556932726156045
0.24570866547116518,1.6729178936930296
0.6324292374337145,1.1657949538743377
0.3919898971717268,1.619436547520607
0.4060849350229638,1.4354858342246355
0.74320692365782,0.8588327614783677
0.2620484202515386,1.6882340231590245
0.3548444550971132,1.6013911856585152
0.33880258533603247,1.6290250761739489
0.644114612555187,1.013656328084222
0.4736378788666831,1.3725450567961408
0.4360375156594241,1.5250580974002597
0.32065391758395845,1.5856391926889017
0.5417057711142949,1.3254612912051285
0.6488423621001502,1.1773915799111212
0.5611380728697075,1.08532541327045
0.538106969083651,1.3483797581816082
0.2510975377710879,1.705754969686279
0.5389250655265356,1.334689476316389
0.3316668815534927,1.6506530925903224
0.6114903154007519,1.2066607411780659
0.6696436583677396,1.085404138043998
0.5234067524811485,1.3935927552226572
0.26416476887222146,1.6719402000063293
0.2373313950235666,1.714311660810811
0.40042942154031186,1.4750700267808865
0.3813751098540684,1.5917965334515691
0.414771440981104,1.2174089046754666
0.270693626010607,1.7136408646537666
0.2375115111931692,1.7653590037867695
0.41604226207400274,1.5297750646815216
0.5159806688495107,1.355491932314186
0.3305770282263129,1.5372477108878841
0.39345969326811114,1.510440491074455
0.5057918128013152,1.3970949872839162
0.5077124209483703,1.4360431279997374
0.36915793461342844,1.6478340482813971
0.33910855576528315,1.579886637765656
0.44737409858590377,1.327387886856696
0.39110975334821774,1.572193125547423
0.3152796611671642,1.6085319436066432
0.6836344617406117,1.1177041322486116
0.5536599935090325,1.2978809996888454
0.35326885206031733,1.5811526937203098
0.26147072900543,1.6441463702280064
0.44683818968031164,1.3606006107079152
0.6586268847305096,1.1316702181888934
0.29366830360632246,1.644900396520002
0.45105643225503395,1.4373033736465612
0.21993372087448285,1.7278398883282957
0.5713977482841004,1.2576274553280662
0.2852017441795016,1.7074413062140983
0.4842627759669377,1.4898977557178694
0.345921292564589,1.4070622002725321
0.2964996612764364,1.6765493307840504
0.2987027539619532,1.7199749372442903
0.357822853848827,1.519209511353349
0.29965402039460876,1.6117624326779683
0.3567643580746803,1.5753833913225472
0.30496130251715514,1.6831285758805195
0.6600293112099715,1.0571419799249988
0.25600730320998927,1.675180199818202
0.3256415559399033,1.4289480253161784
0.4934643435048516,1.2452034111512753
0.36855771238895374,1.6271560462035923
0.4831830139556871,1.3565560078004588
0.4428777648431671,1.4289020304547428
0.5033472108667671,1.4287055872148868
0.7075836122207958,1.0398176199086338
0.46325864365687014,1.318898048110855
0.335778910068473,1.698848087552261
0.4434974733920735,1.56884560661022
0.42449513589032223,1.5292326729992167
0.486721179935261,1.3488496767712177
0.45889039705484425,1.4844583820395598
0.2965103604120619,1.6996969046637436
0.5245560921868944,1.3182235222067784
0.4925684885444129,1.2824847859188149
0.5487211889336526,1.3200177400314306
0.22601699082518595,1.6892546622220395
0.3203681010330154,1.6219810962492804
0.2619136357719299,1.6865005470066714
0.6715075606032418,1.1033564516163132
0.5749991735648055,1.2662727999423546
0.7580251059039271,0.8442728558568886
0.5027554908540736,1.4210610457624653
0.2741796810477213,1.6606904989323996
0.4839715319972923,1.4866322792007294
0.48278548808796484,1.4658724774429956
0.3601359672865266,1.483416602376198
0.30715505089578204,1.6512198523092763
0.6842935010052216,1.011972691394799
0.3192951935029073,1.5229183825443513
0.47010818796179393,1.1740229556291326
0.3924054505200899,1.4171517006477357
0.3653753471686759,1.5191606083567581
0.2937669036666484,1.6668771115340717
0.3489312189928654,1.473527785989688
0.32892173764669896,1.5531638626185498
0.25261857281248895,1.7287964413235448
0.6523733605587799,1.18672769858455
0.34771582327525136,1.5434373808335773
0.5520154560271087,1.3050968366346711
0.42139897869475607,1.3612772583185422
0.5070392972233648,1.2926098473901968
0.4063153901859917,1.5693818445591965
0.2899516607357774,1.647199878531601
0.45245327883790853,1.3618148616924075
0.33541991611225275,1.6290183890241823
0.28372439461692556,1.7248903511018356
0.39578547474258147,1.4934610459490258
0.6845724168429966,1.013146067126916
0.5697712411961678,1.3294721839565984
0.39664719086853123,1.6090168104660243
0.5141719363127131,1.312807249522752
0.40344367715284124,1.3449102356894727
0.3872513892567526,1.551314348984084
0.6174691624860437,1.1476625945128034
0.40194473394395175,1.526704285905642
0.7040283710133547,0.844553833156932
0.36589176635068427,1.6266271843558728
0.2764493809501752,1.685038436143217
0.613055635917752,1.2375493268522133
0.3535386051181699,1.611736752332382
0.5588157319520061,1.29352297253789
0.43750180232697844,1.487305578098265
0.21676912522592404,1.757841674855368
0.7628440782606963,0.8971221223132748
0.5888566425961894,1.081587991760542
0.36450299223804494,1.585342146490996
0.24803807416434662,1.7067488809041826
0.42008249465167496,1.5280893175663741
0.5523842053024021,1.3418120770487882
0.5950638777563695,1.2274009902132217
0.7306637592237322,0.8696088422370476
0.24696166579631046,1.737947603060101
0.3256241676566305,1.5765568584757474
0.454757965920679,1.2048810598321078
0.2868830672596587,1.5537965185548102
0.42416248124950107,1.5240580237667294
0.5718901474248806,1.259361885710243
0.7226384559912455,0.9961741340536203
0.23325683127080227,1.6853382845867169
0.6349098205230488,1.2258152885429916
0.3617165359268825,1.5301475783597165
0.3116961816337319,1.5363046262424032
0.3840976194947233,1.5101371360935714
0.6497459833556112,1.1421687570686054
0.7727154856583793,0.8787271999925672
0.40129747764420526,1.5705054617475613
0.5371699540708982,1.363469509054195
0.29818252768887515,1.6410111560922087
0.30895628698184197,1.5222743863817632
0.47217331243649885,1.4605239045929816
0.5227873781728573,1.1151020608722193
0.3269706536835758,1.5965998220170632
0.5515428309559877,1.3048871949377412
0.5346253254236015,1.3468473824831682
0.5944936815011691,1.284636700839382
0.4970230387352912,1.3621990995919335
0.308136593391987,1.641309938617957
0.24636834733962673,1.6777675271439199
0.7137532258528144,1.020817933596899
0.47024787035620536,1.511029812322465
0.3289247679833132,1.6670654447448008
0.3602783087836754,1.5210253568413532
0.4205922914439382,1.368537364661009
0.3785936359209587,1.5941021331088487
0.41829473428908864,1.5737000719159546
0.4922930943827475,1.2980808460633773
0.25033343716192935,1.7005102350201629
0.5149439554001354,1.3433894209179031
0.4509040667640002,1.4546971599592038
0.6142118046756053,1.2000728657711743
0.3300221268892625,1.6196673439941165
0.6303521465208101,1.0837373459925586
0.5044710230056579,1.1585044794090478
0.34898841685962095,1.6096111807547
0.4862126515357715,1.2564474954421148
0.23684989410212107,1.7328552730467701
0.474632170848674,1.5141243446275947
0.3828752053298081,1.4817318929089738
0.7970678345338363,0.7817801063499135
0.2620821456087878,1.6818680475958652
0.32930443103476925,1.5482509085629577
0.6210377646684292,1.1211082441732882
0.262785217188441,1.6291707371600614
0.6990257993195524,1.037611889865813
0.3290985545404517,1.6694389901722002
0.406785100729935,1.539254950914404
0.3994057730026953,1.4364651460308782
0.4384774744994062,1.3124341967077844
0.28809838426315904,1.7178803156124804
0.32275076975380557,1.6641723931593106
0.32634007021151296,1.6382788759926943
0.39530904461118316,1.4192685806409777
0.40345725066948723,1.5337317974262326
0.6707717215791669,1.0481427045742853
0.4777569372946088,1.421909317314654
0.5047384259785571,1.1384285786775103
0.6769457703660755,1.1331092752270735
0.2472397037011435,1.7263569800012775
0.5033252380005083,1.3594640819148136
0.3650324575568509,1.5027065012446505
0.3890842912022327,1.5948970031741525
0.21397533712194064,1.7520335348044562
0.2714598772608541,1.6574321686715945
0.5542387461814147,1.2328183104954507
0.335338764519449,1.5827170997266142
0.5597648330230108,1.3055391854673055
0.460481612912014,1.4891876464938316
0.37532872116273513,1.4389494780677985
0.3195090925094884,1.6229948493557969
0.5141039846868369,1.439246025245606
0.5122426139833212,1.4542650857711827
0.5020065310139422,1.4666340519901404
0.24749044409950915,1.663602547016289
0.41103598349336606,1.519111478728795
0.3211756338897796,1.5719209993609544
0.48734209057537514,1.4620339887735623
0.45133294501298965,1.497813285603444
0.41866129629847865,1.5027701358538876
0.3941381049320314,1.5764708543819217
0.6037865554421303,1.251103533831858
0.24857614439784065,1.682173400270053
0.3070272112533443,1.6420693625355898
0.4948786130465268,1.4552895695970527
0.5230365486326681,1.2059111500235487
0.31375929903824434,1.6226787021584057
0.38827664046439503,1.3775159730984765
0.4920660388334316,1.4717832570447205
0.39352830249982884,1.3503843912575606
0.557323689409078,1.3669913673226473
0.45556177790420455,1.3738998746540028
0.446309747653935,1.3833044486088135
0.21461895482945567,1.7610052579293034
0.41709766102149554,1.50004302083983
0.3582904423539324,1.6169160911506468
0.620257366441557,1.0653024285051151
0.4171306615248641,1.438564276707542
0.37655406360908045,1.5410246934947267
0.5977072179153643,1.0517101075320743
0.813364487148061,0.7678291542565713
0.321570188515882,1.583407354254922
0.659400368268175,1.0913973672232908
0.45874979439876556,1.5073189944623646
0.2488723455798696,1.6992745623476093
0.36855835380333873,1.5078145831839387
0.617435365844561,1.0080899523250981
0.5050676031058905,1.3573438839464538
0.2586634879655032,1.647918605345329
0.5149555377187415,1.360552265919841
0.45219157627558165,1.4368978059542898
0.44756044970923387,1.480372673769293
0.24509407425503205,1.7465814862974356
0.3043586027102532,1.620711586376082
0.39553180305774,1.4925487604746583
0.45598135797078954,1.5567033325764486
0.5384563364963434,1.3224223516744935
0.2465946323401108,1.683218183124539
0.6265587998466777,1.1764360293602278
0.4222486937793781,1.5298428723396247
0.46279075796324143,1.447074944100242
0.5155191411722521,1.381419707187448
0.5490851766364332,1.347807504171667
0.53013502985397,1.3778304959888032
0.31625503848318764,1.5768978545140695
0.4287399953853852,1.389120209128022
0.4251830004143331,1.40985109846494
0.4243440604854543,1.5156513269735128
0.5181548758832436,1.1401527407488892
0.30503016936031413,1.658023217056464
0.41973243898480145,1.5304718436234248
0.24859521272143353,1.6467466941608988
0.46310387407318726,1.5375651990242256
0.19730638521146782,1.7844386515117776
0.5920290180899394,1.0689769947160777
0.5795905270873943,1.29890221528287
0.44484174223995243,1.3263327476924331
0.2790133961241997,1.6696790719436354
0.5895286923626312,1.233695767399296
0.32668789639926255,1.558635097682425
0.6849698456408201,1.0587757221457959
0.712476953709632,0.9301690660996433
0.31260464130520693,1.6173483577886643
0.3274417094164104,1.6008635660746005
0.5515700876547074,1.3752940846320318
0.7576914949060168,0.9240454851692238
0.5069786362820893,1.1845185445963353
0.4496534255194371,1.484175228195414
0.556635793047239,1.3427049421014485
0.4357542398784383,1.5811921382306606
0.372028342257236,1.4528065331321307
0.34453960218702356,1.5214411163444035
0.45479781926694934,1.3027075000833614
0.6816659919203124,0.9523316084693686
0.2865858141211368,1.6318194084855795
0.270909658957731,1.6584222750086235
0.4921576817911712,1.368644116347954
0.3160388984527473,1.587768629358978
0.3666568523469912,1.441864253578127
0.38425873658698767,1.5856109628722845
0.619071549288025,1.1214313283050654
0.28037144867052843,1.6794095038059924
0.49600862473902546,1.2165449960782135
0.596065229283736,1.1963975298512182
0.27587000245247656,1.6638000182624213
0.3908601797185727,1.5148904029028705
0.3952429278454482,1.5748790216014652
0.388000473149107,1.5941151689386328
0.32454446469585607,1.6100655185355328
0.6244666821557325,1.2277319136296727
0.23974675209706536,1.7615674582851812
0.32344868903599194,1.6386671762915086
0.550576591074092,1.38836473068452
0.6727093292679602,1.0562744484175028
0.5994489838917854,1.1106509574865475
0.5043613747315475,1.3626758679397777
0.46568293236757285,1.3563747921228462
0.3950482543788917,1.5590995510257406
0.36872886168960245,1.4199860067038255
0.6973780755739468,1.031774014545825
0.35778300247003525,1.5390290501146617
0.5140461244767563,1.3390724762432762
0.49704120296111687,0.973717413029751
0.26675550754881094,1.632439205318936
0.46393828164479134,1.3211931845317646
0.4186725943656972,1.4425531325788352
0.8021507314966385,0.7146979271491911
0.4762154725578811,1.4592810866671808
0.34278144600626925,1.6003463899324255
0.7171438716253973,1.019683505869571
0.3908231730548255,1.5061516431979345
0.2888784086348241,1.7064145936160575
0.2545259927415927,1.698208727369216
0.35388796612794177,1.5528741079490673
0.6318083913393512,1.12781110558168
0.2277213872576826,1.73138756306074
0.3052853922037472,1.6372515365398717
0.6766985809931929,1.0380519142954896
0.3202358792585974,1.6002435605141112
0.46670232697880576,1.426470366817296
0.3107713945788273,1.6743331843971814
0.5687777120913284,1.3129052949193336
0.6374185147463045,1.1358466375107672
0.28350925370792684,1.6859398748284513
0.4509205149220662,1.4539361139972447
0.5937245294660409,1.2437244776614433
0.27249511022247647,1.596647338711834
0.6164555586537189,1.1457162722662835
0.5078928625973169,1.3938326216023031
0.47981222374848276,1.4859378109407244
0.6082039598280424,1.2355920665031936
0.6438427612331545,1.1788149338223122
0.23701537480027693,1.7625506149839527
0.49236617705091645,1.1909410778924268
0.3766781823663287,1.4523466896333836
0.47384500455627476,1.257060850932197
0.4282018918001367,1.5736376738653013
0.23555610871002106,1.717791962191407
0.366822219432265,1.616089624634593
0.52372590920677,1.3887586833977332
0.471595018800873,1.2593076365244205
0.42116127355842026,1.353967785229415
0.456753027086568,1.5408692679620182
0.2779076177433724,1.677853963273177
0.6716874379721884,1.0763992173460881
0.48849387825772134,1.3078322031132683
0.4807361558572825,1.4863098209494292
0.5109388549696742,1.3715517014782654
0.7852008976752326,0.8181842172691498
0.24903067447937338,1.674163680805678
0.3263152222526534,1.6811209976398647
0.2233548320762647,1.6922777204564967
0.2575308550581638,1.697657741795553
0.2932721013798834,1.6075451431023893
0.2844734779019594,1.6954253703121815
0.3570191735088969,1.5634428741542292
0.6868379083783618,1.048145202691755
0.2504333067919643,1.7081113658416116
0.36204865291627975,1.5509015042704934
0.5307755773622811,1.2932160665975179
0.3168704675561467,1.6410586235306444
0.3490921633981721,1.5638297426789443
0.36502555530501185,1.6356106922128066
0.5437516584699477,1.3513340140501344
0.46387392320021775,1.4022852124392393
0.3264762447212415,1.5866831327970856
0.38003062642304974,1.4586119917761848
0.2712816017783159,1.609483083175035
0.3957611369312832,1.6120176618198563
0.31330703206232785,1.6509381448439542
0.6425950985365286,1.122976693847997
0.577603711529631,1.1034589322676802
0.3423509959162634,1.5759388067667375
0.4252523500904227,1.4981856617767617
0.4278168208491948,1.4843214547558112
0.39927660418824323,1.5366347738018293
0.2725886426550115,1.6833653532150545
0.6932724612635786,0.9729674713650328
0.531555509898505,1.3042891607957694
0.536039955757579,1.2028514313439869
0.45837016773390094,1.2586906641599507
0.33498650804452057,1.6062103143890247
0.6268301063564956,1.0334164605778589
0.6253002826304211,1.2247421512396286
0.7206986631522535,0.940285913361144
0.46797730683379574,1.2904011337456374
0.276945940401855,1.6530448573845553
0.5924198988570953,1.2605609860165687
0.4358818742363207,1.3256238037767039
0.5755914486853033,1.0861308300257555
0.318457846635083,1.6810275487075035
0.3102350878199892,1.6719499592173426
0.31046808996340963,1.620340405388385
0.28035386897487113,1.6584867051036842
0.42409701474525285,1.3770585689877448
0.2927153898944721,1.694421660977968
0.35444700102375404,1.605483367570085
0.7765350632613367,0.8626056856415388
0.4535214651087562,1.50209778386149
0.4074606753691915,1.5395938621144216
0.6249654488483245,0.9948467629399349
0.5823992458821647,1.2283103173552128
0.5877189651293789,1.2407710486619477
0.27051510024577474,1.6684348896827148
0.28243626900166446,1.6963236050138073
0.29592171197891015,1.5294538969481308
0.39847738916660064,1.4577472528887137
0.2790821075703732,1.6757866954088048
0.31258436763343034,1.5428607364567586
0.557102555246803,1.3330982208137487
0.3390476002539565,1.5876380994634567
0.3083158503752649,1.6107948369353395
0.36984723948229237,1.5969915242389698
0.32898332617890946,1.434519033113254
0.3616773509212527,1.618185282407783
0.7494223058344093,0.8911980535533282
0.47868660916266914,1.1711768571837913
0.6287542863081114,0.9731379867241352
0.6204852228798754,1.1928421854619153
0.3886339939971435,1.5773747647437795
0.3768273806561572,1.4310620986819262
0.5228885946150339,1.2850721288103841
0.33175973934079583,1.633073591407973
0.5079104195453412,1.4009776845329378
0.44975504581515546,1.471447464002597
0.33699081851443247,1.6010848705090386
0.2702449556156578,1.6724879945604445
0.624600368965465,0.9866031415998109
0.4838431402320567,1.3468105781657185
0.2904759352338076,1.5231158305705124
0.33750373549303947,1.6192885673229278
0.34617851505336894,1.6151032079165302
0.3130338119331141,1.6667420180535544
0.41419339960415413,1.5479695051523648
0.5937011560292157,1.1939411855828215
0.45498401263822463,1.2538397774538543
0.43912183416494144,1.5469881248311173
0.7342331643638657,0.8840901450826189
0.5850571621114565,1.2137824627111282
0.7331445464365406,0.9840642489237921
0.2442938801173792,1.7419373687536595
0.32046290970661817,1.700667317735648
0.37470255851319345,1.6346325374447017
0.28174795088727045,1.7179159801626325
0.32300352520342296,1.6059519299624017
0.5467253314435138,1.256751077422618
0.34393802381881133,1.4077930753660512
0.2690405585145568,1.6727807265597407
0.4536404795900204,1.399033460367018
0.5319664774752656,1.3386036009611046
0.5352058326950583,1.2164807271838023
0.6123132087510339,1.1411164179020648
0.6650912745393808,1.0769707118630687
0.5037288292422896,1.4433328113047408
0.31046303301668,1.669511150153991
0.38337743933977525,1.439678061662375
0.38806044442639226,1.533806380602956
0.26256279836060314,1.7161657171461175
0.2705457713722541,1.7137271800962142
0.36691985020523354,1.5878886935149452
0.24704003901556376,1.6890629202744176
0.3928020731372163,1.6066443848030663
0.2904164169672153,1.6205752102665612
0.6353295692722749,1.1555319872645464
0.32211868948541256,1.537621406352417
0.48948959170064676,1.4387287579702692
0.47172518679722414,1.3443443190715134
0.29508421845280997,1.5953342369350505
0.4911993628704173,1.008350187327967
0.5832733835252345,1.1762466165596797
0.5873579632686498,1.2891326978950672
0.4358719622533973,1.1692241818788813
0.3539231637380417,1.3536203916364407
0.5725598331843005,1.3053099098741536
0.31883325856850564,1.5770694174230626
0.29985999209104464,1.668653930585834
0.6199048434505144,1.0151717844934218
0.4992853195613436,1.1941561894959798
0.3607666448916799,1.5299271764034232
0.44262982050767047,1.5269010405251098
0.38948861303860133,1.5788651344914957
0.3612099855364681,1.439699138010954
0.6190937902097655,1.1817020442103756
0.27268929458153174,1.690454361483566
0.6827681163451422,1.1020781374114592
0.598435766533222,1.167712823597526
0.511391826991151,1.3554157474703308
0.35394350476090775,1.5809843370682526
0.32614729706259393,1.6775893301552953
0.4228845537803187,1.4408465094104654
0.6862725670732022,1.0667912519277816
0.7564236847076767,0.9254985350048891
0.2863339782617499,1.6767285154120077
0.21883932234885198,1.741211929742953
0.4051506215493962,1.5832228948706077
0.4106184204521546,1.3808045367460937
0.3743677239892338,1.489558998145173
0.30327643406427035,1.6736072173798533
0.44231157919796754,1.4621666050531414
0.42390764058923697,1.5575372269666587
0.3396788320896359,1.6173699805614508
0.6717283189903746,1.0842544627339648
0.27697258193547675,1.685082582570899
0.2997102218221132,1.6305429907000317
0.4321876083558011,1.5078223857529403
0.29195053689814165,1.5954212970535262
0.3001471464181483,1.6517155621404496
0.6986684487199449,1.0683058234477527
0.6084258681305257,1.1820501041688052
0.4066966016846385,1.507801065681955
0.3697571775191208,1.6206021332748641
0.4131904803564748,1.5274340656298397
0.3378177627010052,1.5389400896407686
0.36728992754970935,1.5382931315146589
0.2763497491783302,1.681892460434847
0.2618327144177244,1.6963432936286609
0.7500402825684409,0.9417517345660951
0.41865917338111724,1.5326441086768077
0.4323350442861943,1.4639367601204862
0.5048849707733165,1.4560332329001084
0.42524456700715935,1.302378540408696
0.572705988208994,1.2514315896003503
0.523152845799528,1.226125487061708
0.7275809965839325,0.9911417016508686
0.6589963385963731,1.0421164784589272
0.5322472549672457,1.3479040422987796
0.48733606268052443,1.416900536444409
0.37147240832311396,1.4952497577929373
0.32270446670118014,1.64836184554044
0.38141857231796183,1.5968451493951392
0.5685817158563364,1.2615558689861597
0.3834913767324528,1.4965409840802166
0.5878705620160357,1.1801233579363712
0.43477409804778105,1.3245090941243611
0.41211030568208484,1.281627152367828
0.2964144014913849,1.6277558183573118
0.5538050624003367,1.2593245199034082
0.2932138338967033,1.6003330189289904
0.38075075035355904,1.5282451890859816
0.4494873688242654,1.4885821701142667
0.4874155740550145,1.1101657575672024
0.6525124957725879,1.0878944556544474
0.5692242203702451,1.3325081759052628
0.2820530533835479,1.6688588973021288
0.411967813295435,1.2774132483982825
0.712592212112438,1.0303177668695598
0.4140319004750991,1.5701633394735328
0.5776862211850279,1.1114138189602123
0.3839057952470663,1.615230485282934
0.28273229313764686,1.6775608995614602
0.4538892122109388,1.5104436213383758
0.526598951294272,1.384606196507183
0.6927070092950757,0.937669770328397
0.6215788009319758,1.2196302421608403
0.4242667647053,1.5197173151236265
0.538269854646032,1.3423789653796887
0.4733341940400532,1.4842278100971957
0.2532747981717781,1.6608499823693865
0.27750616276599677,1.6364095181395721
0.38178277980814257,1.5780660441618342
0.4135587594757623,1.4170979361388767
0.44713694826699824,1.5421629657757863
0.5942741424654905,1.167945338122128
0.6263804588167978,1.206233815831708
0.4472015826918776,1.1708045365012525
0.39613196128153505,1.5735062164230371
0.679450247837798,0.9984861348878622
0.24162904980588235,1.6952923947679808
0.44464585186356065,1.28042023406554
0.5563896448018357,1.1256173420319036
0.49138998018785157,1.4368400738393177
0.4034289893974132,1.515710128063331
0.6101957189698302,1.1489346020972335
0.4354609098790026,1.496117723076992
0.4629389937919698,1.3417587876401758
0.4597867682630495,1.3429815708928694
0.3936906828559834,1.5320643150636588
0.5590948251791772,1.365406754720268
0.5163831133305149,1.0775231519431248
0.361190202614907,1.5970964389403342
0.3903695074985553,1.5886957259377879
0.5551429502588935,1.308987837155353
0.32496424164801163,1.5248985590682103
0.464531528350752,1.2789727649505291
0.5810018778208316,1.2662987357423257
0.38864265228422384,1.466474995481101
0.45806554346493195,1.3233331731156408
0.5042254739108208,1.4655298606863028
0.24962048056940828,1.6812188539920587
0.33132803645569414,1.6297310812376846
0.5561359369372345,1.2389749660540368
0.4889029041534803,1.27945280375927
0.2727867342065362,1.6344152479350402
0.5106496845464689,1.1720576794648077
0.32634333425022793,1.4781783593515823
0.7570183579126016,0.9165613058533124
0.33361010791736717,1.596563608102044
0.5303293251362764,1.2136116750927501
0.40381392524592347,1.5497420667950506
0.3546371381628112,1.451178326612192
0.2852141689179782,1.6527267484985328
0.4846172137310246,1.2602304929269472
0.5752489074881478,1.2301804398130414
0.417899060970606,1.5586725710738885
0.4774634761637269,1.2857208573730323
0.671716636887861,1.119943968186761
0.4640384389379654,1.3615391718733818
0.6476480783839923,1.1817355493723054
0.31181857160465976,1.6196255765275829
0.5028198330775394,1.4395680302885383
0.28882188756291394,1.7097735738555246
0.2437065254080603,1.7323218103257647
0.37226199093711415,1.5537426310218838
0.6642239363441809,1.069815328607111
0.2773106350223632,1.686411157521564
0.2614389340296537,1.7133369328006987
0.5076512744424105,1.2275185993372189
0.3152979912303487,1.6730676827194804
0.29982859652515703,1.6380414974217403
0.3293687216880793,1.573898742694455
0.6445358528282182,1.1277760182401164
0.5127191478444185,1.327852141064676
0.2500995396546261,1.6976021443987754
0.5855082386051329,1.2723090617073955
0.6611425991417486,1.1244120851879804
0.3033275056274455,1.5460354184865566
0.44486208326966986,1.243186552175274
0.39256480615078154,1.359917960036469
0.3279419753412455,1.6849907964099962
0.2729081703545443,1.6431204046253947
0.540173857932979,1.3232365360691272
0.5176761611218804,1.3549279286386888
0.39993585266778714,1.5738388875120108
0.6279740766347776,1.194912935518053
0.7095306788041843,0.9929335051538895
0.3895172364205425,1.6019798737434068
0.24917377743693325,1.6806708728583306
0.7629611179201715,0.8813508072394569
0.3781029154424658,1.4435042110861611
0.2839267531173535,1.7300465857017113
0.4083835816186287,1.5059001989702216
0.26611366481409354,1.7051883923204896
0.36033975165225635,1.4508775597344101
0.774030290262779,0.8502335633887416
0.26066019654607253,1.6682917411809315
0.5080123093039366,1.4565722625236137
0.3989481469470358,1.394983349421523
0.746225457463875,0.9442779190074523
0.5162597785540082,1.3019075066478702
0.6213974050582136,1.2106737542708887
0.24029720136182228,1.7608923188510262
0.49539810257873745,1.1952408170983235
0.7332563583693915,0.9203977080137145
0.6215023235741253,1.218166923311103
0.8202880390846498,0.7363047842396397
0.5162317132186494,1.4379953621122632
0.3846657358666584,1.5246239452986747
0.4488838647958802,1.4694350402377607
0.45004179479096934,1.3623938034707752
0.3114455724274321,1.5607894425456426
0.27324293492611423,1.7371335485938222
0.7094090153432584,0.9245507810146543
0.685591243148094,1.0306496917114893
0.7010489127616943,1.07140991171636
0.3022090041306945,1.6273633524253273
0.5587308683082765,1.2821259183147713
0.6321357664702928,1.1736511177497828
0.3705901530602508,1.6205619241698521
0.5718240430575748,1.3555314567778514
0.6219648538952214,1.0263522671145653
0.36468738491066416,1.49541896574193
0.596605483843009,1.1819136233184229
0.26629490227794206,1.695442392102824
0.4682279352763229,1.4689633651817617
0.29937225149112606,1.5715127060207768
0.492276477830298,1.1482192129164204
0.4529744129801964,1.5450686423867104
0.32990310505890297,1.6069580836989474
0.25372373717588315,1.7188603586251756
0.3278953687694627,1.6436106214253074
0.33152670982984916,1.4291352485002038
0.24669530530604344,1.6644697768145333
0.5524869270431796,1.2856892845300865
0.3681751429700578,1.557375115565004
0.6037267170327757,1.027225950877311
0.8330117803113903,0.7061135133943397
0.4738550846288435,1.473374218978437
0.37990778449142454,1.5678723878686722
0.32639150715119947,1.4970058724845878
0.5419833265563541,1.2360930035835522
0.29096971446154735,1.6284216641899374
0.4928034630900882,1.4534268291644152
0.2376284940493345,1.7089879357684006
0.3737563477624398,1.5369248293723707
0.2620190292954473,1.7493112656592171
0.3041477584459077,1.650146669080448
0.22766364275506673,1.726000805037727
0.28406565894518176,1.6828846898679644
0.5936057756883212,1.181986478061086
0.2830732627134705,1.697322649117325
0.257621523488615,1.6510867889106307
0.48377240451700165,1.2962432082196185
0.3559377609196676,1.5087348986177875
0.3757055177974898,1.6359745807161383
0.3734115708408829,1.6035041615686514
0.34417977494191093,1.5924227113837717
0.5161468495560741,1.1459965407963566
0.8184995948188194,0.7495396546549054
0.3431795639378585,1.648562930619159
0.2506373219030606,1.7451253188883133
0.2390544076703769,1.6980249461667793
0.3682524998573115,1.4593181962185713
0.5370341735383739,1.311251426260136
0.33650293102873663,1.6750898289486922
0.43161473917762144,1.4433929694811265
0.32657717357236266,1.5797110178270626
0.22249529667228762,1.7354900346272952
0.7040516554904497,0.9729212250945203
0.38014461079202383,1.4922667813379105
0.7133035958259576,0.8564616334258273
0.23098099717289564,1.7426494352633477
0.3948593367115355,1.4234652612978902
0.40095121339197815,1.5942573052681461
0.7230575945777626,0.9409458551061279
0.5969062043077948,1.0320136748733746
0.3692743667854125,1.5925529156599576
0.3618269445159195,1.4624631835449948
0.5916826305398422,1.2883905065534793
0.264690623235765,1.6874956630532207
0.5967794921213592,1.2774256212732582
0.6673342822440383,1.134391631863136
0.6085191165274638,1.1462561453148286
0.39906920091597214,1.3992253568397035
0.5372248538396344,1.189127062425031
0.27405521971445784,1.6704343759828677
0.6035149113862399,1.2874843679953731
0.3522301745059149,1.5883831528532542
0.4071633493013123,1.5688751723760201
0.5735762954999689,1.2283132198669553
0.28435511790820694,1.6745400942592366
0.4878019852973258,1.2880989370276479
0.3871046050249801,1.5708647179940434
0.4143861687977564,1.5836927985526004
0.3865212023228573,1.5346849598949497
0.5978842056693349,1.270956055002255
0.27021152283132005,1.6675714301689413
0.4514686119386992,1.4124537366145336
0.6710250397453669,1.042413914144543
0.5481693460462338,1.3010639000281277
0.3523904834034323,1.5539400364154539
0.5593156944996087,1.3056069598033153
0.2391162259739497,1.7314890927272355
0.3401533497782644,1.389593918828447
0.49036249140456417,1.4601362509856428
0.6842483645428072,1.0554908109961574
0.38159168156034623,1.5877803951236085
0.6904744215198303,1.0768373308981491
0.29833904946290474,1.592318700279737
0.6781711348178221,1.0748848838921283
0.4362250180205966,1.5140974653852175
0.7947650072983435,0.8306930209846337
0.3965186299463036,1.5505903362236921
0.3007407100308743,1.59086306235969
0.4325594714090986,1.5626845977364465
0.2496689749241522,1.730623166588654
0.3268115167715165,1.6030557922008748
0.3023233158379573,1.602279707469789
0.47131297262027055,1.494357715516923
0.7274838488891633,0.9372892685248582
0.3599638278045779,1.5362591440598574
0.6126764812418081,1.0191520104878147
0.4609160575086773,1.164312092975732
0.2993019554692985,1.6641645157507299
0.6200197391047244,1.1293242322390118
0.42931319096198217,1.5856929817892218
0.2664030695749732,1.6744609105558956
0.5592931119461221,1.2934775076033893
0.29842311605930794,1.6174031424672446
0.5509428175797394,1.3739444599924096
0.4907257558894366,1.403588630584257
0.32483372650003817,1.5945504379557414
0.38237014859444357,1.3888128824198245
0.44491892598482685,1.397419781529866
0.24805799767540096,1.7034120954113583
0.2507942041854508,1.7312095726750518
0.41349671906173124,1.1702782947794383
0.29015380769237453,1.5668754352438454
0.42030065593819166,1.333707291962536
0.4751747825748541,1.3036074793921184
0.5901331324227408,1.2053988890414482
0.5532122129103233,1.2954365902827674
0.41876403982038585,1.4913543656552495
